track_id,title,genre_top,mp3_path
2,Food,Hip-Hop,../data/raw/fma_small/000/000002.mp3
5,This World,Hip-Hop,../data/raw/fma_small/000/000005.mp3
10,Freeway,Pop,../data/raw/fma_small/000/000010.mp3
140,Queen Of The Wires,Folk,../data/raw/fma_small/000/000140.mp3
141,Ohio,Folk,../data/raw/fma_small/000/000141.mp3
148,Blackout 2,Experimental,../data/raw/fma_small/000/000148.mp3
182,Jules Lost His Jewels,Rock,../data/raw/fma_small/000/000182.mp3
190,Castle Of Stars,Folk,../data/raw/fma_small/000/000190.mp3
193,Here With You,Folk,../data/raw/fma_small/000/000193.mp3
194,All I want to Do,Folk,../data/raw/fma_small/000/000194.mp3
197,Piano 2,Folk,../data/raw/fma_small/000/000197.mp3
200,Baby Come Home,Folk,../data/raw/fma_small/000/000200.mp3
203,Song For R,Folk,../data/raw/fma_small/000/000203.mp3
204,My Dream,Folk,../data/raw/fma_small/000/000204.mp3
207,Piano 3,Folk,../data/raw/fma_small/000/000207.mp3
210,In the French Court,Folk,../data/raw/fma_small/000/000210.mp3
211,In America,Folk,../data/raw/fma_small/000/000211.mp3
212,When I Arive,Folk,../data/raw/fma_small/000/000212.mp3
213,Boute,Pop,../data/raw/fma_small/000/000213.mp3
255,We Want to be Old,Rock,../data/raw/fma_small/000/000255.mp3
256,Toggle,Rock,../data/raw/fma_small/000/000256.mp3
368,Vampires,Rock,../data/raw/fma_small/000/000368.mp3
424,The Ambient Honky,Experimental,../data/raw/fma_small/000/000424.mp3
459,Machines and Muscles,Rock,../data/raw/fma_small/000/000459.mp3
534,I Can See You,Folk,../data/raw/fma_small/000/000534.mp3
540,The Black Pirate,Folk,../data/raw/fma_small/000/000540.mp3
546,If You Have No One,Folk,../data/raw/fma_small/000/000546.mp3
574,Caliente Queen,Rock,../data/raw/fma_small/000/000574.mp3
602,Disappearing,Folk,../data/raw/fma_small/000/000602.mp3
615,"Immaterial, side A",Experimental,../data/raw/fma_small/000/000615.mp3
620,Arabesque,Folk,../data/raw/fma_small/000/000620.mp3
621,Blue Eyed Baby,Folk,../data/raw/fma_small/000/000621.mp3
625,Climbing To The Top,Folk,../data/raw/fma_small/000/000625.mp3
666,Heat,International,../data/raw/fma_small/000/000666.mp3
667,Sharpen The Knife,International,../data/raw/fma_small/000/000667.mp3
676,The Tension,Hip-Hop,../data/raw/fma_small/000/000676.mp3
690,Cataclysm,Rock,../data/raw/fma_small/000/000690.mp3
694,Planet Say (featuring Faust),Hip-Hop,../data/raw/fma_small/000/000694.mp3
695,Elephants,Hip-Hop,../data/raw/fma_small/000/000695.mp3
704,Mano De Dios,International,../data/raw/fma_small/000/000704.mp3
705,Tio Cocodrilo,International,../data/raw/fma_small/000/000705.mp3
706,Esto Es Califas,International,../data/raw/fma_small/000/000706.mp3
707,Cochabamba,International,../data/raw/fma_small/000/000707.mp3
708,Desconocido,International,../data/raw/fma_small/000/000708.mp3
709,Cumbia De Obama,International,../data/raw/fma_small/000/000709.mp3
714,Circle Moon,Folk,../data/raw/fma_small/000/000714.mp3
715,Kokopelli,Folk,../data/raw/fma_small/000/000715.mp3
716,Saxalainen,Folk,../data/raw/fma_small/000/000716.mp3
718,Song Of The Spindle Berry,Folk,../data/raw/fma_small/000/000718.mp3
777,Relaxing,Rock,../data/raw/fma_small/000/000777.mp3
814,Motion Passings,Folk,../data/raw/fma_small/000/000814.mp3
821,Sir,Pop,../data/raw/fma_small/000/000821.mp3
822,Tom & Jerry,Pop,../data/raw/fma_small/000/000822.mp3
825,Death March,Rock,../data/raw/fma_small/000/000825.mp3
853,Welsinsni Melodyi,International,../data/raw/fma_small/000/000853.mp3
890,Softly Tomorrow,Folk,../data/raw/fma_small/000/000890.mp3
892,Phantom Sky,Folk,../data/raw/fma_small/000/000892.mp3
897,02,Experimental,../data/raw/fma_small/000/000897.mp3
993,Or So I've Been Told,Rock,../data/raw/fma_small/000/000993.mp3
995,No Good Deed Goes Unpunished,Experimental,../data/raw/fma_small/000/000995.mp3
997,Nothing's Ever Ending,Experimental,../data/raw/fma_small/000/000997.mp3
998,Apparently,Experimental,../data/raw/fma_small/000/000998.mp3
1039,13 Monsters,Rock,../data/raw/fma_small/001/001039.mp3
1040,Dracula Mountain,Rock,../data/raw/fma_small/001/001040.mp3
1066,Helicopter de Cristal,Experimental,../data/raw/fma_small/001/001066.mp3
1069,Un Lagrima en la Discoteca,Experimental,../data/raw/fma_small/001/001069.mp3
1073,Onda Tocadisco,Experimental,../data/raw/fma_small/001/001073.mp3
1075,Painful Corazon,Experimental,../data/raw/fma_small/001/001075.mp3
1082,Nam Nhi-tu,International,../data/raw/fma_small/001/001082.mp3
1083,Feasting on Energy,Experimental,../data/raw/fma_small/001/001083.mp3
1087,Tell The Police The Truth,Rock,../data/raw/fma_small/001/001087.mp3
1102,Rare Vodka from the Fourteenth Century,Rock,../data/raw/fma_small/001/001102.mp3
1193,Wooly Mammoth's Absence,Folk,../data/raw/fma_small/001/001193.mp3
1195,With My Hands Out,Folk,../data/raw/fma_small/001/001195.mp3
1196,2 Blonde Braids,Folk,../data/raw/fma_small/001/001196.mp3
1197,My Burning,Folk,../data/raw/fma_small/001/001197.mp3
1249,"""Cleanse Bath"" 10"" Metal Laquer",Experimental,../data/raw/fma_small/001/001249.mp3
1259,Rolling In The Green,Experimental,../data/raw/fma_small/001/001259.mp3
1270,Cocksuckerbastardmotherfucker,Rock,../data/raw/fma_small/001/001270.mp3
1276,Richard Nixon Died Today,Experimental,../data/raw/fma_small/001/001276.mp3
1277,No Business,Experimental,../data/raw/fma_small/001/001277.mp3
1278,Downloading,Experimental,../data/raw/fma_small/001/001278.mp3
1417,Guns of Thunder,Rock,../data/raw/fma_small/001/001417.mp3
1427,I Feel Evils,Rock,../data/raw/fma_small/001/001427.mp3
1443,Time Fist,Experimental,../data/raw/fma_small/001/001443.mp3
1482,Reindeer Dance,Electronic,../data/raw/fma_small/001/001482.mp3
1510,Zombie,Experimental,../data/raw/fma_small/001/001510.mp3
1544,Song of The Stations,Folk,../data/raw/fma_small/001/001544.mp3
1642,Hrz,Pop,../data/raw/fma_small/001/001642.mp3
1644,Outskirts,Pop,../data/raw/fma_small/001/001644.mp3
1649,Inis Meain,Pop,../data/raw/fma_small/001/001649.mp3
1661,Only Fools and Horses Theme,Pop,../data/raw/fma_small/001/001661.mp3
1663,So High,Pop,../data/raw/fma_small/001/001663.mp3
1666,She Fell Through the Trees,Pop,../data/raw/fma_small/001/001666.mp3
1673,Track 07,Experimental,../data/raw/fma_small/001/001673.mp3
1680,Bashraf Salama,International,../data/raw/fma_small/001/001680.mp3
1681,Daka Kozi Manowe,International,../data/raw/fma_small/001/001681.mp3
1682,Nie Zama Nie Sema,International,../data/raw/fma_small/001/001682.mp3
1683,Mapenzi Matamu,International,../data/raw/fma_small/001/001683.mp3
1684,Mahaba Wa Taka Nini,International,../data/raw/fma_small/001/001684.mp3
1685,Eni Wana Damu,International,../data/raw/fma_small/001/001685.mp3
1686,Rufiji,International,../data/raw/fma_small/001/001686.mp3
1687,"Lala, Mpenzi Lala",International,../data/raw/fma_small/001/001687.mp3
1688,Sishituki,International,../data/raw/fma_small/001/001688.mp3
1689,Unalo,International,../data/raw/fma_small/001/001689.mp3
1701,Clouds,Folk,../data/raw/fma_small/001/001701.mp3
1702,Java Pop,Folk,../data/raw/fma_small/001/001702.mp3
1703,Equus Haar,Folk,../data/raw/fma_small/001/001703.mp3
1704,Morning Song,Folk,../data/raw/fma_small/001/001704.mp3
1706,In the Pineys,Rock,../data/raw/fma_small/001/001706.mp3
1720,Harken Sunshine,Rock,../data/raw/fma_small/001/001720.mp3
1732,Black Jerusalem,Experimental,../data/raw/fma_small/001/001732.mp3
1733,Keinsein,Experimental,../data/raw/fma_small/001/001733.mp3
1735,Ghost Science,Experimental,../data/raw/fma_small/001/001735.mp3
1736,Soft Beast,Experimental,../data/raw/fma_small/001/001736.mp3
1883,I Do What I Do,Rock,../data/raw/fma_small/001/001883.mp3
1891,Kids In Cars,Rock,../data/raw/fma_small/001/001891.mp3
1893,Memories,Folk,../data/raw/fma_small/001/001893.mp3
1924,Calling For You,Folk,../data/raw/fma_small/001/001924.mp3
1925,Happy At The Wheel,Folk,../data/raw/fma_small/001/001925.mp3
1929,Buzz Chant,Experimental,../data/raw/fma_small/001/001929.mp3
1930,So Thereby...and furthermore...thus henceforth...Mono,Rock,../data/raw/fma_small/001/001930.mp3
2012,The White Mice,Experimental,../data/raw/fma_small/002/002012.mp3
2096,title unknown,Experimental,../data/raw/fma_small/002/002096.mp3
2097,My Sweet Miasma,Folk,../data/raw/fma_small/002/002097.mp3
2099,....like bacon sundays,Pop,../data/raw/fma_small/002/002099.mp3
3263,A Date,Folk,../data/raw/fma_small/003/003263.mp3
3264,Tee Te Te,Folk,../data/raw/fma_small/003/003264.mp3
3265,Lavender,Folk,../data/raw/fma_small/003/003265.mp3
3266,Land,Folk,../data/raw/fma_small/003/003266.mp3
3270,Song for Obol,Folk,../data/raw/fma_small/003/003270.mp3
3271,Beirut,Folk,../data/raw/fma_small/003/003271.mp3
3272,Seadrift,Folk,../data/raw/fma_small/003/003272.mp3
3273,Redbird,Folk,../data/raw/fma_small/003/003273.mp3
3274,Forewarned,Folk,../data/raw/fma_small/003/003274.mp3
3492,On The Wings,Rock,../data/raw/fma_small/003/003492.mp3
3532,Heaven Is Human,Pop,../data/raw/fma_small/003/003532.mp3
3533,New Spell,Pop,../data/raw/fma_small/003/003533.mp3
3534,Cosmic Sing-a-long,Pop,../data/raw/fma_small/003/003534.mp3
3535,No Coins,Pop,../data/raw/fma_small/003/003535.mp3
3537,We'll Never Dream Again,Pop,../data/raw/fma_small/003/003537.mp3
3538,Say You Will,Pop,../data/raw/fma_small/003/003538.mp3
3573,Piggled,Electronic,../data/raw/fma_small/003/003573.mp3
3598,Little Eyes,Folk,../data/raw/fma_small/003/003598.mp3
3624,Days of Summer,Rock,../data/raw/fma_small/003/003624.mp3
3707,Stable the Spuds,Folk,../data/raw/fma_small/003/003707.mp3
3708,Thicker Than A Smokey,Folk,../data/raw/fma_small/003/003708.mp3
3720,Walking on the Water,Rock,../data/raw/fma_small/003/003720.mp3
3721,Pow Wow,Rock,../data/raw/fma_small/003/003721.mp3
3722,Swans,Rock,../data/raw/fma_small/003/003722.mp3
3724,Temporary Famine Ship,Rock,../data/raw/fma_small/003/003724.mp3
3725,West Alabama,Rock,../data/raw/fma_small/003/003725.mp3
3761,Improv,Rock,../data/raw/fma_small/003/003761.mp3
3762,Snowy Parts of Scandinavia,Rock,../data/raw/fma_small/003/003762.mp3
3763,Shelley Winters Overdrive,Rock,../data/raw/fma_small/003/003763.mp3
3765,Waves of Second Guessing,Rock,../data/raw/fma_small/003/003765.mp3
3766,Rhode Island Freakout,Rock,../data/raw/fma_small/003/003766.mp3
3775,Cumbia Infierno,International,../data/raw/fma_small/003/003775.mp3
3776,La Canco de Lladre,International,../data/raw/fma_small/003/003776.mp3
3777,Volant,International,../data/raw/fma_small/003/003777.mp3
3778,Calor Calor,International,../data/raw/fma_small/003/003778.mp3
3779,Rock Rumba,International,../data/raw/fma_small/003/003779.mp3
3832,Bedoin Song,Folk,../data/raw/fma_small/003/003832.mp3
3833,Track 01,Rock,../data/raw/fma_small/003/003833.mp3
3840,Track 08,Rock,../data/raw/fma_small/003/003840.mp3
3880,Crawling,Folk,../data/raw/fma_small/003/003880.mp3
3895,Invitita and de Cingheri from Transylvania,International,../data/raw/fma_small/003/003895.mp3
3896,Gypsy Csardas and Men's Dances from Kalotaszeg,International,../data/raw/fma_small/003/003896.mp3
3904,Sometimes,Folk,../data/raw/fma_small/003/003904.mp3
3905,Twisted Road,Folk,../data/raw/fma_small/003/003905.mp3
3906,Sometimes,Folk,../data/raw/fma_small/003/003906.mp3
3908,Caddo Lake,Folk,../data/raw/fma_small/003/003908.mp3
3909,Dewbury Road / That Time of Night,Folk,../data/raw/fma_small/003/003909.mp3
3910,Kodak Ghosts,Folk,../data/raw/fma_small/003/003910.mp3
3911,Dust Devils,Folk,../data/raw/fma_small/003/003911.mp3
3912,Fahey's Flag,Folk,../data/raw/fma_small/003/003912.mp3
3913,Memhpis in Winter,Folk,../data/raw/fma_small/003/003913.mp3
3920,Fragrant Rota,Folk,../data/raw/fma_small/003/003920.mp3
3921,Hiawatha's Lullaby,Folk,../data/raw/fma_small/003/003921.mp3
3950,Click Click Bang Bang,Rock,../data/raw/fma_small/003/003950.mp3
4013,Ravens,Folk,../data/raw/fma_small/004/004013.mp3
4017,New Roots,Folk,../data/raw/fma_small/004/004017.mp3
4022,Can't Tell No One,Rock,../data/raw/fma_small/004/004022.mp3
4037,Oh! Mighty Engine,Folk,../data/raw/fma_small/004/004037.mp3
4066,Soleade,Folk,../data/raw/fma_small/004/004066.mp3
4067,Por Rosa,Folk,../data/raw/fma_small/004/004067.mp3
4068,Alegrias Variation,Folk,../data/raw/fma_small/004/004068.mp3
4069,Tune on Karen Dalton's Guitar,Folk,../data/raw/fma_small/004/004069.mp3
4070,Nuevos Ojos,International,../data/raw/fma_small/004/004070.mp3
4071,Mentirosas,International,../data/raw/fma_small/004/004071.mp3
4072,Tatuaje,International,../data/raw/fma_small/004/004072.mp3
4073,Policia,International,../data/raw/fma_small/004/004073.mp3
4074,Vieja,International,../data/raw/fma_small/004/004074.mp3
4075,Un Momento,International,../data/raw/fma_small/004/004075.mp3
4076,No te Olvidare,International,../data/raw/fma_small/004/004076.mp3
4077,Algo Pa que te Olvides,International,../data/raw/fma_small/004/004077.mp3
4078,No Suspires,International,../data/raw/fma_small/004/004078.mp3
4079,Extranjero,International,../data/raw/fma_small/004/004079.mp3
4080,Cazador,International,../data/raw/fma_small/004/004080.mp3
4091,1864,International,../data/raw/fma_small/004/004091.mp3
4092,Nina Olga Vodka,International,../data/raw/fma_small/004/004092.mp3
4093,Amsterdam,International,../data/raw/fma_small/004/004093.mp3
4094,Vida Propia,International,../data/raw/fma_small/004/004094.mp3
4095,Funeral Brahms,International,../data/raw/fma_small/004/004095.mp3
4096,La Fin Du Monde,International,../data/raw/fma_small/004/004096.mp3
4097,Clammy Hands,International,../data/raw/fma_small/004/004097.mp3
4098,Russo Trap,International,../data/raw/fma_small/004/004098.mp3
4099,Stalin's Head,International,../data/raw/fma_small/004/004099.mp3
4100,Gitanas Mojadas,International,../data/raw/fma_small/004/004100.mp3
4101,Karjalainen Tanssi,International,../data/raw/fma_small/004/004101.mp3
4102,Herasinkuoleena,International,../data/raw/fma_small/004/004102.mp3
4103,Circo Del Siglo,International,../data/raw/fma_small/004/004103.mp3
4108,New Wave Hippies,Rock,../data/raw/fma_small/004/004108.mp3
4232,Bowmazan Ya Mahaba  Bi Kidude song ,International,../data/raw/fma_small/004/004232.mp3
4233,Interview,International,../data/raw/fma_small/004/004233.mp3
4234,Mapenzi Matamu,International,../data/raw/fma_small/004/004234.mp3
4235,Kanilemaza  Ikhwani Safaa,International,../data/raw/fma_small/004/004235.mp3
4236,Enyi Wana Damu  Sharmila and Black Star Orchestra,International,../data/raw/fma_small/004/004236.mp3
4239,Shishituki,International,../data/raw/fma_small/004/004239.mp3
4450,Adventures of Castle One,Folk,../data/raw/fma_small/004/004450.mp3
4507,Mon Amant de St. Jean,International,../data/raw/fma_small/004/004507.mp3
4508,Five Foot Two,International,../data/raw/fma_small/004/004508.mp3
4509,Haricots,International,../data/raw/fma_small/004/004509.mp3
4510,no title,International,../data/raw/fma_small/004/004510.mp3
4511,Petit 'n Mwen,International,../data/raw/fma_small/004/004511.mp3
4519,Golden,Electronic,../data/raw/fma_small/004/004519.mp3
4520,From Stardust to Sentience,Electronic,../data/raw/fma_small/004/004520.mp3
4521,Namer,Electronic,../data/raw/fma_small/004/004521.mp3
4522,Oceanus,Electronic,../data/raw/fma_small/004/004522.mp3
4682,Asylum (Permanent Underclass),Hip-Hop,../data/raw/fma_small/004/004682.mp3
4684,Eyes to Form Shadows,Hip-Hop,../data/raw/fma_small/004/004684.mp3
4685,Ever Somber,Hip-Hop,../data/raw/fma_small/004/004685.mp3
4688,Culture for Dollars,Hip-Hop,../data/raw/fma_small/004/004688.mp3
4777,Firecracker,Rock,../data/raw/fma_small/004/004777.mp3
4778,Too Much Fun,Rock,../data/raw/fma_small/004/004778.mp3
4779,Secret Admirer,Rock,../data/raw/fma_small/004/004779.mp3
4780,Too Much Adrenaline,Rock,../data/raw/fma_small/004/004780.mp3
4781,No Big Deal,Rock,../data/raw/fma_small/004/004781.mp3
4782,Thing With a Hook,Rock,../data/raw/fma_small/004/004782.mp3
4784,Rosemary's Baby,Rock,../data/raw/fma_small/004/004784.mp3
4785,I Know How It Feels...Bad,Rock,../data/raw/fma_small/004/004785.mp3
4786,"1,000,000 Kisses",Rock,../data/raw/fma_small/004/004786.mp3
4787,Nicole Told Me,Rock,../data/raw/fma_small/004/004787.mp3
4788,Fire To Burn,Rock,../data/raw/fma_small/004/004788.mp3
4799,I've Got a Love,Rock,../data/raw/fma_small/004/004799.mp3
4835,Steak,Rock,../data/raw/fma_small/004/004835.mp3
4836,Panda Punk Tongue,Rock,../data/raw/fma_small/004/004836.mp3
4838,Punk Rock,Rock,../data/raw/fma_small/004/004838.mp3
4846,Bistoon,International,../data/raw/fma_small/004/004846.mp3
4848,(introduction),International,../data/raw/fma_small/004/004848.mp3
4849,Avareh,International,../data/raw/fma_small/004/004849.mp3
5006,"So Long, Silver Lining",Rock,../data/raw/fma_small/005/005006.mp3
5156,Circles,Folk,../data/raw/fma_small/005/005156.mp3
5157,Copenhagen,Folk,../data/raw/fma_small/005/005157.mp3
5158,Running,Folk,../data/raw/fma_small/005/005158.mp3
5159,Christiania,Folk,../data/raw/fma_small/005/005159.mp3
5169,The Uncommon Man,Folk,../data/raw/fma_small/005/005169.mp3
5170,Labyrinth,Folk,../data/raw/fma_small/005/005170.mp3
5171,Cover Up,Folk,../data/raw/fma_small/005/005171.mp3
5191,Say What You Feel,Pop,../data/raw/fma_small/005/005191.mp3
5264,Classical Homicide,Hip-Hop,../data/raw/fma_small/005/005264.mp3
5268,3 Rocks Blessed,Hip-Hop,../data/raw/fma_small/005/005268.mp3
5376,The Clouds,Folk,../data/raw/fma_small/005/005376.mp3
5381,Hartford,Folk,../data/raw/fma_small/005/005381.mp3
5521,alone now,Experimental,../data/raw/fma_small/005/005521.mp3
5879,Rock and Tree,Folk,../data/raw/fma_small/005/005879.mp3
5936,Traveling,Folk,../data/raw/fma_small/005/005936.mp3
5940,When It Rains,Folk,../data/raw/fma_small/005/005940.mp3
6329,Krivo Kopanitsa Horo,International,../data/raw/fma_small/006/006329.mp3
6330,Nie Zama Nie Sema,International,../data/raw/fma_small/006/006330.mp3
6331,track 1,International,../data/raw/fma_small/006/006331.mp3
6332,Taso's Hasapiko,International,../data/raw/fma_small/006/006332.mp3
6333,track 01,International,../data/raw/fma_small/006/006333.mp3
6342,Doulab Nahawand Murassaa,International,../data/raw/fma_small/006/006342.mp3
6354,Daka Koz,International,../data/raw/fma_small/006/006354.mp3
6357,Zaharoula,International,../data/raw/fma_small/006/006357.mp3
6358,track 2,International,../data/raw/fma_small/006/006358.mp3
6360,Sabah Sabah Seyredelim Yaliyi,International,../data/raw/fma_small/006/006360.mp3
6363,track 02,International,../data/raw/fma_small/006/006363.mp3
6366,Taheya,International,../data/raw/fma_small/006/006366.mp3
6367,"Manowe, Mahaba Wa Takanini, Mapenz",International,../data/raw/fma_small/006/006367.mp3
6368,track 3,International,../data/raw/fma_small/006/006368.mp3
6370,Leventikos,International,../data/raw/fma_small/006/006370.mp3
6372,track 03,International,../data/raw/fma_small/006/006372.mp3
6373,Semseyemin Ucu Kare with Oud Solo by Haig Manoukian,International,../data/raw/fma_small/006/006373.mp3
6376,track 4,International,../data/raw/fma_small/006/006376.mp3
6379,Matamu Choz,International,../data/raw/fma_small/006/006379.mp3
6380,track 04,International,../data/raw/fma_small/006/006380.mp3
6381,Kateva Lenko,International,../data/raw/fma_small/006/006381.mp3
6382,Svadbeni Cocek,International,../data/raw/fma_small/006/006382.mp3
6383,Telegrafin Tellerine,International,../data/raw/fma_small/006/006383.mp3
6385,track 05,International,../data/raw/fma_small/006/006385.mp3
6387,Karsilamas Hrysodaktili,International,../data/raw/fma_small/006/006387.mp3
6389,Kwala Ulala Huez,International,../data/raw/fma_small/006/006389.mp3
6390,track 5,International,../data/raw/fma_small/006/006390.mp3
6393,Rumor,International,../data/raw/fma_small/006/006393.mp3
6394,Bufchansko,International,../data/raw/fma_small/006/006394.mp3
6396,Sarki,International,../data/raw/fma_small/006/006396.mp3
6406,The Hungry Stones,Folk,../data/raw/fma_small/006/006406.mp3
6407,Huna Cosm,Folk,../data/raw/fma_small/006/006407.mp3
6439,Crossover,Hip-Hop,../data/raw/fma_small/006/006439.mp3
6440,Rampage,Hip-Hop,../data/raw/fma_small/006/006440.mp3
6442,Richter Scale,Hip-Hop,../data/raw/fma_small/006/006442.mp3
6443,Music,Hip-Hop,../data/raw/fma_small/006/006443.mp3
6448,Please Listen To My Demo,Hip-Hop,../data/raw/fma_small/006/006448.mp3
6459,Ma Alli Wu Ultillu,International,../data/raw/fma_small/006/006459.mp3
6461,Florida Rain,Folk,../data/raw/fma_small/006/006461.mp3
6463,Are You the One?,Folk,../data/raw/fma_small/006/006463.mp3
6467,As She Came Out of  the Water,Folk,../data/raw/fma_small/006/006467.mp3
6469,Derya'da Deryaliklar,International,../data/raw/fma_small/006/006469.mp3
6517,Stars,Rock,../data/raw/fma_small/006/006517.mp3
6519,Somebody To Love,Rock,../data/raw/fma_small/006/006519.mp3
6603,The Woods,Hip-Hop,../data/raw/fma_small/006/006603.mp3
6605,Bad Weather,Hip-Hop,../data/raw/fma_small/006/006605.mp3
6606,Smash Your Eyes,Hip-Hop,../data/raw/fma_small/006/006606.mp3
6607,The World,Hip-Hop,../data/raw/fma_small/006/006607.mp3
6608,Cavalcade Lagoons,Hip-Hop,../data/raw/fma_small/006/006608.mp3
6609,2009,Hip-Hop,../data/raw/fma_small/006/006609.mp3
6610,Clack Struck Twelve,Hip-Hop,../data/raw/fma_small/006/006610.mp3
6611,Escape Tune,Hip-Hop,../data/raw/fma_small/006/006611.mp3
6674,Introduction: (Re)percussions,Experimental,../data/raw/fma_small/006/006674.mp3
6675,The End of Senseless Beating,Experimental,../data/raw/fma_small/006/006675.mp3
6677,Index,Experimental,../data/raw/fma_small/006/006677.mp3
6679,Different Strokes for Different Folks,Experimental,../data/raw/fma_small/006/006679.mp3
6680,Sound of the City:  A Musician is Being Beaten,Experimental,../data/raw/fma_small/006/006680.mp3
6684,Preface,Experimental,../data/raw/fma_small/006/006684.mp3
6762,Western States,Folk,../data/raw/fma_small/006/006762.mp3
6776,Abflussbestattung / Verrat Am Metal,Rock,../data/raw/fma_small/006/006776.mp3
6778,Dresscode,Rock,../data/raw/fma_small/006/006778.mp3
6779,Castle By the Sea,Folk,../data/raw/fma_small/006/006779.mp3
6782,Sunshine,Folk,../data/raw/fma_small/006/006782.mp3
6783,Fisherman's Girl,Folk,../data/raw/fma_small/006/006783.mp3
6788,Tokugiri Star,Rock,../data/raw/fma_small/006/006788.mp3
6802,Spanish Civil War Tribute,International,../data/raw/fma_small/006/006802.mp3
6803,Balkan Qoulou,International,../data/raw/fma_small/006/006803.mp3
6854,Lost in Your,Folk,../data/raw/fma_small/006/006854.mp3
6855,This Old Love,Folk,../data/raw/fma_small/006/006855.mp3
6856,Autumn Flow,Folk,../data/raw/fma_small/006/006856.mp3
6857,Drone Trailer,Folk,../data/raw/fma_small/006/006857.mp3
7011,in sleepy electricity,Electronic,../data/raw/fma_small/007/007011.mp3
7373,heartbreaker,Experimental,../data/raw/fma_small/007/007373.mp3
7374,new homes,Experimental,../data/raw/fma_small/007/007374.mp3
7375,cherchez le dragon,Experimental,../data/raw/fma_small/007/007375.mp3
7376,about peter,Experimental,../data/raw/fma_small/007/007376.mp3
7377,with new trees,Experimental,../data/raw/fma_small/007/007377.mp3
7378,resurrect dead on planet jupiter,Experimental,../data/raw/fma_small/007/007378.mp3
7379,it's hard to fall asleep,Experimental,../data/raw/fma_small/007/007379.mp3
7381,i'd play at the rotunda,Experimental,../data/raw/fma_small/007/007381.mp3
7383,i hear horrible music,Experimental,../data/raw/fma_small/007/007383.mp3
7385,my imaginary scary home,Experimental,../data/raw/fma_small/007/007385.mp3
7386,its hard to wake up,Experimental,../data/raw/fma_small/007/007386.mp3
7388,girlworld (3 in a bed mix),Experimental,../data/raw/fma_small/007/007388.mp3
7391,all these wires between us,Experimental,../data/raw/fma_small/007/007391.mp3
7393,leaving things as they are,Experimental,../data/raw/fma_small/007/007393.mp3
7481,Seeing You Out,Hip-Hop,../data/raw/fma_small/007/007481.mp3
7482,Seeing Things Intro,Hip-Hop,../data/raw/fma_small/007/007482.mp3
7483,Doom Days,Hip-Hop,../data/raw/fma_small/007/007483.mp3
7487,The Robot's Heel,Hip-Hop,../data/raw/fma_small/007/007487.mp3
7488,The Discovery,Hip-Hop,../data/raw/fma_small/007/007488.mp3
7489,Too Much to deal with,Hip-Hop,../data/raw/fma_small/007/007489.mp3
7490,Follow That,Hip-Hop,../data/raw/fma_small/007/007490.mp3
7491,broke Pimpin,Hip-Hop,../data/raw/fma_small/007/007491.mp3
7492,In the Dark,Hip-Hop,../data/raw/fma_small/007/007492.mp3
7495,Soft South Africans,Rock,../data/raw/fma_small/007/007495.mp3
7526,Easy on the Eyes,Pop,../data/raw/fma_small/007/007526.mp3
7527,With You,Pop,../data/raw/fma_small/007/007527.mp3
7528,Game,Pop,../data/raw/fma_small/007/007528.mp3
7529,Seeking,Pop,../data/raw/fma_small/007/007529.mp3
7548,First Movement,Experimental,../data/raw/fma_small/007/007548.mp3
7554,Seventh Movement,Experimental,../data/raw/fma_small/007/007554.mp3
7709,Deep At Sea,Folk,../data/raw/fma_small/007/007709.mp3
7710,What If We Do,Folk,../data/raw/fma_small/007/007710.mp3
7711,The Way,Folk,../data/raw/fma_small/007/007711.mp3
7712,My Room Is White,Folk,../data/raw/fma_small/007/007712.mp3
7713,I gave you my home,Folk,../data/raw/fma_small/007/007713.mp3
7872,Saved,Rock,../data/raw/fma_small/007/007872.mp3
8056,Get It While You Can,Rock,../data/raw/fma_small/008/008056.mp3
8208,Rocket USA,Rock,../data/raw/fma_small/008/008208.mp3
8256,Sugar In My Coffin,Folk,../data/raw/fma_small/008/008256.mp3
8259,Always Sugar for the Horses,Folk,../data/raw/fma_small/008/008259.mp3
8261,Black Diamond,Folk,../data/raw/fma_small/008/008261.mp3
8345,Walter,Experimental,../data/raw/fma_small/008/008345.mp3
8357,Promocja Belkot radio commercial,Experimental,../data/raw/fma_small/008/008357.mp3
8363,"Outside of fashion boutique, Xian, China",Experimental,../data/raw/fma_small/008/008363.mp3
8372,variations on Foreigners,Experimental,../data/raw/fma_small/008/008372.mp3
8416,Track 33,Experimental,../data/raw/fma_small/008/008416.mp3
9152,1991,Experimental,../data/raw/fma_small/009/009152.mp3
9155,Tossypot,Experimental,../data/raw/fma_small/009/009155.mp3
9307,Racing Past the Zenith,Experimental,../data/raw/fma_small/009/009307.mp3
9476,Plight Of The Bumblebee,Experimental,../data/raw/fma_small/009/009476.mp3
9477,Colour Me Your Colour,Experimental,../data/raw/fma_small/009/009477.mp3
9491,Rape Me,Rock,../data/raw/fma_small/009/009491.mp3
9505,168 Toronto 260305,Experimental,../data/raw/fma_small/009/009505.mp3
9511,Message From the Law,Rock,../data/raw/fma_small/009/009511.mp3
9512,Eywat Setenafegagn,International,../data/raw/fma_small/009/009512.mp3
9513,Cold Water,Rock,../data/raw/fma_small/009/009513.mp3
9550,Slippershell,Rock,../data/raw/fma_small/009/009550.mp3
9553,Morning Birds,Rock,../data/raw/fma_small/009/009553.mp3
9555,Krait,Rock,../data/raw/fma_small/009/009555.mp3
9557,Moan,Rock,../data/raw/fma_small/009/009557.mp3
9559,Mississippi Kite,Rock,../data/raw/fma_small/009/009559.mp3
9560,Fortune,Rock,../data/raw/fma_small/009/009560.mp3
9678,Riboflavin Horror,Experimental,../data/raw/fma_small/009/009678.mp3
9721,Track 01,Experimental,../data/raw/fma_small/009/009721.mp3
9846,Computer Music/Post-Fordism,Experimental,../data/raw/fma_small/009/009846.mp3
9887,All I Ever Wanted,Folk,../data/raw/fma_small/009/009887.mp3
9888,Cross,Folk,../data/raw/fma_small/009/009888.mp3
9918,Scorpion Whip,Experimental,../data/raw/fma_small/009/009918.mp3
9962,Amour,Rock,../data/raw/fma_small/009/009962.mp3
10186,Love To C You Dance (Premixed),International,../data/raw/fma_small/010/010186.mp3
10192,Fucking Exotic Bitches,Hip-Hop,../data/raw/fma_small/010/010192.mp3
10250,Tree Symphony,Instrumental,../data/raw/fma_small/010/010250.mp3
10374,Into the Fog,Experimental,../data/raw/fma_small/010/010374.mp3
10375,Torturing Mantra,Experimental,../data/raw/fma_small/010/010375.mp3
10376,Low Nightmare,Experimental,../data/raw/fma_small/010/010376.mp3
10377,Abandoned,Experimental,../data/raw/fma_small/010/010377.mp3
10381,Baron in the Trees,Folk,../data/raw/fma_small/010/010381.mp3
10382,New Dish Rag,Folk,../data/raw/fma_small/010/010382.mp3
10383,Graceless Lady,Folk,../data/raw/fma_small/010/010383.mp3
10384,Blood Mumble,Folk,../data/raw/fma_small/010/010384.mp3
10385,Curee,Folk,../data/raw/fma_small/010/010385.mp3
10386,The Birds &amp; The Herds,Folk,../data/raw/fma_small/010/010386.mp3
10387,Tease it Like a Cop,Folk,../data/raw/fma_small/010/010387.mp3
10388,Night Lighter,Folk,../data/raw/fma_small/010/010388.mp3
10389,Terrapin (oh! syd),Folk,../data/raw/fma_small/010/010389.mp3
10435,Paku Paku,Experimental,../data/raw/fma_small/010/010435.mp3
10438,Little Lepers,Folk,../data/raw/fma_small/010/010438.mp3
10439,In The Light Of The Moon,Folk,../data/raw/fma_small/010/010439.mp3
10440,No Gravity Blues,Folk,../data/raw/fma_small/010/010440.mp3
10441,In The Shade,Folk,../data/raw/fma_small/010/010441.mp3
10442,Something Brighter Than The News,Folk,../data/raw/fma_small/010/010442.mp3
10443,Beast (1 Beast),Folk,../data/raw/fma_small/010/010443.mp3
10444,Restless Purity,Folk,../data/raw/fma_small/010/010444.mp3
10447,Low Gravity Blues,Folk,../data/raw/fma_small/010/010447.mp3
10458,Highway,Folk,../data/raw/fma_small/010/010458.mp3
10480,Adversaries &amp; Enemies,Folk,../data/raw/fma_small/010/010480.mp3
10481,Spit Shine,Folk,../data/raw/fma_small/010/010481.mp3
10485,Song For Baltimore,Folk,../data/raw/fma_small/010/010485.mp3
10521,boys boys boys,Experimental,../data/raw/fma_small/010/010521.mp3
10527,r u serious,Experimental,../data/raw/fma_small/010/010527.mp3
10535,azaria vs the spaceman,Experimental,../data/raw/fma_small/010/010535.mp3
10541,.,Experimental,../data/raw/fma_small/010/010541.mp3
10575,Premonitions: The Fantasy,Folk,../data/raw/fma_small/010/010575.mp3
10577,One Mile From Heaven (short version),Folk,../data/raw/fma_small/010/010577.mp3
10668,"999,999",Rock,../data/raw/fma_small/010/010668.mp3
10669,"1,000,000",Rock,../data/raw/fma_small/010/010669.mp3
10670,Letting You,Rock,../data/raw/fma_small/010/010670.mp3
10671,Discipline,Rock,../data/raw/fma_small/010/010671.mp3
10672,Echoplex,Rock,../data/raw/fma_small/010/010672.mp3
10673,Head Down,Rock,../data/raw/fma_small/010/010673.mp3
10674,Lights in the Sky,Rock,../data/raw/fma_small/010/010674.mp3
10675,Corona Radiata,Rock,../data/raw/fma_small/010/010675.mp3
10676,The Four of Us are Dying,Rock,../data/raw/fma_small/010/010676.mp3
10677,Demon Seed,Rock,../data/raw/fma_small/010/010677.mp3
10678,Glory Daze,Folk,../data/raw/fma_small/010/010678.mp3
10679,The Rise Of Quinnisa Rose,Folk,../data/raw/fma_small/010/010679.mp3
10682,She Said Nothing,Folk,../data/raw/fma_small/010/010682.mp3
10684,Don't Trust The Ruin,Folk,../data/raw/fma_small/010/010684.mp3
10693,6.6.05,Hip-Hop,../data/raw/fma_small/010/010693.mp3
10694,aint no thing,Hip-Hop,../data/raw/fma_small/010/010694.mp3
10695,2.17.05,Hip-Hop,../data/raw/fma_small/010/010695.mp3
10696,2.18.05 dai,Hip-Hop,../data/raw/fma_small/010/010696.mp3
10697,1.26 beat1,Hip-Hop,../data/raw/fma_small/010/010697.mp3
10698,2.12.05 elevator,Hip-Hop,../data/raw/fma_small/010/010698.mp3
10699,2.2.05,Hip-Hop,../data/raw/fma_small/010/010699.mp3
10805,Super Nude,Pop,../data/raw/fma_small/010/010805.mp3
10806,Glowing Pavements,Pop,../data/raw/fma_small/010/010806.mp3
10807,Three Owls Teahaus,Pop,../data/raw/fma_small/010/010807.mp3
10808,Wind Up The Hypnotist,Pop,../data/raw/fma_small/010/010808.mp3
10809,Pass That Joint,Pop,../data/raw/fma_small/010/010809.mp3
10810,Under The Sunset,Pop,../data/raw/fma_small/010/010810.mp3
10983,Track 02,Experimental,../data/raw/fma_small/010/010983.mp3
10992,The Grove Is Hotter Than An Ocean's Oven,Folk,../data/raw/fma_small/010/010992.mp3
10993,Oh Country (Skin &amp; Bones),Folk,../data/raw/fma_small/010/010993.mp3
11019,Mirror Friends,Experimental,../data/raw/fma_small/011/011019.mp3
11020,Morning Ritual,Experimental,../data/raw/fma_small/011/011020.mp3
11059,Vitamin C,Folk,../data/raw/fma_small/011/011059.mp3
11198,Together We Will Wait,Pop,../data/raw/fma_small/011/011198.mp3
11199,Love Is An Eternal Lie,Pop,../data/raw/fma_small/011/011199.mp3
11200,Berlin Lights (Finistere),Pop,../data/raw/fma_small/011/011200.mp3
11204,Steppin' In,Hip-Hop,../data/raw/fma_small/011/011204.mp3
11206,Elles,Electronic,../data/raw/fma_small/011/011206.mp3
11234,290504 beirut,Experimental,../data/raw/fma_small/011/011234.mp3
11237,270104 berlin,Experimental,../data/raw/fma_small/011/011237.mp3
11239,hamar 261005,Experimental,../data/raw/fma_small/011/011239.mp3
11242,280405 seoul,Experimental,../data/raw/fma_small/011/011242.mp3
11261,India,Pop,../data/raw/fma_small/011/011261.mp3
11262,Wataridori 2,Electronic,../data/raw/fma_small/011/011262.mp3
11264,My Fair Lady,Rock,../data/raw/fma_small/011/011264.mp3
11268,Fake French,Rock,../data/raw/fma_small/011/011268.mp3
11298,Now Get Busy,Hip-Hop,../data/raw/fma_small/011/011298.mp3
11299,No Meaning No (feat. Fine Arts Militia),Hip-Hop,../data/raw/fma_small/011/011299.mp3
11306,Inspiration,Rock,../data/raw/fma_small/011/011306.mp3
11333,Instrumental,Experimental,../data/raw/fma_small/011/011333.mp3
11334,Instrumental,Experimental,../data/raw/fma_small/011/011334.mp3
11503,All Operations,Folk,../data/raw/fma_small/011/011503.mp3
11504,A Friendly Noose,Folk,../data/raw/fma_small/011/011504.mp3
11505,A Quiet Lousy Roar,Folk,../data/raw/fma_small/011/011505.mp3
11508,Under The Concourse,Folk,../data/raw/fma_small/011/011508.mp3
11544,Radiation,Experimental,../data/raw/fma_small/011/011544.mp3
11638,Romantic Neck Tattoo,Instrumental,../data/raw/fma_small/011/011638.mp3
11671,Abre La Ventana,International,../data/raw/fma_small/011/011671.mp3
11672,(intro),International,../data/raw/fma_small/011/011672.mp3
11673,El Arco Iris,International,../data/raw/fma_small/011/011673.mp3
11674,(chat w/ Rob Weisberg),International,../data/raw/fma_small/011/011674.mp3
11675,La Sombra,International,../data/raw/fma_small/011/011675.mp3
11677,Quique,International,../data/raw/fma_small/011/011677.mp3
11679,Ruleta Rusa,International,../data/raw/fma_small/011/011679.mp3
11681,Heart In Me,International,../data/raw/fma_small/011/011681.mp3
11682,(chat w/ Rob Weisberg),International,../data/raw/fma_small/011/011682.mp3
11683,Matadora,International,../data/raw/fma_small/011/011683.mp3
11763,"Press Play Instrumental     {6th Sense, A Pinks, Emilio Rojas, Skyzoo}",Hip-Hop,../data/raw/fma_small/011/011763.mp3
11764,28 Chasing 1988 Instrumental     {Adele &amp; 6th Sense}.mp3,Hip-Hop,../data/raw/fma_small/011/011764.mp3
11765,Just Fine Instrumental     {Wildabeast},Hip-Hop,../data/raw/fma_small/011/011765.mp3
11766,Beyon My Instrumental     {6th Sense},Hip-Hop,../data/raw/fma_small/011/011766.mp3
11767,Let's Do It Instrumental     {6th Sense},Hip-Hop,../data/raw/fma_small/011/011767.mp3
11768,The Itis Instrumental     {Black ELement},Hip-Hop,../data/raw/fma_small/011/011768.mp3
11769,Fallen Shadows Instrumental     {Viva La Hova},Hip-Hop,../data/raw/fma_small/011/011769.mp3
11770,Future Music Instrumental     {6th Sense},Hip-Hop,../data/raw/fma_small/011/011770.mp3
11771,D'Evils 2008 Instrumental     {Talib Kweli},Hip-Hop,../data/raw/fma_small/011/011771.mp3
11772,Ignite The People (Like Obama) Instrumental     {6th Sense},Hip-Hop,../data/raw/fma_small/011/011772.mp3
11773,05 Too Complex Instrumental     {6th Sense & The Kid Daytona}.mp3,Hip-Hop,../data/raw/fma_small/011/011773.mp3
11774,"Hippie Robot Instrumental     {6th Sense, Wildabeast, Jelani, Scheme}",Hip-Hop,../data/raw/fma_small/011/011774.mp3
11775,We Don't Stop Instrumental     {6th Sense},Hip-Hop,../data/raw/fma_small/011/011775.mp3
11776,"The Proposal Instrumental     {Jelani, 6th Sense, Wildabeast}",Hip-Hop,../data/raw/fma_small/011/011776.mp3
11777,Never Change For The Fame Instrumental     {Wildabeast},Hip-Hop,../data/raw/fma_small/011/011777.mp3
11778,...Both Nice Instrumental     {Both Nice},Hip-Hop,../data/raw/fma_small/011/011778.mp3
11779,Entourage (Oh Yeah!) Instrumental     {6th Sense},Hip-Hop,../data/raw/fma_small/011/011779.mp3
11780,What Kinda Instrumental     {Both Nice},Hip-Hop,../data/raw/fma_small/011/011780.mp3
11781,Love Lockdown Instrumental     {6th Sense},Hip-Hop,../data/raw/fma_small/011/011781.mp3
11782,Acapella,Hip-Hop,../data/raw/fma_small/011/011782.mp3
11783,Hey Young World Instrumental     {6th Sense},Hip-Hop,../data/raw/fma_small/011/011783.mp3
11784,Do What It Do Instrumental     {6th Sense},Hip-Hop,../data/raw/fma_small/011/011784.mp3
11785,AM Set Instrumental     {Both Nice},Hip-Hop,../data/raw/fma_small/011/011785.mp3
11786,4AM Instrumental     {Wildabeast},Hip-Hop,../data/raw/fma_small/011/011786.mp3
11787,Release Instrumental     {Wildabeast},Hip-Hop,../data/raw/fma_small/011/011787.mp3
11788,"2-0-0-9 Instrumental     {The Kid Daytona, 6th Sense, Outasight, Harlem's Cash}",Hip-Hop,../data/raw/fma_small/011/011788.mp3
11789,Ate Ten Instrumental     {Both Nice},Hip-Hop,../data/raw/fma_small/011/011789.mp3
11790,Just Got Chopped (Crack) Instrumental     {Old Money},Hip-Hop,../data/raw/fma_small/011/011790.mp3
11791,"The Cuchifritos Groove Instrumental     {Wildabeast, 6th Sense, Jelani}",Hip-Hop,../data/raw/fma_small/011/011791.mp3
11792,I Won't Let You Fall Instrumental     {6th Sense},Hip-Hop,../data/raw/fma_small/011/011792.mp3
11793,What You Talkin Bout Instrumental     {Mekka Don},Hip-Hop,../data/raw/fma_small/011/011793.mp3
11794,Give A What Instrumental     {6th Sense},Hip-Hop,../data/raw/fma_small/011/011794.mp3
11795,Stakes Is High Instrumental     {U-N-I},Hip-Hop,../data/raw/fma_small/011/011795.mp3
11803,D'Evils 2008,Hip-Hop,../data/raw/fma_small/011/011803.mp3
11818,Future Music,Hip-Hop,../data/raw/fma_small/011/011818.mp3
11839,Belief feat. John Mayer,Hip-Hop,../data/raw/fma_small/011/011839.mp3
11861,Nike Boots Freestyle,Hip-Hop,../data/raw/fma_small/011/011861.mp3
11862,05 A-Trak &amp; Lupe Fiasco feat. 6th Sense - Me &amp; My Sneakers.mp3,Hip-Hop,../data/raw/fma_small/011/011862.mp3
11867,Team USA (prod. Just Blaze),Hip-Hop,../data/raw/fma_small/011/011867.mp3
11868,Classic Freestyle,Hip-Hop,../data/raw/fma_small/011/011868.mp3
11916,comedi humaine,Hip-Hop,../data/raw/fma_small/011/011916.mp3
11917,court metrage,Hip-Hop,../data/raw/fma_small/011/011917.mp3
11918,deprecie,Hip-Hop,../data/raw/fma_small/011/011918.mp3
11919,galerie de portraits,Hip-Hop,../data/raw/fma_small/011/011919.mp3
11920,Ofura,Hip-Hop,../data/raw/fma_small/011/011920.mp3
11921,l'air du temps live,Hip-Hop,../data/raw/fma_small/011/011921.mp3
11922,galerie de portraits remix,Hip-Hop,../data/raw/fma_small/011/011922.mp3
11933,Tell Me What I Want,Rock,../data/raw/fma_small/011/011933.mp3
11937,Wir können auch anders,Pop,../data/raw/fma_small/011/011937.mp3
11942,Rage Against Death,Electronic,../data/raw/fma_small/011/011942.mp3
11946,The Star Spangled Banner,Experimental,../data/raw/fma_small/011/011946.mp3
11947,Yankee Doodle,Experimental,../data/raw/fma_small/011/011947.mp3
11951,Taps - America The Beautiful (Medley),Experimental,../data/raw/fma_small/011/011951.mp3
12045,The WInds House,Folk,../data/raw/fma_small/012/012045.mp3
12046,Well Water,Folk,../data/raw/fma_small/012/012046.mp3
12047,Comin' Home Pt. I,Folk,../data/raw/fma_small/012/012047.mp3
12048,She Sells Sanctuary,Folk,../data/raw/fma_small/012/012048.mp3
12049,"On a Sunday, Years After",Folk,../data/raw/fma_small/012/012049.mp3
12050,Echohead,Folk,../data/raw/fma_small/012/012050.mp3
12051,Comin' Home Pt. II,Folk,../data/raw/fma_small/012/012051.mp3
12052,Breath in a Seed,Folk,../data/raw/fma_small/012/012052.mp3
12053,Land Upon Mud II,Folk,../data/raw/fma_small/012/012053.mp3
12058,Land Upon Mud I,Folk,../data/raw/fma_small/012/012058.mp3
12059,Brotha-o-Brotha-o-,Folk,../data/raw/fma_small/012/012059.mp3
12060,Heart of Glass,Folk,../data/raw/fma_small/012/012060.mp3
12061,Do Insects Sleep?,Folk,../data/raw/fma_small/012/012061.mp3
12062,Sleepin' Time,Folk,../data/raw/fma_small/012/012062.mp3
12064,Beatle Bones 'N' Smokin' Stones,Folk,../data/raw/fma_small/012/012064.mp3
12065,So Old Again,Folk,../data/raw/fma_small/012/012065.mp3
12066,Apes &amp; History (Swimmin in Paper),Folk,../data/raw/fma_small/012/012066.mp3
12067,For Four Beating Lungs,Folk,../data/raw/fma_small/012/012067.mp3
12109,The Mysticism of my Fucking Sound,International,../data/raw/fma_small/012/012109.mp3
12146,Kokoro (I Fall To Pieces),Pop,../data/raw/fma_small/012/012146.mp3
12147,Capture Me Burning,Pop,../data/raw/fma_small/012/012147.mp3
12173,Mit der Schaufel aufs Ei,Hip-Hop,../data/raw/fma_small/012/012173.mp3
12174,Ode To Charles,Hip-Hop,../data/raw/fma_small/012/012174.mp3
12179,U Fine,Pop,../data/raw/fma_small/012/012179.mp3
12188,Gimme,Pop,../data/raw/fma_small/012/012188.mp3
12189,Ultraviolence,Electronic,../data/raw/fma_small/012/012189.mp3
12346,The Lion King,Experimental,../data/raw/fma_small/012/012346.mp3
12348,Fools With Tools,Folk,../data/raw/fma_small/012/012348.mp3
12349,Knickers to the Right,Folk,../data/raw/fma_small/012/012349.mp3
12350,It's Not Like You (Always),Folk,../data/raw/fma_small/012/012350.mp3
12351,Gadget,Folk,../data/raw/fma_small/012/012351.mp3
12352,Try To Find Me,Folk,../data/raw/fma_small/012/012352.mp3
12353,10 Acres of the Finest Sand,Folk,../data/raw/fma_small/012/012353.mp3
12355,God Forsaken Town,Folk,../data/raw/fma_small/012/012355.mp3
12376,"Good Morning, Bubblegum",Pop,../data/raw/fma_small/012/012376.mp3
12387,Spherical Hearts (Trondheim Remix),Pop,../data/raw/fma_small/012/012387.mp3
12390,Varal,Pop,../data/raw/fma_small/012/012390.mp3
12394,Is It Too Late For Us All?,Hip-Hop,../data/raw/fma_small/012/012394.mp3
12481,Haystack (A.P.),Folk,../data/raw/fma_small/012/012481.mp3
12482,She Said Nothing II,Folk,../data/raw/fma_small/012/012482.mp3
12484,Frost Farm,Folk,../data/raw/fma_small/012/012484.mp3
12485,Got Wings?,Folk,../data/raw/fma_small/012/012485.mp3
12486,I'm So Glad,Folk,../data/raw/fma_small/012/012486.mp3
12487,So Po Swing,Folk,../data/raw/fma_small/012/012487.mp3
12488,Moon Perfume,Folk,../data/raw/fma_small/012/012488.mp3
12489,'Preese 'Preese,Folk,../data/raw/fma_small/012/012489.mp3
12490,I've Been A Baby All My Life (I Hope You Don't Expect A Man),Folk,../data/raw/fma_small/012/012490.mp3
12508,Satie (First Gnossienne),Folk,../data/raw/fma_small/012/012508.mp3
12513,My Last Days As A Fish,Folk,../data/raw/fma_small/012/012513.mp3
12514,Indang Pariman,Folk,../data/raw/fma_small/012/012514.mp3
12518,When you walk,Pop,../data/raw/fma_small/012/012518.mp3
12521,Never Get Out,Rock,../data/raw/fma_small/012/012521.mp3
12526,Time (Reprise) (Closing Credits),Hip-Hop,../data/raw/fma_small/012/012526.mp3
12527,Solid Ground,Pop,../data/raw/fma_small/012/012527.mp3
12530,Stalker,Pop,../data/raw/fma_small/012/012530.mp3
12531,Que Le Hip-Hop Renaisse,Hip-Hop,../data/raw/fma_small/012/012531.mp3
12532,Sweet Man Like Me,Pop,../data/raw/fma_small/012/012532.mp3
12537,Maree Lunaire,Pop,../data/raw/fma_small/012/012537.mp3
12551,I Don't Want To Live On The Moon,Pop,../data/raw/fma_small/012/012551.mp3
12552,They're On The Moon Right Now,Pop,../data/raw/fma_small/012/012552.mp3
12654,People Should Get More Aware,Pop,../data/raw/fma_small/012/012654.mp3
12690,L'Anchoïade,International,../data/raw/fma_small/012/012690.mp3
12691,La Tapenade,International,../data/raw/fma_small/012/012691.mp3
12692,La Brandade,International,../data/raw/fma_small/012/012692.mp3
12737,Om Mane Padme Hum,Experimental,../data/raw/fma_small/012/012737.mp3
12985,Barleycorn and Toblerone,Folk,../data/raw/fma_small/012/012985.mp3
12986,I Will Swallow The Sea,Folk,../data/raw/fma_small/012/012986.mp3
13191,Outside To Play,Pop,../data/raw/fma_small/013/013191.mp3
13197,Different Day,Pop,../data/raw/fma_small/013/013197.mp3
13199,No Mas,Hip-Hop,../data/raw/fma_small/013/013199.mp3
13201,Moy Moy Moy,Hip-Hop,../data/raw/fma_small/013/013201.mp3
13218,Perdon,Pop,../data/raw/fma_small/013/013218.mp3
13220,Horse On A Rock,Pop,../data/raw/fma_small/013/013220.mp3
13325,Methylchloroisothiazolinone,Rock,../data/raw/fma_small/013/013325.mp3
13328,Street Wild Lover,Pop,../data/raw/fma_small/013/013328.mp3
13362,All The Working Girls,Pop,../data/raw/fma_small/013/013362.mp3
13378,I Wish,Pop,../data/raw/fma_small/013/013378.mp3
13474,Then,Electronic,../data/raw/fma_small/013/013474.mp3
13537,Maru Kiray,International,../data/raw/fma_small/013/013537.mp3
13538,Kurbu,International,../data/raw/fma_small/013/013538.mp3
13539,Waina Bibiyo,International,../data/raw/fma_small/013/013539.mp3
13540,Tamala,International,../data/raw/fma_small/013/013540.mp3
13556,Let Me Go,Rock,../data/raw/fma_small/013/013556.mp3
13561,The Dao of Sun Zoo,Hip-Hop,../data/raw/fma_small/013/013561.mp3
13562,It's Not Jazzz,Electronic,../data/raw/fma_small/013/013562.mp3
13566,New Pirates (featuring DJ HDL),Hip-Hop,../data/raw/fma_small/013/013566.mp3
13571,Pour Petite Tete,Electronic,../data/raw/fma_small/013/013571.mp3
13578,Milk,Experimental,../data/raw/fma_small/013/013578.mp3
13591,Johnny Marr,Hip-Hop,../data/raw/fma_small/013/013591.mp3
13596,Insane,Rock,../data/raw/fma_small/013/013596.mp3
13666,Seven Faces of Him,Rock,../data/raw/fma_small/013/013666.mp3
13668,No Time For Lookin' Back,Electronic,../data/raw/fma_small/013/013668.mp3
13670,Nada P Flojos,Hip-Hop,../data/raw/fma_small/013/013670.mp3
13706,Love Crime (Qwertypak Venom Remix),Electronic,../data/raw/fma_small/013/013706.mp3
13707,For Newspress,Electronic,../data/raw/fma_small/013/013707.mp3
13708,Disk Machine,Electronic,../data/raw/fma_small/013/013708.mp3
13709,Member,Electronic,../data/raw/fma_small/013/013709.mp3
13710,Love Crime,Electronic,../data/raw/fma_small/013/013710.mp3
13711,Disk Machine (Sky Pole Remix),Electronic,../data/raw/fma_small/013/013711.mp3
13735,Funktions Prod. Sci Fi,Hip-Hop,../data/raw/fma_small/013/013735.mp3
13747,Must Be a Hit,Hip-Hop,../data/raw/fma_small/013/013747.mp3
13748,Speak Your Mind feat. Hard Target,Hip-Hop,../data/raw/fma_small/013/013748.mp3
13749,110% (radio edit),Hip-Hop,../data/raw/fma_small/013/013749.mp3
13767,Deranged Barber,Hip-Hop,../data/raw/fma_small/013/013767.mp3
13768,Just a Feelin',Hip-Hop,../data/raw/fma_small/013/013768.mp3
13804,Life's A Beach,Hip-Hop,../data/raw/fma_small/013/013804.mp3
13927,Deep River Blues,Folk,../data/raw/fma_small/013/013927.mp3
13928,Shady Groove,Folk,../data/raw/fma_small/013/013928.mp3
13929,Home On The Range,Folk,../data/raw/fma_small/013/013929.mp3
13930,John Henry,Folk,../data/raw/fma_small/013/013930.mp3
14063,Chicken Dance,Electronic,../data/raw/fma_small/014/014063.mp3
14208,Upbeat Style,Electronic,../data/raw/fma_small/014/014208.mp3
14315,Dimjaninka,International,../data/raw/fma_small/014/014315.mp3
14316,Magdaleno Muri Malka Mome,International,../data/raw/fma_small/014/014316.mp3
14317,Malo Selo,International,../data/raw/fma_small/014/014317.mp3
14318,Bezrodna Nevesta,International,../data/raw/fma_small/014/014318.mp3
14319,Pila Jana,International,../data/raw/fma_small/014/014319.mp3
14320,Tri Bjulbjula,International,../data/raw/fma_small/014/014320.mp3
14344,Ecclesia,Electronic,../data/raw/fma_small/014/014344.mp3
14358,Rain,Hip-Hop,../data/raw/fma_small/014/014358.mp3
14363,4:15 p.m. (Thursday),Hip-Hop,../data/raw/fma_small/014/014363.mp3
14365,Requiem for Stateway,Hip-Hop,../data/raw/fma_small/014/014365.mp3
14386,I Love Hip Hop,Hip-Hop,../data/raw/fma_small/014/014386.mp3
14391,Freeze,Hip-Hop,../data/raw/fma_small/014/014391.mp3
14538,Infrared Beams,Hip-Hop,../data/raw/fma_small/014/014538.mp3
14539,Intro,Hip-Hop,../data/raw/fma_small/014/014539.mp3
14541,Different,Hip-Hop,../data/raw/fma_small/014/014541.mp3
14542,Due Damage,Hip-Hop,../data/raw/fma_small/014/014542.mp3
14568,Monkey Dance,Instrumental,../data/raw/fma_small/014/014568.mp3
14569,Gretchen's Tango,Instrumental,../data/raw/fma_small/014/014569.mp3
14570,So Wunsch Ich Dir,Instrumental,../data/raw/fma_small/014/014570.mp3
14571,Through the Doors of the Circus,Instrumental,../data/raw/fma_small/014/014571.mp3
14572,David Niven Death Dance,Instrumental,../data/raw/fma_small/014/014572.mp3
14576,Funeral March For A Marionette,Instrumental,../data/raw/fma_small/014/014576.mp3
14577,Garden Theme,Instrumental,../data/raw/fma_small/014/014577.mp3
14578,Vespers,Instrumental,../data/raw/fma_small/014/014578.mp3
14579,Gretchen's Waltz,Instrumental,../data/raw/fma_small/014/014579.mp3
14580,Music For Darkness,Instrumental,../data/raw/fma_small/014/014580.mp3
14581,Dance With a Ball of Emperor Rudolf II,Instrumental,../data/raw/fma_small/014/014581.mp3
14583,Ride On A Chair Running,Instrumental,../data/raw/fma_small/014/014583.mp3
14584,Dream Garden,Instrumental,../data/raw/fma_small/014/014584.mp3
14585,The Dream of Sergei Prokofiev and Waltz,Instrumental,../data/raw/fma_small/014/014585.mp3
14586,Music for an Underground Circus,Instrumental,../data/raw/fma_small/014/014586.mp3
14588,Music To Watch Girls Smash By,Instrumental,../data/raw/fma_small/014/014588.mp3
14589,Sad Story,Instrumental,../data/raw/fma_small/014/014589.mp3
14590,Helen Entrance,Instrumental,../data/raw/fma_small/014/014590.mp3
14601,(interview),International,../data/raw/fma_small/014/014601.mp3
14602,Amazigh,International,../data/raw/fma_small/014/014602.mp3
14603,Sidi Rabi,International,../data/raw/fma_small/014/014603.mp3
14604,Live Improv,International,../data/raw/fma_small/014/014604.mp3
14653,Bad Sign,Rock,../data/raw/fma_small/014/014653.mp3
14661,Re: Your Brains,Folk,../data/raw/fma_small/014/014661.mp3
14663,Coleco Says: How Are You?,Pop,../data/raw/fma_small/014/014663.mp3
14684,Code Monkey,Folk,../data/raw/fma_small/014/014684.mp3
14690,Givers,Experimental,../data/raw/fma_small/014/014690.mp3
14693,I Feel Fantastic,Folk,../data/raw/fma_small/014/014693.mp3
14733,Mania,Rock,../data/raw/fma_small/014/014733.mp3
14734,Shark,Rock,../data/raw/fma_small/014/014734.mp3
14735,Start,Rock,../data/raw/fma_small/014/014735.mp3
14736,Hazing,Rock,../data/raw/fma_small/014/014736.mp3
14737,Speed and Sleep,Rock,../data/raw/fma_small/014/014737.mp3
14738,Devil's Roof,Rock,../data/raw/fma_small/014/014738.mp3
14739,Say Goodbye,Rock,../data/raw/fma_small/014/014739.mp3
14740,Tar Kissers,Rock,../data/raw/fma_small/014/014740.mp3
14741,Limbo,Rock,../data/raw/fma_small/014/014741.mp3
14742,Bright Yellow Gun,Rock,../data/raw/fma_small/014/014742.mp3
14743,Vicky's Box,Rock,../data/raw/fma_small/014/014743.mp3
14744,Bea,Rock,../data/raw/fma_small/014/014744.mp3
14745,Pearl,Rock,../data/raw/fma_small/014/014745.mp3
14809,The New Year,Folk,../data/raw/fma_small/014/014809.mp3
14869,ukelele,Electronic,../data/raw/fma_small/014/014869.mp3
15094,banjo bird,Experimental,../data/raw/fma_small/015/015094.mp3
15210,Go Away,Hip-Hop,../data/raw/fma_small/015/015210.mp3
15464,Black Car Blues,Experimental,../data/raw/fma_small/015/015464.mp3
15469,Dirty Water Dub,Experimental,../data/raw/fma_small/015/015469.mp3
15471,Brakemans Blues,Experimental,../data/raw/fma_small/015/015471.mp3
15475,Nigerian Delta Oil Well Blues,Experimental,../data/raw/fma_small/015/015475.mp3
15476,Wehowsky Loop Blues,Experimental,../data/raw/fma_small/015/015476.mp3
15487,Pranatarthi Haram,International,../data/raw/fma_small/015/015487.mp3
15488,Haratanaya Sree,International,../data/raw/fma_small/015/015488.mp3
15540,Introduction and Windmills,Experimental,../data/raw/fma_small/015/015540.mp3
15541,Quixote Daydreams of Dulcinea,Experimental,../data/raw/fma_small/015/015541.mp3
15542,The Golden Helmet,Experimental,../data/raw/fma_small/015/015542.mp3
15543,The Cave of Montesinos and What the Knight Saw There,Experimental,../data/raw/fma_small/015/015543.mp3
15625,Chion's Cricket,Experimental,../data/raw/fma_small/015/015625.mp3
15769,The Factory,Electronic,../data/raw/fma_small/015/015769.mp3
15770,The Boss,Electronic,../data/raw/fma_small/015/015770.mp3
15771,The Staff,Electronic,../data/raw/fma_small/015/015771.mp3
15772,The Product,Electronic,../data/raw/fma_small/015/015772.mp3
15773,The Company,Electronic,../data/raw/fma_small/015/015773.mp3
15880,Taishikichô Chôshi,International,../data/raw/fma_small/015/015880.mp3
16095,YOU GOT THE POWER,Pop,../data/raw/fma_small/016/016095.mp3
16155,Nihilist,Pop,../data/raw/fma_small/016/016155.mp3
16158,Animals,Pop,../data/raw/fma_small/016/016158.mp3
16162,Rock da Dam (Featuring Portformat),Hip-Hop,../data/raw/fma_small/016/016162.mp3
16163,11:11,Pop,../data/raw/fma_small/016/016163.mp3
16334,Kapi Radja (Ape King),International,../data/raw/fma_small/016/016334.mp3
16337,Falling,Pop,../data/raw/fma_small/016/016337.mp3
16338,Black Elk Mountain,Pop,../data/raw/fma_small/016/016338.mp3
16339,This Is No Chanson,Pop,../data/raw/fma_small/016/016339.mp3
16340,Barefoot Girl/ Pebble Road,Pop,../data/raw/fma_small/016/016340.mp3
16354,Rose of Los Angeles,Rock,../data/raw/fma_small/016/016354.mp3
16743,Laare,International,../data/raw/fma_small/016/016743.mp3
16744,Drogue,International,../data/raw/fma_small/016/016744.mp3
16745,Tara,International,../data/raw/fma_small/016/016745.mp3
16747,Kairo,International,../data/raw/fma_small/016/016747.mp3
16819,Mission Bucharest,Rock,../data/raw/fma_small/016/016819.mp3
16820,Investigation,Rock,../data/raw/fma_small/016/016820.mp3
16821,The Pharaos' Theme,Rock,../data/raw/fma_small/016/016821.mp3
16822,Warzaw Express,Rock,../data/raw/fma_small/016/016822.mp3
16878,Angular Momentum,Hip-Hop,../data/raw/fma_small/016/016878.mp3
16879,Yesterday,Hip-Hop,../data/raw/fma_small/016/016879.mp3
16880,Lampion,Hip-Hop,../data/raw/fma_small/016/016880.mp3
16895,American Standard,Pop,../data/raw/fma_small/016/016895.mp3
16994,First Christmas Song,Rock,../data/raw/fma_small/016/016994.mp3
16995,Second Christmas Song,Rock,../data/raw/fma_small/016/016995.mp3
16997,Third Christmas Song,Rock,../data/raw/fma_small/016/016997.mp3
17132,Mai,Folk,../data/raw/fma_small/017/017132.mp3
17344,Falafel Western,Pop,../data/raw/fma_small/017/017344.mp3
17345,Pop song,Pop,../data/raw/fma_small/017/017345.mp3
17462,Baby With A Bamboo Heart,Rock,../data/raw/fma_small/017/017462.mp3
17491,Weebles (Featuring Dabbla),Hip-Hop,../data/raw/fma_small/017/017491.mp3
17496,Scary Thoughts + Scary Dreams,Hip-Hop,../data/raw/fma_small/017/017496.mp3
17499,The Way the World Ends,Hip-Hop,../data/raw/fma_small/017/017499.mp3
17500,"X Man (Featuring Zack S. Byer, Dabbla, Cobes & Aynzli Jones)",Hip-Hop,../data/raw/fma_small/017/017500.mp3
17573,For Two Glitching Organs,Experimental,../data/raw/fma_small/017/017573.mp3
17588,Beach Foam,Electronic,../data/raw/fma_small/017/017588.mp3
17605,Syyn Miygak,International,../data/raw/fma_small/017/017605.mp3
17606,Dyngyldai,International,../data/raw/fma_small/017/017606.mp3
17607,Kargyraa,International,../data/raw/fma_small/017/017607.mp3
17608,Bai-Taiga,International,../data/raw/fma_small/017/017608.mp3
17609,Xöömei,International,../data/raw/fma_small/017/017609.mp3
17610,Bashtak-la Deesh Meni Kanchaar,International,../data/raw/fma_small/017/017610.mp3
17611,Chat with Rob Weisberg,International,../data/raw/fma_small/017/017611.mp3
17631,Jaliya,International,../data/raw/fma_small/017/017631.mp3
17632,N' Latéla,International,../data/raw/fma_small/017/017632.mp3
17633,Caira,International,../data/raw/fma_small/017/017633.mp3
17634,M.Samba,International,../data/raw/fma_small/017/017634.mp3
17635,Signolu,International,../data/raw/fma_small/017/017635.mp3
17636,Griot and the Family,International,../data/raw/fma_small/017/017636.mp3
17637,Bamba Bojang,International,../data/raw/fma_small/017/017637.mp3
17644,Agar Agar Is My Love,Experimental,../data/raw/fma_small/017/017644.mp3
17735,Ecstatic Rite,Rock,../data/raw/fma_small/017/017735.mp3
17782,Sit on the Moon,Hip-Hop,../data/raw/fma_small/017/017782.mp3
17884,End to Joy,Electronic,../data/raw/fma_small/017/017884.mp3
17906,I Want You Pretty,Pop,../data/raw/fma_small/017/017906.mp3
18031,Title Unknown,International,../data/raw/fma_small/018/018031.mp3
18032,Title Unknown,International,../data/raw/fma_small/018/018032.mp3
18033,Title Unknown,International,../data/raw/fma_small/018/018033.mp3
18034,Title Unknown,International,../data/raw/fma_small/018/018034.mp3
18037,Title Unknown,International,../data/raw/fma_small/018/018037.mp3
18038,Title Unknown,International,../data/raw/fma_small/018/018038.mp3
18039,Title Unknown,International,../data/raw/fma_small/018/018039.mp3
18043,Title Unknown,International,../data/raw/fma_small/018/018043.mp3
18044,Title Unknown,International,../data/raw/fma_small/018/018044.mp3
18112,Bardos,Experimental,../data/raw/fma_small/018/018112.mp3
18124,Dirty Indie Sound,Experimental,../data/raw/fma_small/018/018124.mp3
18144,cocktail lady,Pop,../data/raw/fma_small/018/018144.mp3
18145,2 scratchy 2 dance,Pop,../data/raw/fma_small/018/018145.mp3
18146,go! go !go!,Pop,../data/raw/fma_small/018/018146.mp3
18159,Just Your Game,Folk,../data/raw/fma_small/018/018159.mp3
18197,Happening for Lulu,Rock,../data/raw/fma_small/018/018197.mp3
18350,Overboard,Folk,../data/raw/fma_small/018/018350.mp3
18607,Dear Giulietta,Rock,../data/raw/fma_small/018/018607.mp3
18611,"I Love You, I'm Sorry",Rock,../data/raw/fma_small/018/018611.mp3
18876,Crowley,Experimental,../data/raw/fma_small/018/018876.mp3
18877,Schlitz commercial,Experimental,../data/raw/fma_small/018/018877.mp3
18887,Best Friend,Rock,../data/raw/fma_small/018/018887.mp3
19073,One Stringed Harp,Pop,../data/raw/fma_small/019/019073.mp3
19074,The Great Defector,Pop,../data/raw/fma_small/019/019074.mp3
19179,Mockingbird Hill,Rock,../data/raw/fma_small/019/019179.mp3
19184,They Dropped a Bomb (On Me),Rock,../data/raw/fma_small/019/019184.mp3
19187,War Is a Bitch,Rock,../data/raw/fma_small/019/019187.mp3
19192,Until the Sea Shall Free Them,Experimental,../data/raw/fma_small/019/019192.mp3
19412,Kyoto Melody,Pop,../data/raw/fma_small/019/019412.mp3
19413,Cinnamon Walls,Pop,../data/raw/fma_small/019/019413.mp3
19415,Warm Hands,Pop,../data/raw/fma_small/019/019415.mp3
19416,Cut Grass,Pop,../data/raw/fma_small/019/019416.mp3
19417,City Turtles,Pop,../data/raw/fma_small/019/019417.mp3
19418,PAIO PIRES-CACILHAS (Directo),Pop,../data/raw/fma_small/019/019418.mp3
19420,"Take Me Out Tonight, I Want To See The Stars",Pop,../data/raw/fma_small/019/019420.mp3
19422,Nothing Happens,Pop,../data/raw/fma_small/019/019422.mp3
19423,Flamingo,Pop,../data/raw/fma_small/019/019423.mp3
19425,Seventeen,Pop,../data/raw/fma_small/019/019425.mp3
19438,Stumble,Hip-Hop,../data/raw/fma_small/019/019438.mp3
19439,God Damn,Hip-Hop,../data/raw/fma_small/019/019439.mp3
19441,Resolutions (Chris Summer Remix),Pop,../data/raw/fma_small/019/019441.mp3
19442,Tongue Tied,Pop,../data/raw/fma_small/019/019442.mp3
19459,Medley 1,International,../data/raw/fma_small/019/019459.mp3
19673,Banaketwe,International,../data/raw/fma_small/019/019673.mp3
19674,Sous les Tropiques,International,../data/raw/fma_small/019/019674.mp3
19685,Phantoms,Rock,../data/raw/fma_small/019/019685.mp3
19689,Excited Lobo Crown,Pop,../data/raw/fma_small/019/019689.mp3
19707,Inside the Rain,Folk,../data/raw/fma_small/019/019707.mp3
19708,Sky Dreamer's Gold,Folk,../data/raw/fma_small/019/019708.mp3
19729,Hot Boxing The Cockpit,Hip-Hop,../data/raw/fma_small/019/019729.mp3
19758,Row,Pop,../data/raw/fma_small/019/019758.mp3
19759,Let It Go,Pop,../data/raw/fma_small/019/019759.mp3
19760,Fish in the Sea,Pop,../data/raw/fma_small/019/019760.mp3
19889,Tutu m.d.  muziq to mek u stagga,International,../data/raw/fma_small/019/019889.mp3
19890,"A crazy, bulbous punchbag of sound (ft Andy Fairle)",International,../data/raw/fma_small/019/019890.mp3
19891,Revolution: Dub of dispensation,International,../data/raw/fma_small/019/019891.mp3
20050,Let's Go Down,Rock,../data/raw/fma_small/020/020050.mp3
20296,Part 3,Experimental,../data/raw/fma_small/020/020296.mp3
20361,Penguin,Instrumental,../data/raw/fma_small/020/020361.mp3
20362,Narwhal,Instrumental,../data/raw/fma_small/020/020362.mp3
20364,Ice Cream Truck,Instrumental,../data/raw/fma_small/020/020364.mp3
20365,Transformer,Instrumental,../data/raw/fma_small/020/020365.mp3
20366,Toucan,Instrumental,../data/raw/fma_small/020/020366.mp3
20369,Love Scene,Instrumental,../data/raw/fma_small/020/020369.mp3
20372,Sedna,Instrumental,../data/raw/fma_small/020/020372.mp3
20373,Storm,Instrumental,../data/raw/fma_small/020/020373.mp3
20374,Battle,Instrumental,../data/raw/fma_small/020/020374.mp3
20375,Northern Lights,Instrumental,../data/raw/fma_small/020/020375.mp3
20376,Walrus,Instrumental,../data/raw/fma_small/020/020376.mp3
20424,Unemployment Dirge,Experimental,../data/raw/fma_small/020/020424.mp3
20432,Bubuia,International,../data/raw/fma_small/020/020432.mp3
20469,La nascita del tragicomico HipHop dallo spirito degli speaker,Hip-Hop,../data/raw/fma_small/020/020469.mp3
20667,surprisingly upbeat about it,Electronic,../data/raw/fma_small/020/020667.mp3
20704,Crack For Hippies,Pop,../data/raw/fma_small/020/020704.mp3
20818,03 The Wedding Ring,Experimental,../data/raw/fma_small/020/020818.mp3
21058,Titanic Sofas,Experimental,../data/raw/fma_small/021/021058.mp3
21085,Dispatch,Electronic,../data/raw/fma_small/021/021085.mp3
21087,part1,Folk,../data/raw/fma_small/021/021087.mp3
21167,Bouncy Castle,Electronic,../data/raw/fma_small/021/021167.mp3
21228,Dig Deep Mix,Hip-Hop,../data/raw/fma_small/021/021228.mp3
21231,"Not Like That-Collaboration Mix (ft. Mindmovie, Peter (Paddy) Bussmeier)",Pop,../data/raw/fma_small/021/021231.mp3
21232,Where I Stand,Pop,../data/raw/fma_small/021/021232.mp3
21400,Un Don D'ovules Porteur De Vie,Pop,../data/raw/fma_small/021/021400.mp3
21401,Did The Red Sea Part?,Pop,../data/raw/fma_small/021/021401.mp3
21402,"Oh, Chicken Feathers!",Pop,../data/raw/fma_small/021/021402.mp3
21403,Pony Rides,Pop,../data/raw/fma_small/021/021403.mp3
21404,Island Grows,Pop,../data/raw/fma_small/021/021404.mp3
21409,"Japanese Robot Likes Sushi, Fears President",Pop,../data/raw/fma_small/021/021409.mp3
21422,Cleaning San Fran Oil Spill With Hair Mats And Mushrooms,Electronic,../data/raw/fma_small/021/021422.mp3
21565,Funny People,Pop,../data/raw/fma_small/021/021565.mp3
21587,Polka Of Wrath,Pop,../data/raw/fma_small/021/021587.mp3
21657,Study For A Pop Band,Pop,../data/raw/fma_small/021/021657.mp3
21672,Bad Love,Pop,../data/raw/fma_small/021/021672.mp3
21676,Life is Glass,Pop,../data/raw/fma_small/021/021676.mp3
21677,I Don't Wanna Speak,Pop,../data/raw/fma_small/021/021677.mp3
21707,A Poem In Slow Motion,Folk,../data/raw/fma_small/021/021707.mp3
21774,Dutch East Indies,Experimental,../data/raw/fma_small/021/021774.mp3
21842,Tam814,Electronic,../data/raw/fma_small/021/021842.mp3
21859,Alchemy Lab,Rock,../data/raw/fma_small/021/021859.mp3
21860,Everyone Wins,Rock,../data/raw/fma_small/021/021860.mp3
21891,"Sunrise, Nightfall",Electronic,../data/raw/fma_small/021/021891.mp3
21895,Most High Dub,Electronic,../data/raw/fma_small/021/021895.mp3
21995,zero rhythm dollar boy,Pop,../data/raw/fma_small/021/021995.mp3
21996,gospellioza,Pop,../data/raw/fma_small/021/021996.mp3
21997,purity & danger,Pop,../data/raw/fma_small/021/021997.mp3
21998,karaoke megablast,Pop,../data/raw/fma_small/021/021998.mp3
21999,danse macabre,Pop,../data/raw/fma_small/021/021999.mp3
22000,kolorowe wody,Pop,../data/raw/fma_small/022/022000.mp3
22001,philcollins takes your hand,Pop,../data/raw/fma_small/022/022001.mp3
22088,House of the Rising Son,Hip-Hop,../data/raw/fma_small/022/022088.mp3
22091,Wondering Why (Featuring Nate Mezmer and Janice Bailon),Hip-Hop,../data/raw/fma_small/022/022091.mp3
22093,I'm Not Dreaming,Rock,../data/raw/fma_small/022/022093.mp3
22094,I Remember When,Hip-Hop,../data/raw/fma_small/022/022094.mp3
22095,Restless,Electronic,../data/raw/fma_small/022/022095.mp3
22097,Over Me,Pop,../data/raw/fma_small/022/022097.mp3
22150,The Horror Approaches,Experimental,../data/raw/fma_small/022/022150.mp3
22295,Sorry,Hip-Hop,../data/raw/fma_small/022/022295.mp3
22296,Je Suis Le Peuple Sans Visage Featuring Arnaud Michniak,Hip-Hop,../data/raw/fma_small/022/022296.mp3
22315,Taqasim,International,../data/raw/fma_small/022/022315.mp3
22348,The Chicken Cow,Pop,../data/raw/fma_small/022/022348.mp3
22472,Busby Berkeley,Pop,../data/raw/fma_small/022/022472.mp3
22473,Food and War,Pop,../data/raw/fma_small/022/022473.mp3
22474,John the Baby,Pop,../data/raw/fma_small/022/022474.mp3
22475,On My Mind,Pop,../data/raw/fma_small/022/022475.mp3
22476,Music For an Underground Circu,Pop,../data/raw/fma_small/022/022476.mp3
22477,Monkeystage,Pop,../data/raw/fma_small/022/022477.mp3
22478,Something Dirty,Pop,../data/raw/fma_small/022/022478.mp3
22479,Mandrill,Pop,../data/raw/fma_small/022/022479.mp3
22480,Celia,Pop,../data/raw/fma_small/022/022480.mp3
22481,The Sandman,Pop,../data/raw/fma_small/022/022481.mp3
23010,Stereo-vision radio,Electronic,../data/raw/fma_small/023/023010.mp3
23013,Bust This Bust That,Electronic,../data/raw/fma_small/023/023013.mp3
23014,These Days,Folk,../data/raw/fma_small/023/023014.mp3
23015,Falling For You (Piano Version),Folk,../data/raw/fma_small/023/023015.mp3
23016,While She Sleeps (Morning Edit),Electronic,../data/raw/fma_small/023/023016.mp3
23037,Chinese Drop,Rock,../data/raw/fma_small/023/023037.mp3
23039,First Comes Rug Burn Then Comes Fire,Pop,../data/raw/fma_small/023/023039.mp3
23041,Cold Age,Rock,../data/raw/fma_small/023/023041.mp3
23063,poor economic policies,Experimental,../data/raw/fma_small/023/023063.mp3
23155,Bouchon (with Les Gauchers Quintet),International,../data/raw/fma_small/023/023155.mp3
23156,Biens souvent (with Les Gauchers Quintet),International,../data/raw/fma_small/023/023156.mp3
23172,Octopussy,Rock,../data/raw/fma_small/023/023172.mp3
23329,Sexual Vulnurability,Experimental,../data/raw/fma_small/023/023329.mp3
23353,Eigenvalue Subspace Decomposition,Electronic,../data/raw/fma_small/023/023353.mp3
23355,Length and Brecht /Synaecide Remix/,Electronic,../data/raw/fma_small/023/023355.mp3
23371,I Want To Destroy Something Beautiful,Folk,../data/raw/fma_small/023/023371.mp3
23372,Walkampfchampagne,Electronic,../data/raw/fma_small/023/023372.mp3
23505,Cliverpool,Electronic,../data/raw/fma_small/023/023505.mp3
23862,Datahell Beta,Electronic,../data/raw/fma_small/023/023862.mp3
24216,Bleached Beach,Experimental,../data/raw/fma_small/024/024216.mp3
24217,Redgrave,Experimental,../data/raw/fma_small/024/024217.mp3
24218,Under the Color Cave,Experimental,../data/raw/fma_small/024/024218.mp3
24362,Outro,International,../data/raw/fma_small/024/024362.mp3
24363,Intro,International,../data/raw/fma_small/024/024363.mp3
24364,Liberace Afternoon,International,../data/raw/fma_small/024/024364.mp3
24365,Shipwrecked Sailors,International,../data/raw/fma_small/024/024365.mp3
24366,El Danzon de Noventa Millas,International,../data/raw/fma_small/024/024366.mp3
24367,The Devil's Dance,International,../data/raw/fma_small/024/024367.mp3
24368,El Capitan,International,../data/raw/fma_small/024/024368.mp3
24369,Nobody Told Me,International,../data/raw/fma_small/024/024369.mp3
24370,Sr. Balaban,International,../data/raw/fma_small/024/024370.mp3
24371,Mauricio,International,../data/raw/fma_small/024/024371.mp3
24418,"6,49",Hip-Hop,../data/raw/fma_small/024/024418.mp3
24420,1982,Hip-Hop,../data/raw/fma_small/024/024420.mp3
24421,Black Ant,Hip-Hop,../data/raw/fma_small/024/024421.mp3
24422,Boomerang,Hip-Hop,../data/raw/fma_small/024/024422.mp3
24423,D8M3,Hip-Hop,../data/raw/fma_small/024/024423.mp3
24424,fACEMELTERmp3,Hip-Hop,../data/raw/fma_small/024/024424.mp3
24425,Fater Lee,Hip-Hop,../data/raw/fma_small/024/024425.mp3
24426,government funded weed,Hip-Hop,../data/raw/fma_small/024/024426.mp3
24427,Michael Vendette,Hip-Hop,../data/raw/fma_small/024/024427.mp3
24428,Underdog,Hip-Hop,../data/raw/fma_small/024/024428.mp3
24429,Oh K.,Hip-Hop,../data/raw/fma_small/024/024429.mp3
24430,Self Explainitory,Hip-Hop,../data/raw/fma_small/024/024430.mp3
24431,5 Piece,Hip-Hop,../data/raw/fma_small/024/024431.mp3
24432,Christmas Eve 2009,Hip-Hop,../data/raw/fma_small/024/024432.mp3
24512,Schreien,Experimental,../data/raw/fma_small/024/024512.mp3
24515,Ne Me,Experimental,../data/raw/fma_small/024/024515.mp3
24521,Flightless For Candy,Experimental,../data/raw/fma_small/024/024521.mp3
24524,T.O.U.C.H.I.N.G,Experimental,../data/raw/fma_small/024/024524.mp3
24698,Hora Lui Perisani,International,../data/raw/fma_small/024/024698.mp3
24699,Hora Moldavaneasca,International,../data/raw/fma_small/024/024699.mp3
24700,Hora De Mana,International,../data/raw/fma_small/024/024700.mp3
24701,(banter),International,../data/raw/fma_small/024/024701.mp3
24702,Klezmer Hora,International,../data/raw/fma_small/024/024702.mp3
24717,O Kurjam Kan O,International,../data/raw/fma_small/024/024717.mp3
24720,Besena Rovena / Beqare Moj,International,../data/raw/fma_small/024/024720.mp3
24739,Mileva Racenica,International,../data/raw/fma_small/024/024739.mp3
24741,Davaj Me,International,../data/raw/fma_small/024/024741.mp3
24742,Pajdusko,International,../data/raw/fma_small/024/024742.mp3
24745,Hora Colaj,International,../data/raw/fma_small/024/024745.mp3
24746,Tutti Frutti / Portocala,International,../data/raw/fma_small/024/024746.mp3
24747,Mamuliga Branzali / Dimeneata se Numara Banii,International,../data/raw/fma_small/024/024747.mp3
24748,Hora Nuca,International,../data/raw/fma_small/024/024748.mp3
24749,Batuta,International,../data/raw/fma_small/024/024749.mp3
24842,Tango Toscana,International,../data/raw/fma_small/024/024842.mp3
24898,paris-children,Experimental,../data/raw/fma_small/024/024898.mp3
24899,paris-stationloop,Experimental,../data/raw/fma_small/024/024899.mp3
24901,barcelona-practice,Experimental,../data/raw/fma_small/024/024901.mp3
24912,lisbon-flute,Experimental,../data/raw/fma_small/024/024912.mp3
24915,italy-station,Experimental,../data/raw/fma_small/024/024915.mp3
24917,lisbon-ambience,Experimental,../data/raw/fma_small/024/024917.mp3
24963,Sexy Party,Experimental,../data/raw/fma_small/024/024963.mp3
24975,Hungarian Tango,Experimental,../data/raw/fma_small/024/024975.mp3
24983,Singing in the Raindrops Keep,Experimental,../data/raw/fma_small/024/024983.mp3
25028,La Circiuma de la Drum-Bessarabian Rom Hora,International,../data/raw/fma_small/025/025028.mp3
25029,Loli Phobay,International,../data/raw/fma_small/025/025029.mp3
25030,Shimdiggy / Batuta,International,../data/raw/fma_small/025/025030.mp3
25031,Tuchi v Golubom,International,../data/raw/fma_small/025/025031.mp3
25032,Cocek Kadrievi,International,../data/raw/fma_small/025/025032.mp3
25033,Hochu Lyubit,International,../data/raw/fma_small/025/025033.mp3
25055,Judgement Day,Pop,../data/raw/fma_small/025/025055.mp3
25063,between cloud and land,Experimental,../data/raw/fma_small/025/025063.mp3
25066,Laugh Chile Puree,Electronic,../data/raw/fma_small/025/025066.mp3
25104,Black Cat Veins,Pop,../data/raw/fma_small/025/025104.mp3
25124,Bridge Jumping,Pop,../data/raw/fma_small/025/025124.mp3
25215,Ruchenitsa,International,../data/raw/fma_small/025/025215.mp3
25216,Kolo Iz Sumadije,International,../data/raw/fma_small/025/025216.mp3
25227,"Tjønnblomen, waltz",International,../data/raw/fma_small/025/025227.mp3
25232,"Sjåheimen, Valdresspringar",International,../data/raw/fma_small/025/025232.mp3
25233,"Urheimen, vossarull",International,../data/raw/fma_small/025/025233.mp3
25234,"Ruske-Sara, telespringar",International,../data/raw/fma_small/025/025234.mp3
25235,"Jon Vestafe, telespringar",International,../data/raw/fma_small/025/025235.mp3
25324,Low Budget Cable Sketch Comedy Show Instrumental Theme Song,Experimental,../data/raw/fma_small/025/025324.mp3
25378,"love, ignorant",Electronic,../data/raw/fma_small/025/025378.mp3
25601,7th Sea Dub in Twilight,International,../data/raw/fma_small/025/025601.mp3
25603,Tribute to Volfoniq (Auverne Mix),International,../data/raw/fma_small/025/025603.mp3
25605,Tribute to Disrupt (Nah Fuk Round Riddim),International,../data/raw/fma_small/025/025605.mp3
25606,Tread Wise (Version),International,../data/raw/fma_small/025/025606.mp3
25608,Ambassadors,International,../data/raw/fma_small/025/025608.mp3
25609,Leipzig Im Winter,International,../data/raw/fma_small/025/025609.mp3
25668,Love not money (feat. Solo Banton & Sam),International,../data/raw/fma_small/025/025668.mp3
25669,Love not monnaie (feat. Tribuman),International,../data/raw/fma_small/025/025669.mp3
25670,Mystic riddim,International,../data/raw/fma_small/025/025670.mp3
25795,Abre caminhos,International,../data/raw/fma_small/025/025795.mp3
25796,Liberate,International,../data/raw/fma_small/025/025796.mp3
25797,Adubando,International,../data/raw/fma_small/025/025797.mp3
25802,Satisfacao,International,../data/raw/fma_small/025/025802.mp3
25804,Celebrando a vida,International,../data/raw/fma_small/025/025804.mp3
26007,Can I Help U?,Hip-Hop,../data/raw/fma_small/026/026007.mp3
26008,Planetary Picknick,Hip-Hop,../data/raw/fma_small/026/026008.mp3
26010,Freeze The Cut,Hip-Hop,../data/raw/fma_small/026/026010.mp3
26011,Take a Look,Hip-Hop,../data/raw/fma_small/026/026011.mp3
26012,True Form,Hip-Hop,../data/raw/fma_small/026/026012.mp3
26013,Thursday is Thursdy,Hip-Hop,../data/raw/fma_small/026/026013.mp3
26014,Whenever You Wanna Call Me,Hip-Hop,../data/raw/fma_small/026/026014.mp3
26016,She Knows Me Now (re-edit),Hip-Hop,../data/raw/fma_small/026/026016.mp3
26017,Remember Something I Forgot,Hip-Hop,../data/raw/fma_small/026/026017.mp3
26020,Emotional Draft,Hip-Hop,../data/raw/fma_small/026/026020.mp3
26021,Hairy Crushed Nuts,Hip-Hop,../data/raw/fma_small/026/026021.mp3
26022,The Hunt,Hip-Hop,../data/raw/fma_small/026/026022.mp3
26025,Swabian Sound System,Hip-Hop,../data/raw/fma_small/026/026025.mp3
26026,Miles of Smiles,Hip-Hop,../data/raw/fma_small/026/026026.mp3
26034,Dro Please,Hip-Hop,../data/raw/fma_small/026/026034.mp3
26035,For You,Hip-Hop,../data/raw/fma_small/026/026035.mp3
26036,Spread Love to Ya,Hip-Hop,../data/raw/fma_small/026/026036.mp3
26169,MJ's Grave,Pop,../data/raw/fma_small/026/026169.mp3
26174,A Place to Call Home,Pop,../data/raw/fma_small/026/026174.mp3
26298,"Slow Down, Joe",Pop,../data/raw/fma_small/026/026298.mp3
26301,The Dance Of The Sugar Plumb Fairy,Experimental,../data/raw/fma_small/026/026301.mp3
26302,Ode To Demons,Folk,../data/raw/fma_small/026/026302.mp3
26307,96,Experimental,../data/raw/fma_small/026/026307.mp3
26322,Gnos Levohs,Experimental,../data/raw/fma_small/026/026322.mp3
26464,Falling Off the Map,Folk,../data/raw/fma_small/026/026464.mp3
26465,Toot! Toot!,Folk,../data/raw/fma_small/026/026465.mp3
26466,Burning Bridge,Folk,../data/raw/fma_small/026/026466.mp3
26583,"""Jane Icin (For Jane - In Turkish)"" by Charles Bukowski",Experimental,../data/raw/fma_small/026/026583.mp3
26600,"""(Me up at does)"" by E. E. Cummings",Experimental,../data/raw/fma_small/026/026600.mp3
26605,"""Ella Fitzgerald"" by James A. Emanuel",Experimental,../data/raw/fma_small/026/026605.mp3
26629,Heroic Hexa Epic,Electronic,../data/raw/fma_small/026/026629.mp3
26638,02,Rock,../data/raw/fma_small/026/026638.mp3
26639,03,Rock,../data/raw/fma_small/026/026639.mp3
26640,04,Rock,../data/raw/fma_small/026/026640.mp3
26641,05,Rock,../data/raw/fma_small/026/026641.mp3
26642,06,Rock,../data/raw/fma_small/026/026642.mp3
26643,07,Rock,../data/raw/fma_small/026/026643.mp3
26651,Deep Sky Blue,Electronic,../data/raw/fma_small/026/026651.mp3
26652,Bleuacide,Electronic,../data/raw/fma_small/026/026652.mp3
26653,Yellow Ocher,Electronic,../data/raw/fma_small/026/026653.mp3
26654,Midnight Blue JzDnB,Electronic,../data/raw/fma_small/026/026654.mp3
26655,Frosty Blue,Electronic,../data/raw/fma_small/026/026655.mp3
26656,Sea Green,Electronic,../data/raw/fma_small/026/026656.mp3
26657,Reed Gray,Electronic,../data/raw/fma_small/026/026657.mp3
26658,Burn Tumber JzDnB,Electronic,../data/raw/fma_small/026/026658.mp3
26659,Cyanos,Electronic,../data/raw/fma_small/026/026659.mp3
26674,Solaris,Rock,../data/raw/fma_small/026/026674.mp3
26681,Latino,Rock,../data/raw/fma_small/026/026681.mp3
26754,Alarm Clock,Pop,../data/raw/fma_small/026/026754.mp3
26765,Everybody Is Happy,Pop,../data/raw/fma_small/026/026765.mp3
26859,ruby cactus,Electronic,../data/raw/fma_small/026/026859.mp3
26861,yellow cactus,Electronic,../data/raw/fma_small/026/026861.mp3
26902,The Hit,Electronic,../data/raw/fma_small/026/026902.mp3
26904,Boys Say Only You feat. Yazoo,Electronic,../data/raw/fma_small/026/026904.mp3
26905,Viking Conquistador feat. Acid Terrorist,Electronic,../data/raw/fma_small/026/026905.mp3
26906,Invader Tune,Electronic,../data/raw/fma_small/026/026906.mp3
27164,thisis a humalong (feat. featherbeard),Pop,../data/raw/fma_small/027/027164.mp3
27177,Quartz Boy,Electronic,../data/raw/fma_small/027/027177.mp3
27194,Barcelona Afrobeat 07,International,../data/raw/fma_small/027/027194.mp3
27195,Barcelona Afrobeat 01,International,../data/raw/fma_small/027/027195.mp3
27197,Barcelona Afrobeat 03,International,../data/raw/fma_small/027/027197.mp3
27198,Barcelona Afrobeat 04,International,../data/raw/fma_small/027/027198.mp3
27258,The Divine Invasion,Folk,../data/raw/fma_small/027/027258.mp3
27406,Cafe de Brasil,Electronic,../data/raw/fma_small/027/027406.mp3
27454,Track 1,Experimental,../data/raw/fma_small/027/027454.mp3
27455,Track 2,Experimental,../data/raw/fma_small/027/027455.mp3
27456,Track 3,Experimental,../data/raw/fma_small/027/027456.mp3
27547,I'm a Sir,Pop,../data/raw/fma_small/027/027547.mp3
27548,Mesin Penenun Hujan,Pop,../data/raw/fma_small/027/027548.mp3
27549,Rat and Cat,Pop,../data/raw/fma_small/027/027549.mp3
27550,Sepasang Kekasih Yang Pertama Bercinta Di Luar Angkasa,Pop,../data/raw/fma_small/027/027550.mp3
27551,"Salahku, Sahabatku",Pop,../data/raw/fma_small/027/027551.mp3
27552,Glow,Pop,../data/raw/fma_small/027/027552.mp3
27609,Baile me por Tangos,International,../data/raw/fma_small/027/027609.mp3
27610,Big Foot (Cuántos Años),International,../data/raw/fma_small/027/027610.mp3
27611,La Juerga en Estado Puro,International,../data/raw/fma_small/027/027611.mp3
27612,Que te Quiero Yo,International,../data/raw/fma_small/027/027612.mp3
27613,Los Dolores de Juana,International,../data/raw/fma_small/027/027613.mp3
27667,Deep Performance,Electronic,../data/raw/fma_small/027/027667.mp3
27673,Marche pour la cérémonie turque,Electronic,../data/raw/fma_small/027/027673.mp3
27797,Come to Gwangju with Me (ft. Grizzly616),Pop,../data/raw/fma_small/027/027797.mp3
27798,Inspire Me Forever (Secret Anomaly Jonez Mix),Electronic,../data/raw/fma_small/027/027798.mp3
27799,Elevator,Hip-Hop,../data/raw/fma_small/027/027799.mp3
27802,Like A Flock Of Birds In Flight,Pop,../data/raw/fma_small/027/027802.mp3
27803,"After the War (ft. Alex, MoShang, HEJ31)",Experimental,../data/raw/fma_small/027/027803.mp3
27804,|Two Sides| Why? (ft. Colin Mutchler & Mykleanthony),Folk,../data/raw/fma_small/027/027804.mp3
27805,Both Eyes Closed (ft. Panu Moon),Pop,../data/raw/fma_small/027/027805.mp3
27855,Sunset Spiral,Folk,../data/raw/fma_small/027/027855.mp3
27856,Rival,Folk,../data/raw/fma_small/027/027856.mp3
27866,Solo Guitar,Experimental,../data/raw/fma_small/027/027866.mp3
27945,(b) I Know How,Experimental,../data/raw/fma_small/027/027945.mp3
27953,(a) The Forest,International,../data/raw/fma_small/027/027953.mp3
27975,Ladrang WILUJENG,International,../data/raw/fma_small/027/027975.mp3
27978,Gending MOON,International,../data/raw/fma_small/027/027978.mp3
27981,"Ladrang ASMARADANA, Slendro Ma",International,../data/raw/fma_small/027/027981.mp3
27987,Bubaran UDAN MAS,International,../data/raw/fma_small/027/027987.mp3
28070,Romantic Girl,Rock,../data/raw/fma_small/028/028070.mp3
28072,Nice to Know You,Rock,../data/raw/fma_small/028/028072.mp3
28179,Raise Riddim,Electronic,../data/raw/fma_small/028/028179.mp3
28241,Greek Yoghurt Advice,Experimental,../data/raw/fma_small/028/028241.mp3
28260,Leave You Forever,Rock,../data/raw/fma_small/028/028260.mp3
28266,Working Song,Rock,../data/raw/fma_small/028/028266.mp3
28274,There Goes My Girl,Rock,../data/raw/fma_small/028/028274.mp3
28375,Salutation,Experimental,../data/raw/fma_small/028/028375.mp3
28376,The Doppler Shift,Experimental,../data/raw/fma_small/028/028376.mp3
28477,Feel It,Pop,../data/raw/fma_small/028/028477.mp3
28478,Drowning In The Dark,Pop,../data/raw/fma_small/028/028478.mp3
28479,The Turquoise,Pop,../data/raw/fma_small/028/028479.mp3
28480,Will Be A Dream,Pop,../data/raw/fma_small/028/028480.mp3
28481,Met Some New Colors,Pop,../data/raw/fma_small/028/028481.mp3
28482,Perennial,Pop,../data/raw/fma_small/028/028482.mp3
28483,Owl Eyes,Pop,../data/raw/fma_small/028/028483.mp3
28484,Fools,Pop,../data/raw/fma_small/028/028484.mp3
28485,Good Person,Pop,../data/raw/fma_small/028/028485.mp3
28546,Our Slanted Voices (ft. Colin Mutchler),Electronic,../data/raw/fma_small/028/028546.mp3
28548,summer,Electronic,../data/raw/fma_small/028/028548.mp3
28553,Lullaby,Electronic,../data/raw/fma_small/028/028553.mp3
28571,Epic,Experimental,../data/raw/fma_small/028/028571.mp3
28608,VOLCANO,Pop,../data/raw/fma_small/028/028608.mp3
28692,You A Grave,Rock,../data/raw/fma_small/028/028692.mp3
28802,Eating Babies,Pop,../data/raw/fma_small/028/028802.mp3
29037,raw instrumental pt.1,Electronic,../data/raw/fma_small/029/029037.mp3
29039,malva (instrumental),Electronic,../data/raw/fma_small/029/029039.mp3
29040,raw instrumental pt2,Electronic,../data/raw/fma_small/029/029040.mp3
29041,switches (instrumetal),Electronic,../data/raw/fma_small/029/029041.mp3
29042,darix togni,Electronic,../data/raw/fma_small/029/029042.mp3
29043,perro,Electronic,../data/raw/fma_small/029/029043.mp3
29044,ekiti son feat valeska - april deegee rmx,Electronic,../data/raw/fma_small/029/029044.mp3
29045,I Want You,Pop,../data/raw/fma_small/029/029045.mp3
29128,gymnosperm,Pop,../data/raw/fma_small/029/029128.mp3
29180,mamido,Pop,../data/raw/fma_small/029/029180.mp3
29243,Blue Hardrock Spasm,Pop,../data/raw/fma_small/029/029243.mp3
29245,The Angel,Pop,../data/raw/fma_small/029/029245.mp3
29255,Lounge Light,Pop,../data/raw/fma_small/029/029255.mp3
29271,Discount Store,Pop,../data/raw/fma_small/029/029271.mp3
29272,Cycle Fragment,Experimental,../data/raw/fma_small/029/029272.mp3
29350,"Misa en Quechua en Pisac, Perú - 7 7",International,../data/raw/fma_small/029/029350.mp3
29351,tipac tipac,International,../data/raw/fma_small/029/029351.mp3
29355,Yayno,International,../data/raw/fma_small/029/029355.mp3
29465,Aunt Sqrot & Narcoleptus Git,Experimental,../data/raw/fma_small/029/029465.mp3
29480,Fighting Challenge,Folk,../data/raw/fma_small/029/029480.mp3
29526,Blast Off!,Electronic,../data/raw/fma_small/029/029526.mp3
29528,And I know that you're happy (ballad of the lonesome spaceboy),Electronic,../data/raw/fma_small/029/029528.mp3
29530,Spooky Loop,Electronic,../data/raw/fma_small/029/029530.mp3
29587,The Story Of Mr Busalot Trailer (Bonus Track),Hip-Hop,../data/raw/fma_small/029/029587.mp3
29602,L'Automne En Amour,Hip-Hop,../data/raw/fma_small/029/029602.mp3
29673,I.C.,Electronic,../data/raw/fma_small/029/029673.mp3
29718,Controlled Relaxation,Hip-Hop,../data/raw/fma_small/029/029718.mp3
29719,Man vs. Monkey,Hip-Hop,../data/raw/fma_small/029/029719.mp3
29720,S.P.Y.,Hip-Hop,../data/raw/fma_small/029/029720.mp3
29721,You Can Never Escape The Underground,Hip-Hop,../data/raw/fma_small/029/029721.mp3
29738,Just Say Booger (Brody and the Booger Brigade),Experimental,../data/raw/fma_small/029/029738.mp3
29739,Big Blue Day,Experimental,../data/raw/fma_small/029/029739.mp3
29740,The Jagables,Experimental,../data/raw/fma_small/029/029740.mp3
29741,Il Circo Smorfioso,Experimental,../data/raw/fma_small/029/029741.mp3
29742,Penguin and Sea Lion,Experimental,../data/raw/fma_small/029/029742.mp3
29744,All You Need Is Toys,Experimental,../data/raw/fma_small/029/029744.mp3
29745,Spunky Left Two Three,Experimental,../data/raw/fma_small/029/029745.mp3
29746,Dont Let Sheep Play The Piano (Lee and Sheep),Experimental,../data/raw/fma_small/029/029746.mp3
29747,Padi Badi Bap (Mister Jan and His Singing Little Spiders),Experimental,../data/raw/fma_small/029/029747.mp3
29750,The Little Monkey Song,Experimental,../data/raw/fma_small/029/029750.mp3
29752,Row Row Row Your Boat (Mister Jan),Experimental,../data/raw/fma_small/029/029752.mp3
29807,Intro / Reggae 1 / Rising Son,Rock,../data/raw/fma_small/029/029807.mp3
29813,Reggae 2,Rock,../data/raw/fma_small/029/029813.mp3
29816,In The Fall,Electronic,../data/raw/fma_small/029/029816.mp3
29961,Villaintime Madness,Hip-Hop,../data/raw/fma_small/029/029961.mp3
29971,wild tape,Folk,../data/raw/fma_small/029/029971.mp3
30041,Rocket Into The Future,Hip-Hop,../data/raw/fma_small/030/030041.mp3
30043,Soul Hip Hop,Hip-Hop,../data/raw/fma_small/030/030043.mp3
30050,Accordion,Hip-Hop,../data/raw/fma_small/030/030050.mp3
30056,Gypsy,Hip-Hop,../data/raw/fma_small/030/030056.mp3
30058,JazzBass,Hip-Hop,../data/raw/fma_small/030/030058.mp3
30059,MC Cullah's Guitar,Hip-Hop,../data/raw/fma_small/030/030059.mp3
30090,Tribal 23 Tribute,Experimental,../data/raw/fma_small/030/030090.mp3
30095,Millenium Samba,Experimental,../data/raw/fma_small/030/030095.mp3
30120,test-3º SOME PIANOS AND A BICYCLE,Experimental,../data/raw/fma_small/030/030120.mp3
30196,Phase Of Prisms,Instrumental,../data/raw/fma_small/030/030196.mp3
30198,Son Of Tegwar,Experimental,../data/raw/fma_small/030/030198.mp3
30230,TIME/Leap,Hip-Hop,../data/raw/fma_small/030/030230.mp3
30316,Frozen Assets,Experimental,../data/raw/fma_small/030/030316.mp3
30486,gneiss,Pop,../data/raw/fma_small/030/030486.mp3
30487,probably digging my own grave,Pop,../data/raw/fma_small/030/030487.mp3
30488,that face you wear,Pop,../data/raw/fma_small/030/030488.mp3
30519,Icarus,Electronic,../data/raw/fma_small/030/030519.mp3
30520,Robot Sneakers,Electronic,../data/raw/fma_small/030/030520.mp3
30521,Missing You,Electronic,../data/raw/fma_small/030/030521.mp3
30522,At Teh Disko,Electronic,../data/raw/fma_small/030/030522.mp3
30636,connecticut,Experimental,../data/raw/fma_small/030/030636.mp3
30682,Daymare (Meth Lounge mix by Fez Dispenser),Experimental,../data/raw/fma_small/030/030682.mp3
30690,Magma,Experimental,../data/raw/fma_small/030/030690.mp3
30702,Walk through Trees,Experimental,../data/raw/fma_small/030/030702.mp3
30740,Part IV,Experimental,../data/raw/fma_small/030/030740.mp3
30895,Camuffarsi e Mantenere la Calma (Al Pianobar),Electronic,../data/raw/fma_small/030/030895.mp3
31040,Hallon,Electronic,../data/raw/fma_small/031/031040.mp3
31041,5,Electronic,../data/raw/fma_small/031/031041.mp3
31042,FB-01_#2,Electronic,../data/raw/fma_small/031/031042.mp3
31043,The Professor's Lab,Electronic,../data/raw/fma_small/031/031043.mp3
31044,In The Belly Of Gorgul,Electronic,../data/raw/fma_small/031/031044.mp3
31165,A palavra / O primeiro passo,International,../data/raw/fma_small/031/031165.mp3
31356,Toot Toot,Folk,../data/raw/fma_small/031/031356.mp3
31389,Last Night,Folk,../data/raw/fma_small/031/031389.mp3
31390,Hands of Time,Folk,../data/raw/fma_small/031/031390.mp3
31391,More Love,Folk,../data/raw/fma_small/031/031391.mp3
31392,Siren Song,Folk,../data/raw/fma_small/031/031392.mp3
31568,Morning News,Electronic,../data/raw/fma_small/031/031568.mp3
31807,Oh Eve,Folk,../data/raw/fma_small/031/031807.mp3
31887,Gavotte,International,../data/raw/fma_small/031/031887.mp3
31888,Pach Pi,International,../data/raw/fma_small/031/031888.mp3
31889,Pierig a Fransoazig,International,../data/raw/fma_small/031/031889.mp3
31999,I Want a House,Rock,../data/raw/fma_small/031/031999.mp3
32001,Ginger,Rock,../data/raw/fma_small/032/032001.mp3
32021,Christmas,Rock,../data/raw/fma_small/032/032021.mp3
32075,Rocker's Night Out (Punk for a Day),Rock,../data/raw/fma_small/032/032075.mp3
32081,Miss Two Knives,Rock,../data/raw/fma_small/032/032081.mp3
32218,Happy Sun,Electronic,../data/raw/fma_small/032/032218.mp3
32325,Krime,Pop,../data/raw/fma_small/032/032325.mp3
32326,Spatabit,Pop,../data/raw/fma_small/032/032326.mp3
32327,Mr Head Talks About His Testic,Pop,../data/raw/fma_small/032/032327.mp3
32328,A Frog's Cheese,Pop,../data/raw/fma_small/032/032328.mp3
32329,Elephant Juice,Pop,../data/raw/fma_small/032/032329.mp3
32330,Happy Birthday to Your Mother,Pop,../data/raw/fma_small/032/032330.mp3
32331,My Purple Shirt,Pop,../data/raw/fma_small/032/032331.mp3
32332,Les,Pop,../data/raw/fma_small/032/032332.mp3
32333,Bride of Chucky,Pop,../data/raw/fma_small/032/032333.mp3
32334,Brown Rainbows,Pop,../data/raw/fma_small/032/032334.mp3
32335,Legs on a Wine Glass,Pop,../data/raw/fma_small/032/032335.mp3
32336,Blatant Drunken Lies,Pop,../data/raw/fma_small/032/032336.mp3
32337,I Invented Everything,Pop,../data/raw/fma_small/032/032337.mp3
32338,Bad Boy,Pop,../data/raw/fma_small/032/032338.mp3
32339,The Crap Lion,Pop,../data/raw/fma_small/032/032339.mp3
32340,A Man Called Dave,Pop,../data/raw/fma_small/032/032340.mp3
32433,Wake Up,Electronic,../data/raw/fma_small/032/032433.mp3
32435,Password,Electronic,../data/raw/fma_small/032/032435.mp3
32437,Healing,Electronic,../data/raw/fma_small/032/032437.mp3
32438,Go! Go! Go!,Electronic,../data/raw/fma_small/032/032438.mp3
32439,Chased By A Running Chupacabra,Electronic,../data/raw/fma_small/032/032439.mp3
32525,I Can't Help Falling in Love with You,Pop,../data/raw/fma_small/032/032525.mp3
32686,Class,Hip-Hop,../data/raw/fma_small/032/032686.mp3
32687,You and Me,Hip-Hop,../data/raw/fma_small/032/032687.mp3
32689,Lazy Groove,Hip-Hop,../data/raw/fma_small/032/032689.mp3
32693,Organic,Hip-Hop,../data/raw/fma_small/032/032693.mp3
32694,Take a Trip and Never Leave the Farm,Hip-Hop,../data/raw/fma_small/032/032694.mp3
32695,In Too Deep,Hip-Hop,../data/raw/fma_small/032/032695.mp3
32755,Teknical Development,Hip-Hop,../data/raw/fma_small/032/032755.mp3
32756,Ninety Days,Folk,../data/raw/fma_small/032/032756.mp3
32759,And The Pond Life Flourished,Pop,../data/raw/fma_small/032/032759.mp3
32760,Bury The Doubt,Pop,../data/raw/fma_small/032/032760.mp3
32800,It's Not The Heat (It's The Humidity),Folk,../data/raw/fma_small/032/032800.mp3
32882,Crown City Rockers - No Sense (Remix),Hip-Hop,../data/raw/fma_small/032/032882.mp3
33020,Whistling/Cartoons,Rock,../data/raw/fma_small/033/033020.mp3
33049,Carnival,Folk,../data/raw/fma_small/033/033049.mp3
33050,It's Funny,Folk,../data/raw/fma_small/033/033050.mp3
33064,Little Toys,Electronic,../data/raw/fma_small/033/033064.mp3
33067,Gran Pecador,International,../data/raw/fma_small/033/033067.mp3
33068,Loca,International,../data/raw/fma_small/033/033068.mp3
33069,Sombrero - Calentones,International,../data/raw/fma_small/033/033069.mp3
33070,Villera Mistica,International,../data/raw/fma_small/033/033070.mp3
33071,La Gata Bajo La Lluvia,International,../data/raw/fma_small/033/033071.mp3
33072,Lanzaplatos,International,../data/raw/fma_small/033/033072.mp3
33123,Piano  5-1,Electronic,../data/raw/fma_small/033/033123.mp3
33124,Colazione su saturno,Electronic,../data/raw/fma_small/033/033124.mp3
33203,African Era,Electronic,../data/raw/fma_small/033/033203.mp3
33216,Noi Doi (Silent Strike Remix),Electronic,../data/raw/fma_small/033/033216.mp3
33221,Belladonna,Electronic,../data/raw/fma_small/033/033221.mp3
33278,Rails,Experimental,../data/raw/fma_small/033/033278.mp3
33415,Folklore Inca-Qheswa,International,../data/raw/fma_small/033/033415.mp3
33422,DIANA      Quiñota   Chumbivilcas(2),International,../data/raw/fma_small/033/033422.mp3
33424,???,International,../data/raw/fma_small/033/033424.mp3
33426,CANTOS DE LAS JOVENES,International,../data/raw/fma_small/033/033426.mp3
33446,Mad About You,Folk,../data/raw/fma_small/033/033446.mp3
33459,Cherry Cherry,Rock,../data/raw/fma_small/033/033459.mp3
33460,So Sick,Rock,../data/raw/fma_small/033/033460.mp3
33461,Make Out Club,Rock,../data/raw/fma_small/033/033461.mp3
33465,West Coast Love Affair,Rock,../data/raw/fma_small/033/033465.mp3
33477,"Some nights when our dreams were scratched away, we tried to remain calm with the Single String Charmer",Experimental,../data/raw/fma_small/033/033477.mp3
33486,location 6,Experimental,../data/raw/fma_small/033/033486.mp3
33538,Roka,Rock,../data/raw/fma_small/033/033538.mp3
33992,Oblivion,Rock,../data/raw/fma_small/033/033992.mp3
34003,On Eerie Bonds,Experimental,../data/raw/fma_small/034/034003.mp3
34147,05 Russian Dance,Folk,../data/raw/fma_small/034/034147.mp3
34167,WFMU Freestyle,Hip-Hop,../data/raw/fma_small/034/034167.mp3
34257,Ocean,Experimental,../data/raw/fma_small/034/034257.mp3
34258,Work,Experimental,../data/raw/fma_small/034/034258.mp3
34263,Nature's Cry,Experimental,../data/raw/fma_small/034/034263.mp3
34484,Comic Topic,Folk,../data/raw/fma_small/034/034484.mp3
34510,Section 5,Experimental,../data/raw/fma_small/034/034510.mp3
34511,Vilse (Slutet Cover),Pop,../data/raw/fma_small/034/034511.mp3
34994,Dear Listener,Experimental,../data/raw/fma_small/034/034994.mp3
34996,Ritual,Experimental,../data/raw/fma_small/034/034996.mp3
35007,Volker Goes to Spain,Experimental,../data/raw/fma_small/035/035007.mp3
35008,Sadness,Experimental,../data/raw/fma_small/035/035008.mp3
35182,Glimmer (Album Version),Pop,../data/raw/fma_small/035/035182.mp3
35184,U Fine,Pop,../data/raw/fma_small/035/035184.mp3
35198,It's Now or Never (Elvis Presley),Experimental,../data/raw/fma_small/035/035198.mp3
35199,Know (Nick Drake),Experimental,../data/raw/fma_small/035/035199.mp3
35204,Gnossienne No 1 (Erik Satie),Experimental,../data/raw/fma_small/035/035204.mp3
35296,Super Antihistamine,Electronic,../data/raw/fma_small/035/035296.mp3
35299,Petdestroyer,Electronic,../data/raw/fma_small/035/035299.mp3
35443,Song With No Name,Folk,../data/raw/fma_small/035/035443.mp3
35444,Wick,Experimental,../data/raw/fma_small/035/035444.mp3
35462,Solo improvisation,Experimental,../data/raw/fma_small/035/035462.mp3
35527,Downtown,Rock,../data/raw/fma_small/035/035527.mp3
35534,Feed The One,Rock,../data/raw/fma_small/035/035534.mp3
35535,Old Old Story,Rock,../data/raw/fma_small/035/035535.mp3
35537,Indian Summer,Rock,../data/raw/fma_small/035/035537.mp3
35539,Oh Oh Oh,Rock,../data/raw/fma_small/035/035539.mp3
35541,After All That's Happened,Rock,../data/raw/fma_small/035/035541.mp3
35543,It Could Be You,Rock,../data/raw/fma_small/035/035543.mp3
35544,Facing the Sea,Pop,../data/raw/fma_small/035/035544.mp3
35545,Try 01,Pop,../data/raw/fma_small/035/035545.mp3
35549,Laugh Tracks,Pop,../data/raw/fma_small/035/035549.mp3
35550,Glimmer,Pop,../data/raw/fma_small/035/035550.mp3
35569,Education After Auschwitz (Bonus Track),Electronic,../data/raw/fma_small/035/035569.mp3
35571,Dunebuggy,Rock,../data/raw/fma_small/035/035571.mp3
35608,Second Hand News,Pop,../data/raw/fma_small/035/035608.mp3
35734,Animateur commercial intime,Folk,../data/raw/fma_small/035/035734.mp3
36096,your name is rain,Electronic,../data/raw/fma_small/036/036096.mp3
36097,it was magic,Electronic,../data/raw/fma_small/036/036097.mp3
36099,morpheus,Electronic,../data/raw/fma_small/036/036099.mp3
36143,Beautiful Android,Electronic,../data/raw/fma_small/036/036143.mp3
36144,Apollo Wakes,Electronic,../data/raw/fma_small/036/036144.mp3
36145,In a Dream Where I'm Sleeping,Electronic,../data/raw/fma_small/036/036145.mp3
36146,In The Face Of,Electronic,../data/raw/fma_small/036/036146.mp3
36147,PMoos - Champagne Dreamz (Shatterfreak's 0% Alcohol Remix),Electronic,../data/raw/fma_small/036/036147.mp3
36245,::Intro,Electronic,../data/raw/fma_small/036/036245.mp3
36257,::Flowers,Electronic,../data/raw/fma_small/036/036257.mp3
36258,Contact,Electronic,../data/raw/fma_small/036/036258.mp3
36261,Audhumla,Electronic,../data/raw/fma_small/036/036261.mp3
36272,"Competition Rehearsal, Song 1",International,../data/raw/fma_small/036/036272.mp3
36273,"Competition Rehearsal, Song 2",International,../data/raw/fma_small/036/036273.mp3
36275,"Restaurant Concert, Song 1",International,../data/raw/fma_small/036/036275.mp3
36277,"Restaurant Concert, Song 2",International,../data/raw/fma_small/036/036277.mp3
36302,Horn's for breakfast,Hip-Hop,../data/raw/fma_small/036/036302.mp3
36304,the cherry tree,Hip-Hop,../data/raw/fma_small/036/036304.mp3
36322,Sweet as a cat,Folk,../data/raw/fma_small/036/036322.mp3
36333,Wedding,Folk,../data/raw/fma_small/036/036333.mp3
36371,U.G.L.Y. (CC BY-NC-SA 3.0),Pop,../data/raw/fma_small/036/036371.mp3
36380,Cybernator (CC BY-NC-SA 3.0),Electronic,../data/raw/fma_small/036/036380.mp3
36388,Bridges,Pop,../data/raw/fma_small/036/036388.mp3
36428,The lack of anything good,Electronic,../data/raw/fma_small/036/036428.mp3
36435,Please Mind the Dubstep,Electronic,../data/raw/fma_small/036/036435.mp3
36481,fashion city,Rock,../data/raw/fma_small/036/036481.mp3
36526,Faith Defies the Night,Rock,../data/raw/fma_small/036/036526.mp3
36560,09 jungle,Pop,../data/raw/fma_small/036/036560.mp3
36567,Blue Orchid (The White Stripes),Experimental,../data/raw/fma_small/036/036567.mp3
36614,sCare bears,Pop,../data/raw/fma_small/036/036614.mp3
36615,Owl be yours,Pop,../data/raw/fma_small/036/036615.mp3
36616,three horses,Pop,../data/raw/fma_small/036/036616.mp3
36618,the deceptive time machine,Pop,../data/raw/fma_small/036/036618.mp3
36643,Desperate Den of Snakes,Pop,../data/raw/fma_small/036/036643.mp3
36659,Lucky,Electronic,../data/raw/fma_small/036/036659.mp3
36799,Tanah,Experimental,../data/raw/fma_small/036/036799.mp3
36959,Facing the Sea (Album Version),Pop,../data/raw/fma_small/036/036959.mp3
36961,Requiem for Wolf,Pop,../data/raw/fma_small/036/036961.mp3
36965,U Fine (TSP's 8-Bit Edit),Pop,../data/raw/fma_small/036/036965.mp3
36966,Glimmer (mGee's the Boom and the Bap Remix),Pop,../data/raw/fma_small/036/036966.mp3
36983,B.,Hip-Hop,../data/raw/fma_small/036/036983.mp3
36984,Natural Organics,Hip-Hop,../data/raw/fma_small/036/036984.mp3
36985,Mother Earth,Hip-Hop,../data/raw/fma_small/036/036985.mp3
36986,Sleep.,Hip-Hop,../data/raw/fma_small/036/036986.mp3
36987,james p. funk 2,Hip-Hop,../data/raw/fma_small/036/036987.mp3
36988,Damn.,Hip-Hop,../data/raw/fma_small/036/036988.mp3
36990,Brain HOle 9,Hip-Hop,../data/raw/fma_small/036/036990.mp3
36992,Space Goat Remix,Hip-Hop,../data/raw/fma_small/036/036992.mp3
36994,Put it together,Hip-Hop,../data/raw/fma_small/036/036994.mp3
36997,Abstract Concepts - What up in the streets,Hip-Hop,../data/raw/fma_small/036/036997.mp3
36998,bonsoir tiroir!,Electronic,../data/raw/fma_small/036/036998.mp3
36999,"Restaurant Concert, Song 3",International,../data/raw/fma_small/036/036999.mp3
37041,Improvisation,Experimental,../data/raw/fma_small/037/037041.mp3
37111,Devil's Candy Shop,Instrumental,../data/raw/fma_small/037/037111.mp3
37113,Very Scary (Part 2),Instrumental,../data/raw/fma_small/037/037113.mp3
37119,Dark Hallway,Instrumental,../data/raw/fma_small/037/037119.mp3
37121,The Story of the Stairs,Experimental,../data/raw/fma_small/037/037121.mp3
37131,Dracular's Revenge,Electronic,../data/raw/fma_small/037/037131.mp3
37136,Don't Think I Don't Miss You,Pop,../data/raw/fma_small/037/037136.mp3
37141,Eller,Instrumental,../data/raw/fma_small/037/037141.mp3
37147,Soul of the Demon,Rock,../data/raw/fma_small/037/037147.mp3
37324,Synecek (Little Son),Pop,../data/raw/fma_small/037/037324.mp3
37325,Bili_Ptaci (White Birds),Pop,../data/raw/fma_small/037/037325.mp3
37368,Fisherman's Friend,Pop,../data/raw/fma_small/037/037368.mp3
37369,Grasping for Thoughts,Pop,../data/raw/fma_small/037/037369.mp3
37416,Octo Gate,Hip-Hop,../data/raw/fma_small/037/037416.mp3
37417,Locust Ritual,Hip-Hop,../data/raw/fma_small/037/037417.mp3
37423,Crimson Snow,Hip-Hop,../data/raw/fma_small/037/037423.mp3
37538,Latin Electronico,Experimental,../data/raw/fma_small/037/037538.mp3
37592,Tablespoon Cataract,Rock,../data/raw/fma_small/037/037592.mp3
37725,The Stars Behind,Rock,../data/raw/fma_small/037/037725.mp3
37727,Tommygun Angel,Rock,../data/raw/fma_small/037/037727.mp3
37730,Sometimes Words,Rock,../data/raw/fma_small/037/037730.mp3
37731,Limerick,Rock,../data/raw/fma_small/037/037731.mp3
37779,Carroussel,Experimental,../data/raw/fma_small/037/037779.mp3
37781,El Circo de Nunca Jamás,Experimental,../data/raw/fma_small/037/037781.mp3
37784,My Little Pony,Experimental,../data/raw/fma_small/037/037784.mp3
37859,In The Hall Of The Mountain King,Rock,../data/raw/fma_small/037/037859.mp3
37911,A Dyslexic Dumb Dead Voice,Instrumental,../data/raw/fma_small/037/037911.mp3
37920,8 Bit Raceway,Electronic,../data/raw/fma_small/037/037920.mp3
38312,A72,Experimental,../data/raw/fma_small/038/038312.mp3
38321,Door Peeper,International,../data/raw/fma_small/038/038321.mp3
38323,Unza Unza live at Pacific Parc De Dichter,International,../data/raw/fma_small/038/038323.mp3
38326,Tchakare Kanyembe track 03,International,../data/raw/fma_small/038/038326.mp3
38351,Memories of a machine,International,../data/raw/fma_small/038/038351.mp3
38352,Business of panic (instrumental),International,../data/raw/fma_small/038/038352.mp3
38353,Sunny day (instrumental),International,../data/raw/fma_small/038/038353.mp3
38354,Not free but not afraid (instrumental),International,../data/raw/fma_small/038/038354.mp3
38361,First Wind,Folk,../data/raw/fma_small/038/038361.mp3
38362,Around Under,Folk,../data/raw/fma_small/038/038362.mp3
38363,Conclusion,Folk,../data/raw/fma_small/038/038363.mp3
38365,Stop that mission (instrumental),International,../data/raw/fma_small/038/038365.mp3
38399,"O Pastor, a Droga e as Visões",Folk,../data/raw/fma_small/038/038399.mp3
38435,Beloved Girlfriend,Rock,../data/raw/fma_small/038/038435.mp3
38450,Let the little children come to me,Experimental,../data/raw/fma_small/038/038450.mp3
38522,Cellos,Rock,../data/raw/fma_small/038/038522.mp3
38557,Surfing With My 2 Little Brothers,Rock,../data/raw/fma_small/038/038557.mp3
38560,Diesel Rainbow Surface,International,../data/raw/fma_small/038/038560.mp3
38775,"Kesh Jig, Leitrim Fancy",International,../data/raw/fma_small/038/038775.mp3
38776,Silver Spear,International,../data/raw/fma_small/038/038776.mp3
38777,Star of the County Down,International,../data/raw/fma_small/038/038777.mp3
38778,"Gander in the Pratie Hole, Morrison's Jig, Drowsy Maggie",International,../data/raw/fma_small/038/038778.mp3
38779,Carolan's Draught,International,../data/raw/fma_small/038/038779.mp3
38780,Maid Behind the Bar,International,../data/raw/fma_small/038/038780.mp3
38781,"Denis Murphy's, John Ryan's",International,../data/raw/fma_small/038/038781.mp3
38782,Wild Mountain Thyme,International,../data/raw/fma_small/038/038782.mp3
38783,Banish,International,../data/raw/fma_small/038/038783.mp3
38784,Julia Delaney,International,../data/raw/fma_small/038/038784.mp3
38785,"Si Beag Si Mor, Snowy Path",International,../data/raw/fma_small/038/038785.mp3
38817,The Banshee. Gravel Walks. The Old Copperplate,International,../data/raw/fma_small/038/038817.mp3
38818,Mairi's Wedding,International,../data/raw/fma_small/038/038818.mp3
38819,The Butterfly. Kid on the Mountain,International,../data/raw/fma_small/038/038819.mp3
38820,Fear a Bhata,International,../data/raw/fma_small/038/038820.mp3
38821,Britches Full of Stitches. Munster Bank. Bill Sullivan's (The A Polkas),International,../data/raw/fma_small/038/038821.mp3
38822,The Manx Lullaby,International,../data/raw/fma_small/038/038822.mp3
38823,Scully's Reel. Mrs McLeod's. Cooley's Reel,International,../data/raw/fma_small/038/038823.mp3
38824,Lakes of Pontchartrain,International,../data/raw/fma_small/038/038824.mp3
38825,Lark in the Morning. The Atholl Highlanders,International,../data/raw/fma_small/038/038825.mp3
38826,She Moved Through the Fair,International,../data/raw/fma_small/038/038826.mp3
38827,The Crosses of Annagh. The Humors of Tulla. The Cup of Tea,International,../data/raw/fma_small/038/038827.mp3
38828,Denis Murphy's Polka. I'll Tell Me Ma. John Ryan's Polka,International,../data/raw/fma_small/038/038828.mp3
38829,Fanny Power,International,../data/raw/fma_small/038/038829.mp3
38830,Jig of Slurs. Dublin Reel - Merry Blacksmith. The Mountain Road,International,../data/raw/fma_small/038/038830.mp3
38833,Black Velvet Band,International,../data/raw/fma_small/038/038833.mp3
38834,Sally Gardens,International,../data/raw/fma_small/038/038834.mp3
38847,Ambiguity,Experimental,../data/raw/fma_small/038/038847.mp3
38859,Berries,Experimental,../data/raw/fma_small/038/038859.mp3
38878,Traveller,Electronic,../data/raw/fma_small/038/038878.mp3
38879,"the beginning, actually",Experimental,../data/raw/fma_small/038/038879.mp3
38880,favorites,Experimental,../data/raw/fma_small/038/038880.mp3
38881,and who gives a shit,Experimental,../data/raw/fma_small/038/038881.mp3
38882,speedmetal machine music,Experimental,../data/raw/fma_small/038/038882.mp3
38884,surf ace noise,Experimental,../data/raw/fma_small/038/038884.mp3
38886,magic,Experimental,../data/raw/fma_small/038/038886.mp3
38887,high fidelity,Experimental,../data/raw/fma_small/038/038887.mp3
38888,party,Experimental,../data/raw/fma_small/038/038888.mp3
38890,sex machine,Experimental,../data/raw/fma_small/038/038890.mp3
38891,justified,Experimental,../data/raw/fma_small/038/038891.mp3
38892,moi non plus,Experimental,../data/raw/fma_small/038/038892.mp3
38893,fahr far fun,Experimental,../data/raw/fma_small/038/038893.mp3
38894,name that tune,Experimental,../data/raw/fma_small/038/038894.mp3
38895,howlin' wolf,Experimental,../data/raw/fma_small/038/038895.mp3
38896,sardana,Experimental,../data/raw/fma_small/038/038896.mp3
38898,violins,Experimental,../data/raw/fma_small/038/038898.mp3
38899,fly me to the moon,Experimental,../data/raw/fma_small/038/038899.mp3
38900,hello dolly,Experimental,../data/raw/fma_small/038/038900.mp3
38901,rock around the click,Experimental,../data/raw/fma_small/038/038901.mp3
38902,la valse Ã  mille echos,Experimental,../data/raw/fma_small/038/038902.mp3
38904,typewriting,Experimental,../data/raw/fma_small/038/038904.mp3
38905,si los curas,Experimental,../data/raw/fma_small/038/038905.mp3
38906,horses,Experimental,../data/raw/fma_small/038/038906.mp3
38907,take me to the movies,Experimental,../data/raw/fma_small/038/038907.mp3
38908,look ma no hands,Experimental,../data/raw/fma_small/038/038908.mp3
38910,greyish,Experimental,../data/raw/fma_small/038/038910.mp3
38911,pink remedy,Experimental,../data/raw/fma_small/038/038911.mp3
38912,ego,Experimental,../data/raw/fma_small/038/038912.mp3
38914,"whip me, christy",Experimental,../data/raw/fma_small/038/038914.mp3
38955,Bird Of Prey,Pop,../data/raw/fma_small/038/038955.mp3
38961,Feel It,Pop,../data/raw/fma_small/038/038961.mp3
38964,The Robots,Experimental,../data/raw/fma_small/038/038964.mp3
38965,Lullaby,Experimental,../data/raw/fma_small/038/038965.mp3
38966,Horrorphone,Experimental,../data/raw/fma_small/038/038966.mp3
38967,Spooky,Experimental,../data/raw/fma_small/038/038967.mp3
39188,Get Wright With Gould (more Surfjams with Sufjan),Experimental,../data/raw/fma_small/039/039188.mp3
39259,Murder in The Dark,Experimental,../data/raw/fma_small/039/039259.mp3
39278,"Chicago, Etc.",Experimental,../data/raw/fma_small/039/039278.mp3
39291,Citylife (Meme vs Xan),Electronic,../data/raw/fma_small/039/039291.mp3
39298,Fourty niners,Rock,../data/raw/fma_small/039/039298.mp3
39316,Hart Island,Experimental,../data/raw/fma_small/039/039316.mp3
39317,Brave New World,Experimental,../data/raw/fma_small/039/039317.mp3
39318,A Dream of Heaven in a Terminal Ward,Experimental,../data/raw/fma_small/039/039318.mp3
39357,Waragine a ragine,International,../data/raw/fma_small/039/039357.mp3
39359,The last hours of sunshine,Rock,../data/raw/fma_small/039/039359.mp3
39378,Most Polite are Imaginary My Friends (R Knot-sh!),Experimental,../data/raw/fma_small/039/039378.mp3
39484,Minoree,Experimental,../data/raw/fma_small/039/039484.mp3
39488,CELTIC IN BRAZIL,Folk,../data/raw/fma_small/039/039488.mp3
39530,Bird Of Prey (Album Version),Pop,../data/raw/fma_small/039/039530.mp3
39605,Disco High,Electronic,../data/raw/fma_small/039/039605.mp3
39607,Unexpected Little Happenings,Electronic,../data/raw/fma_small/039/039607.mp3
39658,Hott R Nott,Pop,../data/raw/fma_small/039/039658.mp3
39659,Good Moves,Pop,../data/raw/fma_small/039/039659.mp3
39660,Womb,Pop,../data/raw/fma_small/039/039660.mp3
39661,AVP,Pop,../data/raw/fma_small/039/039661.mp3
39662,Bigg Boy,Pop,../data/raw/fma_small/039/039662.mp3
39663,Til It Stops Talkin,Pop,../data/raw/fma_small/039/039663.mp3
39664,My Girl,Pop,../data/raw/fma_small/039/039664.mp3
39665,Can't Catch A Break,Pop,../data/raw/fma_small/039/039665.mp3
39666,Meals On Wheels,Pop,../data/raw/fma_small/039/039666.mp3
39667,Your Troubles + Feelin Down,Pop,../data/raw/fma_small/039/039667.mp3
39875,Sexual Energy,Experimental,../data/raw/fma_small/039/039875.mp3
39900,Air Stairs,Experimental,../data/raw/fma_small/039/039900.mp3
39904,As The Times Ends Comes The Fire,Experimental,../data/raw/fma_small/039/039904.mp3
40121,Last Chants,Experimental,../data/raw/fma_small/040/040121.mp3
40122,Deep Cover,Experimental,../data/raw/fma_small/040/040122.mp3
40123,Heavy Deeds,Experimental,../data/raw/fma_small/040/040123.mp3
40133,Two Headed Baby,Rock,../data/raw/fma_small/040/040133.mp3
40134,Death March,Rock,../data/raw/fma_small/040/040134.mp3
40139,Horror,Rock,../data/raw/fma_small/040/040139.mp3
40141,"A Sure Thing (""wedding song"")",Rock,../data/raw/fma_small/040/040141.mp3
40147,Opening Title,Experimental,../data/raw/fma_small/040/040147.mp3
40161,Tarantella Tomatoes,Experimental,../data/raw/fma_small/040/040161.mp3
40180,Sweet Lily,Experimental,../data/raw/fma_small/040/040180.mp3
40182,Wires On Words,Experimental,../data/raw/fma_small/040/040182.mp3
40229,The Sound & The Sea,Folk,../data/raw/fma_small/040/040229.mp3
40230,Lay Your Head On The Rails (& Comeback),Folk,../data/raw/fma_small/040/040230.mp3
40231,Mouth of Seven Tongues,Folk,../data/raw/fma_small/040/040231.mp3
40232,South of Portland,Folk,../data/raw/fma_small/040/040232.mp3
40233,Destin Rain,Folk,../data/raw/fma_small/040/040233.mp3
40234,Oh My Child,Folk,../data/raw/fma_small/040/040234.mp3
40235,"This is Record, OK?",Folk,../data/raw/fma_small/040/040235.mp3
40236,Waiting Is ...,Folk,../data/raw/fma_small/040/040236.mp3
40237,Moo-Hoo,Folk,../data/raw/fma_small/040/040237.mp3
40238,AIRAID AIR RAID,Folk,../data/raw/fma_small/040/040238.mp3
40239,She-Wander(er),Folk,../data/raw/fma_small/040/040239.mp3
40240,Creepin' Crazy Time,Folk,../data/raw/fma_small/040/040240.mp3
40241,Reverse Hymnal,Folk,../data/raw/fma_small/040/040241.mp3
40242,Song for RO-HE-GE,Folk,../data/raw/fma_small/040/040242.mp3
40243,Coming Home Pt. III,Folk,../data/raw/fma_small/040/040243.mp3
40244,... Is All We Have,Folk,../data/raw/fma_small/040/040244.mp3
40245,Ringers in the Fold,Folk,../data/raw/fma_small/040/040245.mp3
40250,Ponds,Instrumental,../data/raw/fma_small/040/040250.mp3
40509,Light Field (excerpt),Experimental,../data/raw/fma_small/040/040509.mp3
40525,sweet and lowdown,Hip-Hop,../data/raw/fma_small/040/040525.mp3
40541,kiss of halloween,Hip-Hop,../data/raw/fma_small/040/040541.mp3
40542,kiss of halloween instrumental,Hip-Hop,../data/raw/fma_small/040/040542.mp3
40598,How Interesting! How Bizarre!,Experimental,../data/raw/fma_small/040/040598.mp3
40654,A Boat in the Fog and a Battle,Instrumental,../data/raw/fma_small/040/040654.mp3
40655,The Dragon,Instrumental,../data/raw/fma_small/040/040655.mp3
40656,Into The Sewers,Instrumental,../data/raw/fma_small/040/040656.mp3
40657,Opium,Instrumental,../data/raw/fma_small/040/040657.mp3
40658,The Auction 1,Instrumental,../data/raw/fma_small/040/040658.mp3
40659,The Auction 2,Instrumental,../data/raw/fma_small/040/040659.mp3
40660,Pursuit,Instrumental,../data/raw/fma_small/040/040660.mp3
40683,Interloper,Electronic,../data/raw/fma_small/040/040683.mp3
40725,It's My Life Welcome To It,Electronic,../data/raw/fma_small/040/040725.mp3
40842,Death Proof,Electronic,../data/raw/fma_small/040/040842.mp3
40843,Sunshine,Electronic,../data/raw/fma_small/040/040843.mp3
40844,E.M.F.H.,Electronic,../data/raw/fma_small/040/040844.mp3
40845,Rouge,Electronic,../data/raw/fma_small/040/040845.mp3
40851,Moving Toward You,Electronic,../data/raw/fma_small/040/040851.mp3
40903,The Devil is a Sad Spirit,Rock,../data/raw/fma_small/040/040903.mp3
40908,Safe And Sound,Experimental,../data/raw/fma_small/040/040908.mp3
40909,Adele,Experimental,../data/raw/fma_small/040/040909.mp3
40938,Not As Pretty,Rock,../data/raw/fma_small/040/040938.mp3
40940,Maria (and) Could Not Call It Love (and) How Do You Sleep,Rock,../data/raw/fma_small/040/040940.mp3
40984,Crooked,Rock,../data/raw/fma_small/040/040984.mp3
40985,Chocolate Makes You Happy,Rock,../data/raw/fma_small/040/040985.mp3
40986,Doubt,Rock,../data/raw/fma_small/040/040986.mp3
41018,Au royaume de la money,International,../data/raw/fma_small/041/041018.mp3
41019,Manifesto,International,../data/raw/fma_small/041/041019.mp3
41020,Digital system,International,../data/raw/fma_small/041/041020.mp3
41054,RELAX,Experimental,../data/raw/fma_small/041/041054.mp3
41095,The Lonely Smurfer,Rock,../data/raw/fma_small/041/041095.mp3
41147,Anti War Mindbot,Electronic,../data/raw/fma_small/041/041147.mp3
41191,Candyboy,Folk,../data/raw/fma_small/041/041191.mp3
41192,Storms That Breed,Folk,../data/raw/fma_small/041/041192.mp3
41310,Mercury Spring,Folk,../data/raw/fma_small/041/041310.mp3
41381,CREEPEOPLE,Pop,../data/raw/fma_small/041/041381.mp3
41568,Dismissal,Pop,../data/raw/fma_small/041/041568.mp3
41570,UnDaTheC acoustic version,Folk,../data/raw/fma_small/041/041570.mp3
41573,Autumn,Instrumental,../data/raw/fma_small/041/041573.mp3
41605,Side A Journey,Experimental,../data/raw/fma_small/041/041605.mp3
41709,ABBA,Experimental,../data/raw/fma_small/041/041709.mp3
41714,Radiohead,Experimental,../data/raw/fma_small/041/041714.mp3
41812,Flashback Documentary of Indonesian Independence Hegemony,Rock,../data/raw/fma_small/041/041812.mp3
41819,A SAD KID,Pop,../data/raw/fma_small/041/041819.mp3
41820,THE FASTEST CAR,Pop,../data/raw/fma_small/041/041820.mp3
41825,THE DEADLIEST CAR (HAUNTED),Pop,../data/raw/fma_small/041/041825.mp3
41961,Chasmaeon,Rock,../data/raw/fma_small/041/041961.mp3
41962,Living Tribunal,Rock,../data/raw/fma_small/041/041962.mp3
41965,Servant Eye,Rock,../data/raw/fma_small/041/041965.mp3
41971,El Agujero,Instrumental,../data/raw/fma_small/041/041971.mp3
41983,...,Instrumental,../data/raw/fma_small/041/041983.mp3
42014,Skango - Volfoniq rmx (Canada),International,../data/raw/fma_small/042/042014.mp3
42016,Them never love the flowers - Jambassa rmx by Dub One! (Germany),International,../data/raw/fma_small/042/042016.mp3
42017,There is a tower on that hill (Greece),International,../data/raw/fma_small/042/042017.mp3
42018,La boite a track (Spain),Electronic,../data/raw/fma_small/042/042018.mp3
42019,Them Never Love No Bans - DnB Mix (Germany),Electronic,../data/raw/fma_small/042/042019.mp3
42020,Real Avatar  (Jamaica),International,../data/raw/fma_small/042/042020.mp3
42023,No Banned Dubs  (Greece),International,../data/raw/fma_small/042/042023.mp3
42025,Live much longer (Jamaica),International,../data/raw/fma_small/042/042025.mp3
42029,Drumsong Riddim - dubshot's boombastic redub (Lowlands),International,../data/raw/fma_small/042/042029.mp3
42030,Live to Raze again (Jamaica),International,../data/raw/fma_small/042/042030.mp3
42031,Henri Martin Affair  (Sweden),International,../data/raw/fma_small/042/042031.mp3
42040,Enjoy Your Holiday,Hip-Hop,../data/raw/fma_small/042/042040.mp3
42044,NanowaR,Rock,../data/raw/fma_small/042/042044.mp3
42045,The Great Break-off,Hip-Hop,../data/raw/fma_small/042/042045.mp3
42046,Bottles of Reason,Hip-Hop,../data/raw/fma_small/042/042046.mp3
42048,Fractals,Pop,../data/raw/fma_small/042/042048.mp3
42119,Heavy Metal Attack Part 2,Experimental,../data/raw/fma_small/042/042119.mp3
42126,Too Far,Experimental,../data/raw/fma_small/042/042126.mp3
42129,Full-A-Blues,Experimental,../data/raw/fma_small/042/042129.mp3
42135,E Boogie,Experimental,../data/raw/fma_small/042/042135.mp3
42138,Capture My Soul,Experimental,../data/raw/fma_small/042/042138.mp3
42139,Bebop Rain,Experimental,../data/raw/fma_small/042/042139.mp3
42141,Smoke In The Blues Bar,Experimental,../data/raw/fma_small/042/042141.mp3
42146,Blues For Brownie,Experimental,../data/raw/fma_small/042/042146.mp3
42234,Lacin Cocek,International,../data/raw/fma_small/042/042234.mp3
42235,[interview],International,../data/raw/fma_small/042/042235.mp3
42236,Kozarica Kolo,International,../data/raw/fma_small/042/042236.mp3
42238,Srebrin,International,../data/raw/fma_small/042/042238.mp3
42240,Vranski Cocek,International,../data/raw/fma_small/042/042240.mp3
42241,Boki Trinaest,International,../data/raw/fma_small/042/042241.mp3
42243,Prodzo Selo,International,../data/raw/fma_small/042/042243.mp3
42245,Michael's Ruchenitsa,International,../data/raw/fma_small/042/042245.mp3
42247,Cororo,International,../data/raw/fma_small/042/042247.mp3
42310,Sumar (intro),Rock,../data/raw/fma_small/042/042310.mp3
42372,Only Instrumental,Electronic,../data/raw/fma_small/042/042372.mp3
42373,Mell's Parade,Electronic,../data/raw/fma_small/042/042373.mp3
42374,My Luck,Electronic,../data/raw/fma_small/042/042374.mp3
42375,Day Bird,Electronic,../data/raw/fma_small/042/042375.mp3
42376,My Always Mood,Electronic,../data/raw/fma_small/042/042376.mp3
42377,Night Owl,Electronic,../data/raw/fma_small/042/042377.mp3
42442,A2 Altcheringa,Rock,../data/raw/fma_small/042/042442.mp3
42463,A 1 still a rambler,Folk,../data/raw/fma_small/042/042463.mp3
42475,A 1 Freedom voice of my soul,Rock,../data/raw/fma_small/042/042475.mp3
42648,anita the saggitarius,Folk,../data/raw/fma_small/042/042648.mp3
42659,Nick Drake,Folk,../data/raw/fma_small/042/042659.mp3
42751,Butterfly,Pop,../data/raw/fma_small/042/042751.mp3
42761,BLACK FOREST,Rock,../data/raw/fma_small/042/042761.mp3
42789,SLEEPING OUTDOORS,Rock,../data/raw/fma_small/042/042789.mp3
42844,Men Don't Cry,Rock,../data/raw/fma_small/042/042844.mp3
42851,Manson Halloween,Rock,../data/raw/fma_small/042/042851.mp3
42911,MEDICAL SEX,Pop,../data/raw/fma_small/042/042911.mp3
42914,BLOWN,Pop,../data/raw/fma_small/042/042914.mp3
42915,FACE FARM,Pop,../data/raw/fma_small/042/042915.mp3
42966,Kids,Experimental,../data/raw/fma_small/042/042966.mp3
42984,Lamp Happy Camp,Experimental,../data/raw/fma_small/042/042984.mp3
43016,[conclusion],International,../data/raw/fma_small/043/043016.mp3
43018,Oske Cherde,International,../data/raw/fma_small/043/043018.mp3
43019,[interview],International,../data/raw/fma_small/043/043019.mp3
43020,Sygyt,International,../data/raw/fma_small/043/043020.mp3
43021,[interview],International,../data/raw/fma_small/043/043021.mp3
43022,Kongurri,International,../data/raw/fma_small/043/043022.mp3
43023,[interview],International,../data/raw/fma_small/043/043023.mp3
43024,Kargyraa,International,../data/raw/fma_small/043/043024.mp3
43025,[interview],International,../data/raw/fma_small/043/043025.mp3
43026,Chyraa Khoor,International,../data/raw/fma_small/043/043026.mp3
43027,[interview],International,../data/raw/fma_small/043/043027.mp3
43028,Samagaldai,International,../data/raw/fma_small/043/043028.mp3
43029,[interview],International,../data/raw/fma_small/043/043029.mp3
43030,"Yzhelen Gis, Dorteleen Gis",International,../data/raw/fma_small/043/043030.mp3
43063,nature prevails,Experimental,../data/raw/fma_small/043/043063.mp3
43172,Koka,International,../data/raw/fma_small/043/043172.mp3
43173,Meri Gori Gori,International,../data/raw/fma_small/043/043173.mp3
43516,Varshaver,International,../data/raw/fma_small/043/043516.mp3
43517,Heifitz' Frailach,International,../data/raw/fma_small/043/043517.mp3
43518,Dance Medley,International,../data/raw/fma_small/043/043518.mp3
43519,"Play It Again, Dave",International,../data/raw/fma_small/043/043519.mp3
43520,Der Heyser Bulgar,International,../data/raw/fma_small/043/043520.mp3
43521,Sammy's Medley,International,../data/raw/fma_small/043/043521.mp3
43533,Halay,International,../data/raw/fma_small/043/043533.mp3
43534,Ayabibi,International,../data/raw/fma_small/043/043534.mp3
43535,Sirtos (from Yiannitsa),International,../data/raw/fma_small/043/043535.mp3
43536,Suleyman Aga,International,../data/raw/fma_small/043/043536.mp3
43585,Rumelaj,International,../data/raw/fma_small/043/043585.mp3
43586,Nacht en gan Eden,International,../data/raw/fma_small/043/043586.mp3
43587,Arrol Alol,International,../data/raw/fma_small/043/043587.mp3
43588,L'chaim,International,../data/raw/fma_small/043/043588.mp3
43589,Bubamara,International,../data/raw/fma_small/043/043589.mp3
43590,Vlasko,International,../data/raw/fma_small/043/043590.mp3
43592,Am Pistol,International,../data/raw/fma_small/043/043592.mp3
43593,Auzi Mama,International,../data/raw/fma_small/043/043593.mp3
43594,"Liberte, Egalite, Fraternite, et Deportez (speech)",International,../data/raw/fma_small/043/043594.mp3
43595,Intr-o Zi La Poarta Mea,International,../data/raw/fma_small/043/043595.mp3
43596,Hora,International,../data/raw/fma_small/043/043596.mp3
43598,Amari szi Amari,International,../data/raw/fma_small/043/043598.mp3
43599,Goldenshteyn,International,../data/raw/fma_small/043/043599.mp3
43600,"Repülj Madar, Repülj",International,../data/raw/fma_small/043/043600.mp3
43608,15 minute exorcise (excerpt),Experimental,../data/raw/fma_small/043/043608.mp3
43621,Sickly Sweet 1 (unfettered),Folk,../data/raw/fma_small/043/043621.mp3
43623,Steak and Acid/Claudette colbert,Folk,../data/raw/fma_small/043/043623.mp3
43691,Nirvana,Experimental,../data/raw/fma_small/043/043691.mp3
43695,Halay,International,../data/raw/fma_small/043/043695.mp3
43696,Los Bilbilicos,International,../data/raw/fma_small/043/043696.mp3
43697,Süleyman Ağa,International,../data/raw/fma_small/043/043697.mp3
43698,Syrtos,International,../data/raw/fma_small/043/043698.mp3
43699,Varshaver,International,../data/raw/fma_small/043/043699.mp3
43761,Me so horny 2,Folk,../data/raw/fma_small/043/043761.mp3
43765,Nova Zemja,International,../data/raw/fma_small/043/043765.mp3
43766,Memede Zlatna Ptica,International,../data/raw/fma_small/043/043766.mp3
43767,Pesna bez Zborovi/More Tri Godini,International,../data/raw/fma_small/043/043767.mp3
43768,Franklin'in Karsilamasi,International,../data/raw/fma_small/043/043768.mp3
43773,Phantoms & Fortunes,Pop,../data/raw/fma_small/043/043773.mp3
43796,Sun explosion.mp3,Folk,../data/raw/fma_small/043/043796.mp3
43842,Dark dark darkest space w Ian-Chris,Folk,../data/raw/fma_small/043/043842.mp3
43843,Sickly Brazil,Folk,../data/raw/fma_small/043/043843.mp3
43844,swimming in random thrift store items,Hip-Hop,../data/raw/fma_small/043/043844.mp3
43856,raiz latina,Hip-Hop,../data/raw/fma_small/043/043856.mp3
43857,fuckthatpimptalking,Hip-Hop,../data/raw/fma_small/043/043857.mp3
43858,tell me how,Hip-Hop,../data/raw/fma_small/043/043858.mp3
43859,tameka method (pt.1),Hip-Hop,../data/raw/fma_small/043/043859.mp3
43860,20 years,Hip-Hop,../data/raw/fma_small/043/043860.mp3
43861,loosemarbles,Hip-Hop,../data/raw/fma_small/043/043861.mp3
43863,western chow yun-fat,Hip-Hop,../data/raw/fma_small/043/043863.mp3
43865,up north,Hip-Hop,../data/raw/fma_small/043/043865.mp3
43866,contemplate jat,Hip-Hop,../data/raw/fma_small/043/043866.mp3
43867,one last try,Hip-Hop,../data/raw/fma_small/043/043867.mp3
43868,ididntknow,Hip-Hop,../data/raw/fma_small/043/043868.mp3
43869,as jimmy used to say,Hip-Hop,../data/raw/fma_small/043/043869.mp3
43883,crickets,Experimental,../data/raw/fma_small/043/043883.mp3
43886,gunfight at natural history museum,Experimental,../data/raw/fma_small/043/043886.mp3
43899,04 The Duo ft DJ BrerRabbit - 70s Comic Interlude Pt.2,Hip-Hop,../data/raw/fma_small/043/043899.mp3
43911,fresh handmade,Hip-Hop,../data/raw/fma_small/043/043911.mp3
43962,At the Foothills,Folk,../data/raw/fma_small/043/043962.mp3
43965,American Gothic,Folk,../data/raw/fma_small/043/043965.mp3
44092,Future Paths,Electronic,../data/raw/fma_small/044/044092.mp3
44110,Indian Landmark,Experimental,../data/raw/fma_small/044/044110.mp3
44169,Absence of Day and Night 1,Experimental,../data/raw/fma_small/044/044169.mp3
44236,With Me (Instrumental),Hip-Hop,../data/raw/fma_small/044/044236.mp3
44342,The Path,Experimental,../data/raw/fma_small/044/044342.mp3
44347,Lanternhouse II,Experimental,../data/raw/fma_small/044/044347.mp3
44354,British Steam,Experimental,../data/raw/fma_small/044/044354.mp3
44355,Library,Experimental,../data/raw/fma_small/044/044355.mp3
44777,Old Wedding Song,Folk,../data/raw/fma_small/044/044777.mp3
44778,In My Mind There Is a Monster,Experimental,../data/raw/fma_small/044/044778.mp3
44779,Monsters,Experimental,../data/raw/fma_small/044/044779.mp3
44780,When Monsters Want to Dance,Experimental,../data/raw/fma_small/044/044780.mp3
44781,(She's) Ten Feet Tall,Experimental,../data/raw/fma_small/044/044781.mp3
44782,Monster,Experimental,../data/raw/fma_small/044/044782.mp3
44791,Wonder World,Experimental,../data/raw/fma_small/044/044791.mp3
44792,Spaceman,Experimental,../data/raw/fma_small/044/044792.mp3
44793,Cosmic Sing-a-Long (live at WFMU),Experimental,../data/raw/fma_small/044/044793.mp3
44794,The Great Big Ice Cream Sundae From Outer Space,Experimental,../data/raw/fma_small/044/044794.mp3
44795,Space Machine,Experimental,../data/raw/fma_small/044/044795.mp3
44796,Reizen Naar de Maan (Traveling to the Moon),Experimental,../data/raw/fma_small/044/044796.mp3
44797,I Came From the Coldest Star,Experimental,../data/raw/fma_small/044/044797.mp3
44798,Lighten Up Now,Experimental,../data/raw/fma_small/044/044798.mp3
44799,Spacespagetti (stoleyourburgermix),Experimental,../data/raw/fma_small/044/044799.mp3
44800,Avaruusmiehen Pieni Askel (Spaceman's Small Step),Experimental,../data/raw/fma_small/044/044800.mp3
44801,The Voyage,Experimental,../data/raw/fma_small/044/044801.mp3
44802,Shiny Spaceship,Experimental,../data/raw/fma_small/044/044802.mp3
44803,Spaceship Ride Through the Kitchen,Experimental,../data/raw/fma_small/044/044803.mp3
44804,Helix Nebula,Experimental,../data/raw/fma_small/044/044804.mp3
44805,Start Again,Pop,../data/raw/fma_small/044/044805.mp3
44806,Letter to the Los Angeleans [BEFORE],Pop,../data/raw/fma_small/044/044806.mp3
44809,Everything Already,Pop,../data/raw/fma_small/044/044809.mp3
44820,Rhumbus,International,../data/raw/fma_small/044/044820.mp3
44821,Otrov,International,../data/raw/fma_small/044/044821.mp3
44822,Watchyerstep,International,../data/raw/fma_small/044/044822.mp3
44823,Black Bear Kolo,International,../data/raw/fma_small/044/044823.mp3
44848,Field Piano 1,Experimental,../data/raw/fma_small/044/044848.mp3
44849,Field Piano 2,Experimental,../data/raw/fma_small/044/044849.mp3
44850,Field Piano 3,Experimental,../data/raw/fma_small/044/044850.mp3
44851,Field Piano 4,Experimental,../data/raw/fma_small/044/044851.mp3
44853,Field Piano 6,Experimental,../data/raw/fma_small/044/044853.mp3
44854,Field Piano 7,Experimental,../data/raw/fma_small/044/044854.mp3
44917,I'm So Glad,Rock,../data/raw/fma_small/044/044917.mp3
44918,Teenager,Rock,../data/raw/fma_small/044/044918.mp3
44946,Hot salsa trip,International,../data/raw/fma_small/044/044946.mp3
44947,La Mujer de Antonio,International,../data/raw/fma_small/044/044947.mp3
44948,Donde Estabas-tu ?,International,../data/raw/fma_small/044/044948.mp3
44949,Fallaste al sacar tu cuenta,International,../data/raw/fma_small/044/044949.mp3
44950,Amor Y Felicidad,International,../data/raw/fma_small/044/044950.mp3
44951,De Cuba,International,../data/raw/fma_small/044/044951.mp3
44952,Opening para Songo 21,International,../data/raw/fma_small/044/044952.mp3
45055,Pesnya Marka,Rock,../data/raw/fma_small/045/045055.mp3
45099,Spell,Electronic,../data/raw/fma_small/045/045099.mp3
45100,Leafless Quince Tree,Electronic,../data/raw/fma_small/045/045100.mp3
45101,Straw Fields,Electronic,../data/raw/fma_small/045/045101.mp3
45102,Yellow Dust,Electronic,../data/raw/fma_small/045/045102.mp3
45103,Poppies,Electronic,../data/raw/fma_small/045/045103.mp3
45119,BETTER SCIENCE,Pop,../data/raw/fma_small/045/045119.mp3
45122,SPACEBRAIN,Pop,../data/raw/fma_small/045/045122.mp3
45125,ONLYGIRL,Pop,../data/raw/fma_small/045/045125.mp3
45126,TAJ'S THEME,Pop,../data/raw/fma_small/045/045126.mp3
45127,MUD BUDDIES,Pop,../data/raw/fma_small/045/045127.mp3
45128,HHHHOTEL,Pop,../data/raw/fma_small/045/045128.mp3
45149,Magyar Skweeast,Electronic,../data/raw/fma_small/045/045149.mp3
45150,Suffer,Electronic,../data/raw/fma_small/045/045150.mp3
45151,Vychovaj Ma,Electronic,../data/raw/fma_small/045/045151.mp3
45152,Million Flutes And One Drunken Shepherd,Electronic,../data/raw/fma_small/045/045152.mp3
45153,Green Deli,Electronic,../data/raw/fma_small/045/045153.mp3
45154,101010W,Electronic,../data/raw/fma_small/045/045154.mp3
45335,Billy Ocean,Pop,../data/raw/fma_small/045/045335.mp3
45387,Come Fly With Me,Instrumental,../data/raw/fma_small/045/045387.mp3
45388,I'm Not Ready Right Now,Instrumental,../data/raw/fma_small/045/045388.mp3
45389,Nort rv.,Instrumental,../data/raw/fma_small/045/045389.mp3
45390,Le Banc Dans Le Bois,Instrumental,../data/raw/fma_small/045/045390.mp3
45391,Like Summer Tempests Came His Tears,Instrumental,../data/raw/fma_small/045/045391.mp3
45392,Intracellularisan,Instrumental,../data/raw/fma_small/045/045392.mp3
45393,Le dernier,Instrumental,../data/raw/fma_small/045/045393.mp3
45474,Born From Above,Rock,../data/raw/fma_small/045/045474.mp3
45475,Jungle Law,Rock,../data/raw/fma_small/045/045475.mp3
45508,Play (Intro),Electronic,../data/raw/fma_small/045/045508.mp3
45513,Oh mary what have you done,Folk,../data/raw/fma_small/045/045513.mp3
45514,Evils,Folk,../data/raw/fma_small/045/045514.mp3
45515,Broken boiler,Folk,../data/raw/fma_small/045/045515.mp3
45516,We wont be mowing today,Folk,../data/raw/fma_small/045/045516.mp3
45517,Tip toes,Folk,../data/raw/fma_small/045/045517.mp3
45518,Chicago,Folk,../data/raw/fma_small/045/045518.mp3
45519,Swimmer,Folk,../data/raw/fma_small/045/045519.mp3
45520,Sisters,Folk,../data/raw/fma_small/045/045520.mp3
45521,Rivers,Folk,../data/raw/fma_small/045/045521.mp3
45522,Windings,Folk,../data/raw/fma_small/045/045522.mp3
45523,North bank upper,Folk,../data/raw/fma_small/045/045523.mp3
45934,Melancholic Depression,Experimental,../data/raw/fma_small/045/045934.mp3
45941,Soul Eater Codex,Experimental,../data/raw/fma_small/045/045941.mp3
46024,Beggin' Dogs,Rock,../data/raw/fma_small/046/046024.mp3
46043,Florence and the Machine,Experimental,../data/raw/fma_small/046/046043.mp3
46058,Scene From A Forest Height,Experimental,../data/raw/fma_small/046/046058.mp3
46068,378,Experimental,../data/raw/fma_small/046/046068.mp3
46078,Jogja Istimewa,Hip-Hop,../data/raw/fma_small/046/046078.mp3
46079,Bambu Runcing,Experimental,../data/raw/fma_small/046/046079.mp3
46157,over and under,Electronic,../data/raw/fma_small/046/046157.mp3
46158,slow motion,Electronic,../data/raw/fma_small/046/046158.mp3
46159,All Tremors Cease (lokey's imminent revision),Electronic,../data/raw/fma_small/046/046159.mp3
46160,kaze no tani no naushika,Electronic,../data/raw/fma_small/046/046160.mp3
46161,Rain on umbrella,Experimental,../data/raw/fma_small/046/046161.mp3
46162,Ueno Bells of Time,Experimental,../data/raw/fma_small/046/046162.mp3
46238,chill goth alternative freak,Experimental,../data/raw/fma_small/046/046238.mp3
46241,"hi, meet my meat",Experimental,../data/raw/fma_small/046/046241.mp3
46525,Ballet In A Box,Instrumental,../data/raw/fma_small/046/046525.mp3
46611,Island on Fire,Experimental,../data/raw/fma_small/046/046611.mp3
46711,keine fernen mehr II 1,Experimental,../data/raw/fma_small/046/046711.mp3
46717,three lullabies 3,Experimental,../data/raw/fma_small/046/046717.mp3
46718,three lullabies 1,Experimental,../data/raw/fma_small/046/046718.mp3
46720,three lullabies 2,Experimental,../data/raw/fma_small/046/046720.mp3
46726,Believe In Me (Reprise),Hip-Hop,../data/raw/fma_small/046/046726.mp3
46732,Where The Wild Things Are,Pop,../data/raw/fma_small/046/046732.mp3
46733,Hands In,Pop,../data/raw/fma_small/046/046733.mp3
46736,Out of Time,Pop,../data/raw/fma_small/046/046736.mp3
46839,"Get up, Do Your Thing",Pop,../data/raw/fma_small/046/046839.mp3
46840,Wave a White Flag (Surrender),Pop,../data/raw/fma_small/046/046840.mp3
46841,All the Time,Pop,../data/raw/fma_small/046/046841.mp3
46842,I Can't Without You,Pop,../data/raw/fma_small/046/046842.mp3
46844,If She Gives You Her Heart,Pop,../data/raw/fma_small/046/046844.mp3
46846,Valentines Day Directions for the Lonely,Pop,../data/raw/fma_small/046/046846.mp3
46854,Halloween Night,Pop,../data/raw/fma_small/046/046854.mp3
46855,Turkey Time,Pop,../data/raw/fma_small/046/046855.mp3
46928,Living Country Song,Pop,../data/raw/fma_small/046/046928.mp3
46930,Ride my Bike,Pop,../data/raw/fma_small/046/046930.mp3
47032,Amazing Grace,Rock,../data/raw/fma_small/047/047032.mp3
47068,A Night Of Dizzy Spells,Electronic,../data/raw/fma_small/047/047068.mp3
47069,Underclocked (underunderclocked mix),Electronic,../data/raw/fma_small/047/047069.mp3
47070,Chibi Ninja,Electronic,../data/raw/fma_small/047/047070.mp3
47071,All of Us,Electronic,../data/raw/fma_small/047/047071.mp3
47072,Come and Find Me,Electronic,../data/raw/fma_small/047/047072.mp3
47073,Searching,Electronic,../data/raw/fma_small/047/047073.mp3
47074,We're the Resistors,Electronic,../data/raw/fma_small/047/047074.mp3
47075,Ascending,Electronic,../data/raw/fma_small/047/047075.mp3
47076,Come and Find Me - B mix,Electronic,../data/raw/fma_small/047/047076.mp3
47077,Arpanauts,Electronic,../data/raw/fma_small/047/047077.mp3
47100,02 Le bon dieu et les filles hippies,Pop,../data/raw/fma_small/047/047100.mp3
47192,Intro,Experimental,../data/raw/fma_small/047/047192.mp3
47193,Cosmic Strip,Experimental,../data/raw/fma_small/047/047193.mp3
47194,Chrome Weels,Experimental,../data/raw/fma_small/047/047194.mp3
47195,Spaceman,Experimental,../data/raw/fma_small/047/047195.mp3
47196,Come on Devil,Experimental,../data/raw/fma_small/047/047196.mp3
47197,I'm Dumb,Experimental,../data/raw/fma_small/047/047197.mp3
47198,Indian Lullaby,Experimental,../data/raw/fma_small/047/047198.mp3
47199,Little Colibriy,Experimental,../data/raw/fma_small/047/047199.mp3
47200,Horror Sympony,Experimental,../data/raw/fma_small/047/047200.mp3
47201,Michalych Gas Tank,Experimental,../data/raw/fma_small/047/047201.mp3
47202,Dancing Africa,Experimental,../data/raw/fma_small/047/047202.mp3
47260,Ode To A Baby Snowstorm,Electronic,../data/raw/fma_small/047/047260.mp3
47471,Weed Wolf,Rock,../data/raw/fma_small/047/047471.mp3
47506,Let Me Be Your Bride,Folk,../data/raw/fma_small/047/047506.mp3
47510,Vacation,Rock,../data/raw/fma_small/047/047510.mp3
47526,Romantic Girl,Rock,../data/raw/fma_small/047/047526.mp3
47628,A Promise,Folk,../data/raw/fma_small/047/047628.mp3
47657,Post,Electronic,../data/raw/fma_small/047/047657.mp3
47658,Chordial,Electronic,../data/raw/fma_small/047/047658.mp3
47659,Erinnerung (snippet Nina Simone),Electronic,../data/raw/fma_small/047/047659.mp3
47660,Gladias,Electronic,../data/raw/fma_small/047/047660.mp3
47661,una vez mas,Folk,../data/raw/fma_small/047/047661.mp3
47662,alexandra,Folk,../data/raw/fma_small/047/047662.mp3
47663,me aborrezco cada vez que llego tarde,Folk,../data/raw/fma_small/047/047663.mp3
47665,My Darling Grace,Pop,../data/raw/fma_small/047/047665.mp3
47666,No Love Song,Pop,../data/raw/fma_small/047/047666.mp3
47670,In Jest,Pop,../data/raw/fma_small/047/047670.mp3
47671,The Topic of Flooding,Pop,../data/raw/fma_small/047/047671.mp3
47707,Comtrex,Experimental,../data/raw/fma_small/047/047707.mp3
47826,Extended Piano Piece 2 (Folk),Experimental,../data/raw/fma_small/047/047826.mp3
47835,He Wears Clogs For All Time,Pop,../data/raw/fma_small/047/047835.mp3
47865,The Wedding Party,Folk,../data/raw/fma_small/047/047865.mp3
47868,All To Order,Folk,../data/raw/fma_small/047/047868.mp3
47894,Palm Springs,Pop,../data/raw/fma_small/047/047894.mp3
47895,Malta,Pop,../data/raw/fma_small/047/047895.mp3
47896,Mirrors,Pop,../data/raw/fma_small/047/047896.mp3
47897,An Island,Pop,../data/raw/fma_small/047/047897.mp3
47916,Plumy Tale,Rock,../data/raw/fma_small/047/047916.mp3
47921,Eclectic Prawn,Rock,../data/raw/fma_small/047/047921.mp3
48015,The Ocean,Rock,../data/raw/fma_small/048/048015.mp3
48042,Morning Sun,Experimental,../data/raw/fma_small/048/048042.mp3
48043,The Road To Unknown,Experimental,../data/raw/fma_small/048/048043.mp3
48044,The Violence Of The Storm,Experimental,../data/raw/fma_small/048/048044.mp3
48046,Meditations on Landscape,Experimental,../data/raw/fma_small/048/048046.mp3
48269,RReplay,Experimental,../data/raw/fma_small/048/048269.mp3
48293,aaf,Electronic,../data/raw/fma_small/048/048293.mp3
48307,Intrigue,Experimental,../data/raw/fma_small/048/048307.mp3
48317,Starling,Experimental,../data/raw/fma_small/048/048317.mp3
48367,What It Is Impossible Not to Know and What It Is No Longer Permissible To Believe in the United States,Rock,../data/raw/fma_small/048/048367.mp3
48368,A Hymn to the Projectile,Rock,../data/raw/fma_small/048/048368.mp3
48369,One Enemy Among Twenty-Five Million Friends,Rock,../data/raw/fma_small/048/048369.mp3
48437,TighsFactor,Electronic,../data/raw/fma_small/048/048437.mp3
48439,Panic,Electronic,../data/raw/fma_small/048/048439.mp3
48440,BassAssassin,Electronic,../data/raw/fma_small/048/048440.mp3
48442,8bitDetective,Electronic,../data/raw/fma_small/048/048442.mp3
48443,SmurfPulser,Electronic,../data/raw/fma_small/048/048443.mp3
48444,au courant,Pop,../data/raw/fma_small/048/048444.mp3
48446,pluie d'atome,Pop,../data/raw/fma_small/048/048446.mp3
48450,4cordes,Pop,../data/raw/fma_small/048/048450.mp3
48452,éventé,Pop,../data/raw/fma_small/048/048452.mp3
48453,deux dents dehors,Pop,../data/raw/fma_small/048/048453.mp3
48454,la cravatte et le ventre,Pop,../data/raw/fma_small/048/048454.mp3
48456,nez,Pop,../data/raw/fma_small/048/048456.mp3
48457,poitrine épaules bassin,Pop,../data/raw/fma_small/048/048457.mp3
48462,"Awaken, Child",Electronic,../data/raw/fma_small/048/048462.mp3
48463,Happiness,Electronic,../data/raw/fma_small/048/048463.mp3
48464,The Waves Call Her Name,Electronic,../data/raw/fma_small/048/048464.mp3
48465,Ocean Breeze,Electronic,../data/raw/fma_small/048/048465.mp3
48466,Slumber,Electronic,../data/raw/fma_small/048/048466.mp3
48488,Mito Bekriyo,International,../data/raw/fma_small/048/048488.mp3
48489,Ay Gyorushitse,International,../data/raw/fma_small/048/048489.mp3
48491,Chuperlika,International,../data/raw/fma_small/048/048491.mp3
48492,Snoshti Te Prativ,International,../data/raw/fma_small/048/048492.mp3
48493,Chunovo,International,../data/raw/fma_small/048/048493.mp3
48494,Mostarski Duchani,International,../data/raw/fma_small/048/048494.mp3
48763,Hive Burner,Rock,../data/raw/fma_small/048/048763.mp3
48808,Local Boogie,Folk,../data/raw/fma_small/048/048808.mp3
48815,FUN,Folk,../data/raw/fma_small/048/048815.mp3
48861,Skull Flower,Experimental,../data/raw/fma_small/048/048861.mp3
48862,Thursday Morning In London (Falluja Mix),Experimental,../data/raw/fma_small/048/048862.mp3
48863,Thunder Wave,Experimental,../data/raw/fma_small/048/048863.mp3
48864,Visiting Brett Whiteley In Hell,Experimental,../data/raw/fma_small/048/048864.mp3
48865,Mad To Talk,Experimental,../data/raw/fma_small/048/048865.mp3
48931,School's Out (Columbine Mix),Experimental,../data/raw/fma_small/048/048931.mp3
48990,Rompuy Reggae,Rock,../data/raw/fma_small/048/048990.mp3
48999,Dark Horse,Rock,../data/raw/fma_small/048/048999.mp3
49029,Summer Lover,Folk,../data/raw/fma_small/049/049029.mp3
49030,Under The Sun,Folk,../data/raw/fma_small/049/049030.mp3
49039,Ice cold brew acapella,Pop,../data/raw/fma_small/049/049039.mp3
49061,Track 03,Experimental,../data/raw/fma_small/049/049061.mp3
49062,Track 04,Experimental,../data/raw/fma_small/049/049062.mp3
49064,Track 06,Experimental,../data/raw/fma_small/049/049064.mp3
49066,I Just Can't Stand Wangdangers,Experimental,../data/raw/fma_small/049/049066.mp3
49067,Buscuit Basket,Experimental,../data/raw/fma_small/049/049067.mp3
49068,Knobranaut,Experimental,../data/raw/fma_small/049/049068.mp3
49070,Bologna Soundcheck 031105,Experimental,../data/raw/fma_small/049/049070.mp3
49071,038 Zwolle 090104,Experimental,../data/raw/fma_small/049/049071.mp3
49072,266 Chippendale 140706,Experimental,../data/raw/fma_small/049/049072.mp3
49073,267 Chippendale 220706,Experimental,../data/raw/fma_small/049/049073.mp3
49394,Pure Horror,Experimental,../data/raw/fma_small/049/049394.mp3
49401,Insect Horror,Experimental,../data/raw/fma_small/049/049401.mp3
49407,300104 hamburg,Experimental,../data/raw/fma_small/049/049407.mp3
49408,020604 beirut,Experimental,../data/raw/fma_small/049/049408.mp3
49441,You Taste Like The Tropics,Rock,../data/raw/fma_small/049/049441.mp3
49473,"Smile For Me, Sun",Pop,../data/raw/fma_small/049/049473.mp3
49476,Infinity,Hip-Hop,../data/raw/fma_small/049/049476.mp3
49477,U Fine (Remix) (Featuring CM aka Creative),Pop,../data/raw/fma_small/049/049477.mp3
49478,Obituary Of A Sell Out MC (Featuring D-Fine),Hip-Hop,../data/raw/fma_small/049/049478.mp3
49479,Love Is,Hip-Hop,../data/raw/fma_small/049/049479.mp3
49812,Rotting Heights,Rock,../data/raw/fma_small/049/049812.mp3
49817,New Brigade,Rock,../data/raw/fma_small/049/049817.mp3
49842,Apple spell,Folk,../data/raw/fma_small/049/049842.mp3
49843,Gone,Folk,../data/raw/fma_small/049/049843.mp3
49844,Bubba’s Blues,Folk,../data/raw/fma_small/049/049844.mp3
49845,Steamengeene,Folk,../data/raw/fma_small/049/049845.mp3
49846,Really Really,Folk,../data/raw/fma_small/049/049846.mp3
49847,Satisfied mind,Folk,../data/raw/fma_small/049/049847.mp3
49848,I will never love a young boy again,Folk,../data/raw/fma_small/049/049848.mp3
49849,Hwaii Blus,Folk,../data/raw/fma_small/049/049849.mp3
49856,Blinde state,Folk,../data/raw/fma_small/049/049856.mp3
49857,After you,Folk,../data/raw/fma_small/049/049857.mp3
50264,Mandala,Hip-Hop,../data/raw/fma_small/050/050264.mp3
50272,Destroy She Says,Pop,../data/raw/fma_small/050/050272.mp3
50276,The Commons,Folk,../data/raw/fma_small/050/050276.mp3
50283,positive vibes,International,../data/raw/fma_small/050/050283.mp3
50323,Wind Blows on the Bird Spotted Hill,Folk,../data/raw/fma_small/050/050323.mp3
50444,Thrashing In The Unknown,Rock,../data/raw/fma_small/050/050444.mp3
50445,I've Got A Wild Feeling,Rock,../data/raw/fma_small/050/050445.mp3
50446,Violence Now,Rock,../data/raw/fma_small/050/050446.mp3
50447,Beluga,Rock,../data/raw/fma_small/050/050447.mp3
50448,Fertile Ground,Rock,../data/raw/fma_small/050/050448.mp3
50449,Interview,Rock,../data/raw/fma_small/050/050449.mp3
50539,Stranger Song,Rock,../data/raw/fma_small/050/050539.mp3
50543,Lazarus,Rock,../data/raw/fma_small/050/050543.mp3
50752,Ballada Bezbożna,Rock,../data/raw/fma_small/050/050752.mp3
50753,Całujcie Mnie,Rock,../data/raw/fma_small/050/050753.mp3
50754,Biopsja Duszy,Rock,../data/raw/fma_small/050/050754.mp3
50836,rock n roll parte I,Experimental,../data/raw/fma_small/050/050836.mp3
50952,Cattails,Folk,../data/raw/fma_small/050/050952.mp3
50955,Eastminster,Instrumental,../data/raw/fma_small/050/050955.mp3
50956,Devastation and Revenge,Instrumental,../data/raw/fma_small/050/050956.mp3
51004,Tikopia,International,../data/raw/fma_small/051/051004.mp3
51005,Rite of Passage,International,../data/raw/fma_small/051/051005.mp3
51006,Quasi Motion,International,../data/raw/fma_small/051/051006.mp3
51111,Motormouth,Experimental,../data/raw/fma_small/051/051111.mp3
51112,Arms and Legs,Experimental,../data/raw/fma_small/051/051112.mp3
51113,Shadow Pocket,Experimental,../data/raw/fma_small/051/051113.mp3
51114,Wack,Experimental,../data/raw/fma_small/051/051114.mp3
51115,Hymenoptera,Experimental,../data/raw/fma_small/051/051115.mp3
51117,Affairs of State,Experimental,../data/raw/fma_small/051/051117.mp3
51118,Tickled Pink,Experimental,../data/raw/fma_small/051/051118.mp3
51120,Pyllykenraali (instrumental),Pop,../data/raw/fma_small/051/051120.mp3
51157,Ignoble Cleft (First Visit),Experimental,../data/raw/fma_small/051/051157.mp3
51158,Carousel of Bent Facts,Experimental,../data/raw/fma_small/051/051158.mp3
51203,Bulbul Box Energy,Experimental,../data/raw/fma_small/051/051203.mp3
51260,I Sing Despair,Pop,../data/raw/fma_small/051/051260.mp3
51261,The End,Pop,../data/raw/fma_small/051/051261.mp3
51262,Paradisio,Pop,../data/raw/fma_small/051/051262.mp3
51263,Through The Noise,Pop,../data/raw/fma_small/051/051263.mp3
51265,City Lights,Pop,../data/raw/fma_small/051/051265.mp3
51267,Thinking Of You,Pop,../data/raw/fma_small/051/051267.mp3
51268,In The Sun,Pop,../data/raw/fma_small/051/051268.mp3
51269,Rhythm King Mega,Pop,../data/raw/fma_small/051/051269.mp3
51271,Catcher In The Rye,Pop,../data/raw/fma_small/051/051271.mp3
51272,Summer Blood,Pop,../data/raw/fma_small/051/051272.mp3
51273,Imperfections,Pop,../data/raw/fma_small/051/051273.mp3
51274,Lost Time,Pop,../data/raw/fma_small/051/051274.mp3
51275,Heaven,Pop,../data/raw/fma_small/051/051275.mp3
51276,You Said (feat. Laetitia Taschatt),Pop,../data/raw/fma_small/051/051276.mp3
51278,under a rock,Pop,../data/raw/fma_small/051/051278.mp3
51291,among us,Pop,../data/raw/fma_small/051/051291.mp3
51292,seven cities of mold,Pop,../data/raw/fma_small/051/051292.mp3
51301,Skeletons Fighting Over A Pickled Herring,Experimental,../data/raw/fma_small/051/051301.mp3
51305,A Nation of Culls & Weeds,Experimental,../data/raw/fma_small/051/051305.mp3
51333,Afternoon Tea,Folk,../data/raw/fma_small/051/051333.mp3
51479,The Wreck Of The Edmund Fitzgerald,Experimental,../data/raw/fma_small/051/051479.mp3
51655,Morning Stars,Folk,../data/raw/fma_small/051/051655.mp3
51659,Blacklight Horses,Folk,../data/raw/fma_small/051/051659.mp3
51661,Don't Let Me Out,Folk,../data/raw/fma_small/051/051661.mp3
51776,March,Instrumental,../data/raw/fma_small/051/051776.mp3
51784,Call me at Heaven,Electronic,../data/raw/fma_small/051/051784.mp3
51785,Yellow Dust,Electronic,../data/raw/fma_small/051/051785.mp3
51918,Crippled Inside (John Lennon cover),Folk,../data/raw/fma_small/051/051918.mp3
51919,September Gurls (Big Star cover),Folk,../data/raw/fma_small/051/051919.mp3
51923,Superpalm,Electronic,../data/raw/fma_small/051/051923.mp3
51954,Beta Stability,Electronic,../data/raw/fma_small/051/051954.mp3
51991,Ascetic club,International,../data/raw/fma_small/051/051991.mp3
51992,Osaka dub mission,International,../data/raw/fma_small/051/051992.mp3
51998,Dub for a girl,International,../data/raw/fma_small/051/051998.mp3
51999,21st Century Dub Cloud,International,../data/raw/fma_small/051/051999.mp3
52000,Irie dub feat. Leah,International,../data/raw/fma_small/052/052000.mp3
52001,Massalia dub selecta,International,../data/raw/fma_small/052/052001.mp3
52034,Sure,Pop,../data/raw/fma_small/052/052034.mp3
52035,Kelpies,Pop,../data/raw/fma_small/052/052035.mp3
52036,Lying Machine,Pop,../data/raw/fma_small/052/052036.mp3
52037,Alesser Whale,Pop,../data/raw/fma_small/052/052037.mp3
52039,Sea Woof,Pop,../data/raw/fma_small/052/052039.mp3
52040,Catfishes,Pop,../data/raw/fma_small/052/052040.mp3
52041,Wooded Land,Pop,../data/raw/fma_small/052/052041.mp3
52042,Sandy,Pop,../data/raw/fma_small/052/052042.mp3
52044,Anenomes,Pop,../data/raw/fma_small/052/052044.mp3
52045,Shore,Pop,../data/raw/fma_small/052/052045.mp3
52118,My Miami,International,../data/raw/fma_small/052/052118.mp3
52119,The Magic Words,International,../data/raw/fma_small/052/052119.mp3
52120,Love Is Agony,International,../data/raw/fma_small/052/052120.mp3
52121,Interview Segment 1,International,../data/raw/fma_small/052/052121.mp3
52122,A Little Bit Of Loving,International,../data/raw/fma_small/052/052122.mp3
52123,Caracas Shakedown,International,../data/raw/fma_small/052/052123.mp3
52124,Interview Segment 2,International,../data/raw/fma_small/052/052124.mp3
52125,Ringtone,International,../data/raw/fma_small/052/052125.mp3
52126,Interview Segment 3,International,../data/raw/fma_small/052/052126.mp3
52127,La Puerta Azul,International,../data/raw/fma_small/052/052127.mp3
52128,Aceite,International,../data/raw/fma_small/052/052128.mp3
52129,Interview Segment 4,International,../data/raw/fma_small/052/052129.mp3
52141,Funny Avatars,Experimental,../data/raw/fma_small/052/052141.mp3
52375,Miracle Children,Pop,../data/raw/fma_small/052/052375.mp3
52380,The Gorgeous,Pop,../data/raw/fma_small/052/052380.mp3
52389,Married to the Night,Pop,../data/raw/fma_small/052/052389.mp3
52393,Bad Apples,Pop,../data/raw/fma_small/052/052393.mp3
52409,I Want You,Electronic,../data/raw/fma_small/052/052409.mp3
52446,Snow Fight,Instrumental,../data/raw/fma_small/052/052446.mp3
52447,Finding Scales / Chicken Run,Instrumental,../data/raw/fma_small/052/052447.mp3
52448,The Ziggurat,Instrumental,../data/raw/fma_small/052/052448.mp3
52449,Expedition,Instrumental,../data/raw/fma_small/052/052449.mp3
52451,Cave Fight / Lament,Instrumental,../data/raw/fma_small/052/052451.mp3
52452,I Move On (Sintel's Song),Instrumental,../data/raw/fma_small/052/052452.mp3
52500,This Is Goodbye,Folk,../data/raw/fma_small/052/052500.mp3
52501,Last Train Home,Folk,../data/raw/fma_small/052/052501.mp3
52502,To Be Free,Folk,../data/raw/fma_small/052/052502.mp3
52508,Shine On Me,Folk,../data/raw/fma_small/052/052508.mp3
52522,Congrizzle 4evzzz,Rock,../data/raw/fma_small/052/052522.mp3
52579,Dance Track (Instrumental),Hip-Hop,../data/raw/fma_small/052/052579.mp3
52628,Vanishing Horizon,Electronic,../data/raw/fma_small/052/052628.mp3
52629,Groovy Baby,Electronic,../data/raw/fma_small/052/052629.mp3
52630,Quirky Jerk,Electronic,../data/raw/fma_small/052/052630.mp3
52631,Big Car Theft,Electronic,../data/raw/fma_small/052/052631.mp3
52632,Boom,Electronic,../data/raw/fma_small/052/052632.mp3
52633,Boots Boots Boots,Electronic,../data/raw/fma_small/052/052633.mp3
52634,Cycles,Electronic,../data/raw/fma_small/052/052634.mp3
52635,Ecstasy X,Electronic,../data/raw/fma_small/052/052635.mp3
52636,Fat Caps,Electronic,../data/raw/fma_small/052/052636.mp3
52637,Feels Good 2 B,Electronic,../data/raw/fma_small/052/052637.mp3
52638,Forever Believe,Electronic,../data/raw/fma_small/052/052638.mp3
52639,Get A Move On,Electronic,../data/raw/fma_small/052/052639.mp3
52641,IceCold,Electronic,../data/raw/fma_small/052/052641.mp3
52642,Namaste,Electronic,../data/raw/fma_small/052/052642.mp3
52644,Night Rave,Electronic,../data/raw/fma_small/052/052644.mp3
52645,Nip The Slipple,Electronic,../data/raw/fma_small/052/052645.mp3
52646,Pyramids,Electronic,../data/raw/fma_small/052/052646.mp3
52647,Sk8board,Electronic,../data/raw/fma_small/052/052647.mp3
52648,Tech Talk,Electronic,../data/raw/fma_small/052/052648.mp3
52649,The Big House,Electronic,../data/raw/fma_small/052/052649.mp3
52650,Timen Passing By,Electronic,../data/raw/fma_small/052/052650.mp3
52859,Sea Within,Experimental,../data/raw/fma_small/052/052859.mp3
52860,Autonomous Guitar Music For Marc Schulz,Experimental,../data/raw/fma_small/052/052860.mp3
52861,For Jojo Takayanagi,Experimental,../data/raw/fma_small/052/052861.mp3
52862,"Composition For Tape, Organ, Drum Machine",Experimental,../data/raw/fma_small/052/052862.mp3
52945,"In Your Lair, Bear",Folk,../data/raw/fma_small/052/052945.mp3
52946,Wedding,Folk,../data/raw/fma_small/052/052946.mp3
52947,Little King,Folk,../data/raw/fma_small/052/052947.mp3
52948,Salutations,Folk,../data/raw/fma_small/052/052948.mp3
52950,All Love Must Die,Folk,../data/raw/fma_small/052/052950.mp3
52951,Alabaster Queen,Folk,../data/raw/fma_small/052/052951.mp3
52953,Your Heart Is A Twisted Vine,Folk,../data/raw/fma_small/052/052953.mp3
52954,Wind Up Doll,Folk,../data/raw/fma_small/052/052954.mp3
52955,"Mr. John Lee, Revisited",Folk,../data/raw/fma_small/052/052955.mp3
53152,Rudy Alba And The Trinity All Stars - Fix Up Yu Vibe,International,../data/raw/fma_small/053/053152.mp3
53154,Ras Amerlock meet Brother Culture - Ride On,International,../data/raw/fma_small/053/053154.mp3
53156,Ras Amerlock meets Natty Nation - Hurt me,International,../data/raw/fma_small/053/053156.mp3
53157,Dub Stepping Version B,International,../data/raw/fma_small/053/053157.mp3
53158,Nuh Fuk Roun,International,../data/raw/fma_small/053/053158.mp3
53159,Spy VS Spy,International,../data/raw/fma_small/053/053159.mp3
53160,Trinity Ridaz At Flex Studios,International,../data/raw/fma_small/053/053160.mp3
53228,Cater Gator,Pop,../data/raw/fma_small/053/053228.mp3
53229,Cocaine,Pop,../data/raw/fma_small/053/053229.mp3
53299,Dub For Alicia,International,../data/raw/fma_small/053/053299.mp3
53300,Lament,International,../data/raw/fma_small/053/053300.mp3
53301,Ephemeral Dub,International,../data/raw/fma_small/053/053301.mp3
53302,Tian Tan Dub,International,../data/raw/fma_small/053/053302.mp3
53379,Mama Said Knock You L33T,Hip-Hop,../data/raw/fma_small/053/053379.mp3
53381,15 - Old Bonus Track - Welcome to My Country,Hip-Hop,../data/raw/fma_small/053/053381.mp3
53457,Forever falling up,Electronic,../data/raw/fma_small/053/053457.mp3
53496,Mes WC Dans Le Train,Electronic,../data/raw/fma_small/053/053496.mp3
53576,River,Folk,../data/raw/fma_small/053/053576.mp3
53578,I Don't Care,Folk,../data/raw/fma_small/053/053578.mp3
53586,Run,Folk,../data/raw/fma_small/053/053586.mp3
53587,I Will Love You,Folk,../data/raw/fma_small/053/053587.mp3
53588,Never Let Me Go,Folk,../data/raw/fma_small/053/053588.mp3
53589,Keening,Folk,../data/raw/fma_small/053/053589.mp3
53591,"It's Okay, Roseanne",Pop,../data/raw/fma_small/053/053591.mp3
53592,Echo Island,Pop,../data/raw/fma_small/053/053592.mp3
53675,1,Experimental,../data/raw/fma_small/053/053675.mp3
53723,Unza Unza live at Pacific Parc,International,../data/raw/fma_small/053/053723.mp3
53724,Unza Unza live at Pacific Parc,International,../data/raw/fma_small/053/053724.mp3
53725,Unza Unza live at Pacific Parc,International,../data/raw/fma_small/053/053725.mp3
53726,Unza Unza live at Pacific Parc,International,../data/raw/fma_small/053/053726.mp3
53727,Unza Unza live at Pacific Parc,International,../data/raw/fma_small/053/053727.mp3
53728,Unza Unza live at Pacific Parc,International,../data/raw/fma_small/053/053728.mp3
53729,01 Whales,Experimental,../data/raw/fma_small/053/053729.mp3
53807,Dull Light,Rock,../data/raw/fma_small/053/053807.mp3
53862,Glitches,Electronic,../data/raw/fma_small/053/053862.mp3
53863,Endorphin,Electronic,../data/raw/fma_small/053/053863.mp3
53937,B7 Suddenly Yr In My Heart,Pop,../data/raw/fma_small/053/053937.mp3
54019,Corn Maiden's Rite,Experimental,../data/raw/fma_small/054/054019.mp3
54031,Dissembler,Pop,../data/raw/fma_small/054/054031.mp3
54032,Deer Heart,Pop,../data/raw/fma_small/054/054032.mp3
54033,Snow Wave,Pop,../data/raw/fma_small/054/054033.mp3
54034,Wood Detective,Pop,../data/raw/fma_small/054/054034.mp3
54037,Fabulous Mr Fox [Pelaw Resider],Pop,../data/raw/fma_small/054/054037.mp3
54039,Life Heart,Pop,../data/raw/fma_small/054/054039.mp3
54061,Kottke and the Orchids,Folk,../data/raw/fma_small/054/054061.mp3
54062,Expatriates,Folk,../data/raw/fma_small/054/054062.mp3
54063,Mad About You,Folk,../data/raw/fma_small/054/054063.mp3
54064,Russian Dance,Folk,../data/raw/fma_small/054/054064.mp3
54149,01 Shakey3,Instrumental,../data/raw/fma_small/054/054149.mp3
54150,02 PianoDub,Instrumental,../data/raw/fma_small/054/054150.mp3
54151,03 Horses,Instrumental,../data/raw/fma_small/054/054151.mp3
54152,04 Lone,Instrumental,../data/raw/fma_small/054/054152.mp3
54153,05 TheLastDodo TheHappyAndroid,Instrumental,../data/raw/fma_small/054/054153.mp3
54154,06 TalkMeDown,Instrumental,../data/raw/fma_small/054/054154.mp3
54155,07 Anyata,Instrumental,../data/raw/fma_small/054/054155.mp3
54156,08 Threshold,Instrumental,../data/raw/fma_small/054/054156.mp3
54158,10 TheColdFromWithin,Instrumental,../data/raw/fma_small/054/054158.mp3
54159,11 strANGE Ls,Instrumental,../data/raw/fma_small/054/054159.mp3
54160,12 xw3,Instrumental,../data/raw/fma_small/054/054160.mp3
54163,Ratas,Rock,../data/raw/fma_small/054/054163.mp3
54234,Suspicious,Pop,../data/raw/fma_small/054/054234.mp3
54235,Fascinated,Pop,../data/raw/fma_small/054/054235.mp3
54236,Thinking About You,Pop,../data/raw/fma_small/054/054236.mp3
54237,Edge Of The Ocean,Pop,../data/raw/fma_small/054/054237.mp3
54297,I Find It Hard,Folk,../data/raw/fma_small/054/054297.mp3
54335,Deeply Wrong Merits,Electronic,../data/raw/fma_small/054/054335.mp3
54365,Success,Hip-Hop,../data/raw/fma_small/054/054365.mp3
54376,The Show Starts (Scratches By DJ Bobby Bob),Hip-Hop,../data/raw/fma_small/054/054376.mp3
54433,60-40 Riddim,International,../data/raw/fma_small/054/054433.mp3
54436,Balkanyk Dub,International,../data/raw/fma_small/054/054436.mp3
54437,Hunters Moon,International,../data/raw/fma_small/054/054437.mp3
54438,The Beast Inside,International,../data/raw/fma_small/054/054438.mp3
54442,Hypnotic Stagger,International,../data/raw/fma_small/054/054442.mp3
54443,Sunny Day (Vocal Version),International,../data/raw/fma_small/054/054443.mp3
54463,Swan Lake Dub,International,../data/raw/fma_small/054/054463.mp3
54464,Dub Atao,International,../data/raw/fma_small/054/054464.mp3
54465,Black Monday,International,../data/raw/fma_small/054/054465.mp3
54466,Freakonomics Dub,International,../data/raw/fma_small/054/054466.mp3
54467,Chacha Dub,International,../data/raw/fma_small/054/054467.mp3
54468,Dub Action,International,../data/raw/fma_small/054/054468.mp3
54469,Walk In Forest,International,../data/raw/fma_small/054/054469.mp3
54470,Epic Dub,International,../data/raw/fma_small/054/054470.mp3
54475,You waited too long,International,../data/raw/fma_small/054/054475.mp3
54476,Nuf a dem suffering,International,../data/raw/fma_small/054/054476.mp3
54479,Make a turn,International,../data/raw/fma_small/054/054479.mp3
54480,Mamica su strukle pekli,International,../data/raw/fma_small/054/054480.mp3
54481,Life is inna riddim,International,../data/raw/fma_small/054/054481.mp3
54482,Love music,International,../data/raw/fma_small/054/054482.mp3
54496,Composition No. 183,Experimental,../data/raw/fma_small/054/054496.mp3
54554,Rain,Experimental,../data/raw/fma_small/054/054554.mp3
54568,"Mil Amores,  Santiago Huancayo",International,../data/raw/fma_small/054/054568.mp3
54570,Chotana,International,../data/raw/fma_small/054/054570.mp3
54576,Procesión Virgen del Carmen,International,../data/raw/fma_small/054/054576.mp3
54578,SANGRE ANQARA POR SIEMPRE,International,../data/raw/fma_small/054/054578.mp3
54580,WARMI K UMPASHAQTIY... ATAKES HAP IWAN,International,../data/raw/fma_small/054/054580.mp3
54621,Crusade to Terra,Rock,../data/raw/fma_small/054/054621.mp3
54623,Survival of Zeta Reticuli,Rock,../data/raw/fma_small/054/054623.mp3
54624,Grapes of Wrath,Rock,../data/raw/fma_small/054/054624.mp3
54625,Exodus Journey,Rock,../data/raw/fma_small/054/054625.mp3
54626,The Forlorn,Rock,../data/raw/fma_small/054/054626.mp3
54662,Horses With Fake Legs,Electronic,../data/raw/fma_small/054/054662.mp3
54664,La Tristeza,Pop,../data/raw/fma_small/054/054664.mp3
54665,Floatin' Around,Pop,../data/raw/fma_small/054/054665.mp3
54666,Pink Elephants,Pop,../data/raw/fma_small/054/054666.mp3
54667,Sunday Lovers,Pop,../data/raw/fma_small/054/054667.mp3
54703,Sons And Daughters,Folk,../data/raw/fma_small/054/054703.mp3
54719,Bollywood Blades,Electronic,../data/raw/fma_small/054/054719.mp3
54735,Drums Over London,Rock,../data/raw/fma_small/054/054735.mp3
54753,Vanity (Instrumental),Hip-Hop,../data/raw/fma_small/054/054753.mp3
54874,Grenfeld,Electronic,../data/raw/fma_small/054/054874.mp3
54942,Brilliant Brightness,Rock,../data/raw/fma_small/054/054942.mp3
55076,A1,Pop,../data/raw/fma_small/055/055076.mp3
55097,Colibris,Hip-Hop,../data/raw/fma_small/055/055097.mp3
55100,Womp,Hip-Hop,../data/raw/fma_small/055/055100.mp3
55101,SHUFFLE,Hip-Hop,../data/raw/fma_small/055/055101.mp3
55102,Swing Deo,Hip-Hop,../data/raw/fma_small/055/055102.mp3
55113,Le magicien,Hip-Hop,../data/raw/fma_small/055/055113.mp3
55119,Si j'aurais,Hip-Hop,../data/raw/fma_small/055/055119.mp3
55120,Patate chaude,Hip-Hop,../data/raw/fma_small/055/055120.mp3
55121,Fa' faire du loot,Hip-Hop,../data/raw/fma_small/055/055121.mp3
55122,Trace de break,Hip-Hop,../data/raw/fma_small/055/055122.mp3
55123,Gun gus gus (dimanche soare),Hip-Hop,../data/raw/fma_small/055/055123.mp3
55124,Le roé,Hip-Hop,../data/raw/fma_small/055/055124.mp3
55149,I am fear,Electronic,../data/raw/fma_small/055/055149.mp3
55183,Intro To Horror,Electronic,../data/raw/fma_small/055/055183.mp3
55186,The Crazies Are Out Tonight,Electronic,../data/raw/fma_small/055/055186.mp3
55231,All Back To Mine,International,../data/raw/fma_small/055/055231.mp3
55232,Stop That Mission,International,../data/raw/fma_small/055/055232.mp3
55233,Kingdom Come,International,../data/raw/fma_small/055/055233.mp3
55234,District 6,International,../data/raw/fma_small/055/055234.mp3
55235,Love & Relationshit,International,../data/raw/fma_small/055/055235.mp3
55236,Sunny Day,International,../data/raw/fma_small/055/055236.mp3
55237,Business Of Panic,International,../data/raw/fma_small/055/055237.mp3
55238,Not Free But Not Afraid,International,../data/raw/fma_small/055/055238.mp3
55240,Memories Of A Machine,International,../data/raw/fma_small/055/055240.mp3
55241,Serious Problem,International,../data/raw/fma_small/055/055241.mp3
55242,The Essence Of Bottled Light,International,../data/raw/fma_small/055/055242.mp3
55285,Intro (Callin Karma),Pop,../data/raw/fma_small/055/055285.mp3
55286,Take on me,Pop,../data/raw/fma_small/055/055286.mp3
55287,The best days of my life,Pop,../data/raw/fma_small/055/055287.mp3
55288,Blinded by the lights of Tokyo,Pop,../data/raw/fma_small/055/055288.mp3
55289,H.E.A.T,Pop,../data/raw/fma_small/055/055289.mp3
55290,River of Hope,Pop,../data/raw/fma_small/055/055290.mp3
55291,Marks,Pop,../data/raw/fma_small/055/055291.mp3
55292,Glorious love song,Pop,../data/raw/fma_small/055/055292.mp3
55293,The enemy inside,Pop,../data/raw/fma_small/055/055293.mp3
55294,Do you remember,Pop,../data/raw/fma_small/055/055294.mp3
55295,Vista Panoramica (Reprise),Pop,../data/raw/fma_small/055/055295.mp3
55402,Total Decay,Rock,../data/raw/fma_small/055/055402.mp3
55430,Groover,Pop,../data/raw/fma_small/055/055430.mp3
55436,My Baby's A Lady,Pop,../data/raw/fma_small/055/055436.mp3
55437,People Should Get More Aware,Pop,../data/raw/fma_small/055/055437.mp3
55480,The Zombies Attack,Experimental,../data/raw/fma_small/055/055480.mp3
55481,Waves,Experimental,../data/raw/fma_small/055/055481.mp3
55549,Last Christmas,Hip-Hop,../data/raw/fma_small/055/055549.mp3
55572,'92,Hip-Hop,../data/raw/fma_small/055/055572.mp3
55709,11,Rock,../data/raw/fma_small/055/055709.mp3
55710,Train's gone,Rock,../data/raw/fma_small/055/055710.mp3
55711,Tarmac,Rock,../data/raw/fma_small/055/055711.mp3
55712,Kino,Rock,../data/raw/fma_small/055/055712.mp3
55713,Pretty simple plus pretty,Rock,../data/raw/fma_small/055/055713.mp3
55714,1967,Rock,../data/raw/fma_small/055/055714.mp3
55715,Chain splendour 2,Rock,../data/raw/fma_small/055/055715.mp3
55716,Domino,Rock,../data/raw/fma_small/055/055716.mp3
55717,The agency of missing hearts,Rock,../data/raw/fma_small/055/055717.mp3
55718,Kopeika,Rock,../data/raw/fma_small/055/055718.mp3
55719,Children,Rock,../data/raw/fma_small/055/055719.mp3
55782,A Boring Halloween,Electronic,../data/raw/fma_small/055/055782.mp3
55783,Phantasm,Electronic,../data/raw/fma_small/055/055783.mp3
55786,Psychotic Pumpkin Waltz (for John Carpenter),Electronic,../data/raw/fma_small/055/055786.mp3
55807,Skyblue Monday,Electronic,../data/raw/fma_small/055/055807.mp3
55808,Killbots,Electronic,../data/raw/fma_small/055/055808.mp3
55809,HARAKIRI NATION,Electronic,../data/raw/fma_small/055/055809.mp3
55810,Route909,Electronic,../data/raw/fma_small/055/055810.mp3
55811,We are here,Electronic,../data/raw/fma_small/055/055811.mp3
55826,"Reparala, Negra de Alma",International,../data/raw/fma_small/055/055826.mp3
55827,Live on WFMU,International,../data/raw/fma_small/055/055827.mp3
55828,La Pegadita,International,../data/raw/fma_small/055/055828.mp3
55830,Agua,International,../data/raw/fma_small/055/055830.mp3
55831,El Toche y la Cotorra,International,../data/raw/fma_small/055/055831.mp3
55832,Maria Palo,International,../data/raw/fma_small/055/055832.mp3
55833,La Carretera,International,../data/raw/fma_small/055/055833.mp3
55900,Call To Action,Hip-Hop,../data/raw/fma_small/055/055900.mp3
56010,Lights Out,Experimental,../data/raw/fma_small/056/056010.mp3
56015,Surface,Experimental,../data/raw/fma_small/056/056015.mp3
56020,A Soft Place,Experimental,../data/raw/fma_small/056/056020.mp3
56028,love love what can you say love,Electronic,../data/raw/fma_small/056/056028.mp3
56029,one two 3 4,Electronic,../data/raw/fma_small/056/056029.mp3
56030,All The Stars,International,../data/raw/fma_small/056/056030.mp3
56031,EARth,Experimental,../data/raw/fma_small/056/056031.mp3
56033,Matches,Experimental,../data/raw/fma_small/056/056033.mp3
56034,dykedub (dyke b mix),Electronic,../data/raw/fma_small/056/056034.mp3
56036,hot tea (dyke b mix),Electronic,../data/raw/fma_small/056/056036.mp3
56247,A Veces,Pop,../data/raw/fma_small/056/056247.mp3
56248,Waiting For The Sun,Pop,../data/raw/fma_small/056/056248.mp3
56249,Woman Alone,Pop,../data/raw/fma_small/056/056249.mp3
56273,And She Knows,Pop,../data/raw/fma_small/056/056273.mp3
56274,No Fun,Pop,../data/raw/fma_small/056/056274.mp3
56275,Shane,Pop,../data/raw/fma_small/056/056275.mp3
56460,DREEMER,Pop,../data/raw/fma_small/056/056460.mp3
56465,Interview Part 3,International,../data/raw/fma_small/056/056465.mp3
56466,Introduction,International,../data/raw/fma_small/056/056466.mp3
56467,Syyn Miygar,International,../data/raw/fma_small/056/056467.mp3
56468,Buura,International,../data/raw/fma_small/056/056468.mp3
56469,Yrlaazhyly,International,../data/raw/fma_small/056/056469.mp3
56470,Interview with Interpreter Sean Quirk,International,../data/raw/fma_small/056/056470.mp3
56471,Karachal,International,../data/raw/fma_small/056/056471.mp3
56472,Reindeer Herder's Song,International,../data/raw/fma_small/056/056472.mp3
56474,Eki A'ttar,International,../data/raw/fma_small/056/056474.mp3
56493,Yeah,Hip-Hop,../data/raw/fma_small/056/056493.mp3
56495,Aggression,Hip-Hop,../data/raw/fma_small/056/056495.mp3
56496,Cannabis Club Skit,Hip-Hop,../data/raw/fma_small/056/056496.mp3
56497,C'mon,Hip-Hop,../data/raw/fma_small/056/056497.mp3
56498,World of Pain,Hip-Hop,../data/raw/fma_small/056/056498.mp3
56499,Weed Man Skit,Hip-Hop,../data/raw/fma_small/056/056499.mp3
56516,Equatorial,Folk,../data/raw/fma_small/056/056516.mp3
56517,King of the Street,Folk,../data/raw/fma_small/056/056517.mp3
56518,When You're Older,Folk,../data/raw/fma_small/056/056518.mp3
56519,Keep the Fire,Folk,../data/raw/fma_small/056/056519.mp3
56520,Morning Sun,Folk,../data/raw/fma_small/056/056520.mp3
56521,All the World,Folk,../data/raw/fma_small/056/056521.mp3
56523,Sports Day,Electronic,../data/raw/fma_small/056/056523.mp3
56552,Celebration,Rock,../data/raw/fma_small/056/056552.mp3
56559,Wax 666,Rock,../data/raw/fma_small/056/056559.mp3
56639,Dey Get Down (Remixx Instrumental),Hip-Hop,../data/raw/fma_small/056/056639.mp3
56640,Case Closed (Instrumental),Hip-Hop,../data/raw/fma_small/056/056640.mp3
56641,Case Closed (Acapella),Hip-Hop,../data/raw/fma_small/056/056641.mp3
56645,Koi No/Koko Joe/Justine,Rock,../data/raw/fma_small/056/056645.mp3
56646,Santa Claus is Coming to Town,Rock,../data/raw/fma_small/056/056646.mp3
56648,Chattanooga Choo Choo Train,Rock,../data/raw/fma_small/056/056648.mp3
56649,Osaka Holiday,Rock,../data/raw/fma_small/056/056649.mp3
56650,Red River,Rock,../data/raw/fma_small/056/056650.mp3
56651,The Cat,Rock,../data/raw/fma_small/056/056651.mp3
56686,New World Order - Part I (vocals: Revolushan),International,../data/raw/fma_small/056/056686.mp3
56687,New World Order Dub Transition - Part II,International,../data/raw/fma_small/056/056687.mp3
56688,New World Order - Part III (vocals: Revolushan),International,../data/raw/fma_small/056/056688.mp3
56689,Rubadub AntheM (vocals: Revolushan),International,../data/raw/fma_small/056/056689.mp3
56690,Trod Along (vocals: Preecha Kungo),International,../data/raw/fma_small/056/056690.mp3
56691,What Kind of Music (vocals: Solo Banton/Leah Rosier),International,../data/raw/fma_small/056/056691.mp3
56692,Shuffle Dubby (vocals: Solo Banton),International,../data/raw/fma_small/056/056692.mp3
56693,Bongo Chilli Dubby (vocals: Bongo Chilli),International,../data/raw/fma_small/056/056693.mp3
56694,Well DuB,International,../data/raw/fma_small/056/056694.mp3
56695,Dark Sound,International,../data/raw/fma_small/056/056695.mp3
56696,New World Order - Vol 2 (vocals: Revolushan),International,../data/raw/fma_small/056/056696.mp3
56795,Happiness Is,Electronic,../data/raw/fma_small/056/056795.mp3
56796,The Pigeon Strut,Electronic,../data/raw/fma_small/056/056796.mp3
56797,Herbie,Electronic,../data/raw/fma_small/056/056797.mp3
56798,Breezin,Electronic,../data/raw/fma_small/056/056798.mp3
56799,Twinkie,Electronic,../data/raw/fma_small/056/056799.mp3
56800,Jazzer Incisors,Electronic,../data/raw/fma_small/056/056800.mp3
56801,Sneaker Chase,Electronic,../data/raw/fma_small/056/056801.mp3
56802,Falcon Hood,Electronic,../data/raw/fma_small/056/056802.mp3
56803,Operatives,Electronic,../data/raw/fma_small/056/056803.mp3
56804,Mutinee,Electronic,../data/raw/fma_small/056/056804.mp3
56805,Origami,Electronic,../data/raw/fma_small/056/056805.mp3
56874,Midori,Electronic,../data/raw/fma_small/056/056874.mp3
56888,soloVIOLA,Experimental,../data/raw/fma_small/056/056888.mp3
56895,(as Puppen),Pop,../data/raw/fma_small/056/056895.mp3
56929,Hit and Run,Rock,../data/raw/fma_small/056/056929.mp3
57078,Lirik Untuk Lagu Pop,Pop,../data/raw/fma_small/057/057078.mp3
57164,Family Van,Folk,../data/raw/fma_small/057/057164.mp3
57175,On My Skateboard,Folk,../data/raw/fma_small/057/057175.mp3
57176,Certain Strangers,Folk,../data/raw/fma_small/057/057176.mp3
57177,Death at Your Door,Folk,../data/raw/fma_small/057/057177.mp3
57178,"NO (Midi #2: Camille/""Modern Music Mix"")",Pop,../data/raw/fma_small/057/057178.mp3
57179,NO - Vocal Track,Pop,../data/raw/fma_small/057/057179.mp3
57180,NO (Midi Version),Pop,../data/raw/fma_small/057/057180.mp3
57271,The existence of the light,Experimental,../data/raw/fma_small/057/057271.mp3
57272,The existence of the light,Experimental,../data/raw/fma_small/057/057272.mp3
57273,The existence of the light,Experimental,../data/raw/fma_small/057/057273.mp3
57274,The existence of the light,Experimental,../data/raw/fma_small/057/057274.mp3
57344,Nature Prevails,Experimental,../data/raw/fma_small/057/057344.mp3
57360,D-Stress,Experimental,../data/raw/fma_small/057/057360.mp3
57371,March Of The Bodypumpers,Instrumental,../data/raw/fma_small/057/057371.mp3
57417,Opasenye [NONIMX],Electronic,../data/raw/fma_small/057/057417.mp3
57418,Octopus,Instrumental,../data/raw/fma_small/057/057418.mp3
57435,Way Beyond the Logic of Odds by Decade in Exile,Pop,../data/raw/fma_small/057/057435.mp3
57437,When I Leave My House by Decade in Exile,Pop,../data/raw/fma_small/057/057437.mp3
57439,Patti's Town by Decade in Exile,Pop,../data/raw/fma_small/057/057439.mp3
57440,Fleas Or Radioactive Pop Smear,Experimental,../data/raw/fma_small/057/057440.mp3
57442,Nuclear Beach,Experimental,../data/raw/fma_small/057/057442.mp3
57500,Girl,Rock,../data/raw/fma_small/057/057500.mp3
57540,Oxuria Memoth,Electronic,../data/raw/fma_small/057/057540.mp3
57569,Super Hero,Rock,../data/raw/fma_small/057/057569.mp3
57626,Starve,Experimental,../data/raw/fma_small/057/057626.mp3
57627,Entering,Experimental,../data/raw/fma_small/057/057627.mp3
57628,Ends,Experimental,../data/raw/fma_small/057/057628.mp3
57629,Blue,Experimental,../data/raw/fma_small/057/057629.mp3
57630,Almost Alright,Experimental,../data/raw/fma_small/057/057630.mp3
57639,Rattle the Windows,Folk,../data/raw/fma_small/057/057639.mp3
57640,Swingin' Low,Folk,../data/raw/fma_small/057/057640.mp3
57648,Blue Skies,Folk,../data/raw/fma_small/057/057648.mp3
57658,I'm an Animal,Rock,../data/raw/fma_small/057/057658.mp3
57661,Hip Hop Hooray,Rock,../data/raw/fma_small/057/057661.mp3
57662,Down Low,Rock,../data/raw/fma_small/057/057662.mp3
57663,Hey Grrl,Rock,../data/raw/fma_small/057/057663.mp3
57665,Don't Wanna Lie,International,../data/raw/fma_small/057/057665.mp3
57691,Live at Home,International,../data/raw/fma_small/057/057691.mp3
57697,Conserve de Trees,International,../data/raw/fma_small/057/057697.mp3
57819,Floss Suffers From Gamma Radiation,Hip-Hop,../data/raw/fma_small/057/057819.mp3
57820,"Four, Floss, Five, Six",Hip-Hop,../data/raw/fma_small/057/057820.mp3
57821,Floss Is Full Of Surprises,Hip-Hop,../data/raw/fma_small/057/057821.mp3
57822,Floss Hates Prime Numbers,Hip-Hop,../data/raw/fma_small/057/057822.mp3
57823,Farewell To Floss,Hip-Hop,../data/raw/fma_small/057/057823.mp3
57891,Maybe I'm Hell,Rock,../data/raw/fma_small/057/057891.mp3
57892,There's Something Inside my Kunt,Rock,../data/raw/fma_small/057/057892.mp3
57936,We Three Kings,Experimental,../data/raw/fma_small/057/057936.mp3
57937,Deck the Halls,Experimental,../data/raw/fma_small/057/057937.mp3
57938,12 Days of Christmas,Experimental,../data/raw/fma_small/057/057938.mp3
57939,The Meaning of Christmas,Experimental,../data/raw/fma_small/057/057939.mp3
57943,"Just Look At All The Love In The World, And Be Gorgeous",Experimental,../data/raw/fma_small/057/057943.mp3
57968,Grad,Rock,../data/raw/fma_small/057/057968.mp3
58052,Mystical Sighs,Experimental,../data/raw/fma_small/058/058052.mp3
58053,Metallic Fruit,Experimental,../data/raw/fma_small/058/058053.mp3
58054,Without Resistance: Nature's Night (For Daniel Higgs),Experimental,../data/raw/fma_small/058/058054.mp3
58060,Meshes In The Afternoon,Experimental,../data/raw/fma_small/058/058060.mp3
58061,Reknew Dockter,Experimental,../data/raw/fma_small/058/058061.mp3
58063,Last Breath Before Death,Experimental,../data/raw/fma_small/058/058063.mp3
58068,Auroral Propagation Beacon,Experimental,../data/raw/fma_small/058/058068.mp3
58070,Silent Key Absorption,Experimental,../data/raw/fma_small/058/058070.mp3
58115,Spooky,Pop,../data/raw/fma_small/058/058115.mp3
58116,My Feet Beneath The Water,Pop,../data/raw/fma_small/058/058116.mp3
58117,The Painting I Made,Pop,../data/raw/fma_small/058/058117.mp3
58135,Feelin' Down,Folk,../data/raw/fma_small/058/058135.mp3
58140,Travel On,Folk,../data/raw/fma_small/058/058140.mp3
58161,DREAMS REALLY DO COME TRUE,Pop,../data/raw/fma_small/058/058161.mp3
58162,CHICKEN OVERTURE,Pop,../data/raw/fma_small/058/058162.mp3
58164,SILENT NIGHT (Feat Mixmaster Axewound),Pop,../data/raw/fma_small/058/058164.mp3
58166,CHICKEN INTRODUCTION,Pop,../data/raw/fma_small/058/058166.mp3
58169,SHELLEY PARKER QUEEN OF NEPAL,Pop,../data/raw/fma_small/058/058169.mp3
58170,CHICKEN FEET,Pop,../data/raw/fma_small/058/058170.mp3
58173,CHICKEN DINNER,Pop,../data/raw/fma_small/058/058173.mp3
58174,UNRAVEL BACKWARDS BUT NOT UPSIDE DOWN,Pop,../data/raw/fma_small/058/058174.mp3
58207,Hasta Abajo,Hip-Hop,../data/raw/fma_small/058/058207.mp3
58212,Guerrilla Music,Hip-Hop,../data/raw/fma_small/058/058212.mp3
58213,B*tch You Ain't A Barbie,Hip-Hop,../data/raw/fma_small/058/058213.mp3
58215,Malice In Wonderland,Hip-Hop,../data/raw/fma_small/058/058215.mp3
58221,Kick Back,Rock,../data/raw/fma_small/058/058221.mp3
58225,Deaf Americans,Rock,../data/raw/fma_small/058/058225.mp3
58333,Free Software Song 2,Rock,../data/raw/fma_small/058/058333.mp3
58334,Free Software Song 2 (Instrumental),Rock,../data/raw/fma_small/058/058334.mp3
58341,Oh Wee,Electronic,../data/raw/fma_small/058/058341.mp3
58474,R.I.P please Bob,Pop,../data/raw/fma_small/058/058474.mp3
58539,Whispers In My Mind,Rock,../data/raw/fma_small/058/058539.mp3
58540,One Chord Wonder,Rock,../data/raw/fma_small/058/058540.mp3
58541,Perfect One,Rock,../data/raw/fma_small/058/058541.mp3
58542,Milk and Honey,Rock,../data/raw/fma_small/058/058542.mp3
58543,College Rock (How To Hold The Guitar Right),Rock,../data/raw/fma_small/058/058543.mp3
59078,Irish Rebel Song,Rock,../data/raw/fma_small/059/059078.mp3
59373,The Deadly Game,Rock,../data/raw/fma_small/059/059373.mp3
59374,The End of the Ride,Rock,../data/raw/fma_small/059/059374.mp3
59443,Glimpse,Pop,../data/raw/fma_small/059/059443.mp3
59445,This Place,Pop,../data/raw/fma_small/059/059445.mp3
59446,Beam Chaser,Pop,../data/raw/fma_small/059/059446.mp3
59448,Tongue,Pop,../data/raw/fma_small/059/059448.mp3
59449,Dreemer,Pop,../data/raw/fma_small/059/059449.mp3
59451,Sister,Pop,../data/raw/fma_small/059/059451.mp3
59454,Time Erasur,Pop,../data/raw/fma_small/059/059454.mp3
59561,Easy for You to Say,Rock,../data/raw/fma_small/059/059561.mp3
59562,Demo to London,Rock,../data/raw/fma_small/059/059562.mp3
59581,Búsqueda exploratoria #005 - Tu pars.mp3,International,../data/raw/fma_small/059/059581.mp3
59653,Sto Imala K'smet Stamena,International,../data/raw/fma_small/059/059653.mp3
59654,Bacho Nikola,International,../data/raw/fma_small/059/059654.mp3
59656,Shopska Suite,International,../data/raw/fma_small/059/059656.mp3
59657,Yiati Foumaro Kokaini,International,../data/raw/fma_small/059/059657.mp3
59658,Zheni Se Sine,International,../data/raw/fma_small/059/059658.mp3
59659,Zaigrale Mamo Devojcinja,International,../data/raw/fma_small/059/059659.mp3
59660,Shto Mi e Milo,International,../data/raw/fma_small/059/059660.mp3
59663,Oi Čorna,International,../data/raw/fma_small/059/059663.mp3
59664,Kaval Sviri,International,../data/raw/fma_small/059/059664.mp3
59666,Sos Ma Karai Maichinko,International,../data/raw/fma_small/059/059666.mp3
59667,Prekhvrukna Ptichka,International,../data/raw/fma_small/059/059667.mp3
59669,Sadilaj moma kraj more loze,International,../data/raw/fma_small/059/059669.mp3
59671,Dark Eyed Girl,International,../data/raw/fma_small/059/059671.mp3
59673,Peruniko,International,../data/raw/fma_small/059/059673.mp3
59675,Hey Petrunka,International,../data/raw/fma_small/059/059675.mp3
59676,Ergen Deda,International,../data/raw/fma_small/059/059676.mp3
59677,How Happy I Am,International,../data/raw/fma_small/059/059677.mp3
59678,Tavas Hazahav,International,../data/raw/fma_small/059/059678.mp3
59679,Schuna,International,../data/raw/fma_small/059/059679.mp3
59680,Reach Tapuach Odem Shani,International,../data/raw/fma_small/059/059680.mp3
59681,Esches Chayil,International,../data/raw/fma_small/059/059681.mp3
59682,Brogez/Sholem,International,../data/raw/fma_small/059/059682.mp3
59683,Kondzha Mia/Bre Sarika,International,../data/raw/fma_small/059/059683.mp3
59684,La Komida,International,../data/raw/fma_small/059/059684.mp3
59685,Gusta Mi Magla,International,../data/raw/fma_small/059/059685.mp3
59686,Introductions and Chifteteli,International,../data/raw/fma_small/059/059686.mp3
59687,Tangos de Granada,International,../data/raw/fma_small/059/059687.mp3
59688,Frog Song,International,../data/raw/fma_small/059/059688.mp3
59695,Coplas de Purím,International,../data/raw/fma_small/059/059695.mp3
59702,Ortameheluri,International,../data/raw/fma_small/059/059702.mp3
59706,"Alleluia, No Nobis",International,../data/raw/fma_small/059/059706.mp3
59707,Messe Vultum Tuum: Agnus Dei,International,../data/raw/fma_small/059/059707.mp3
59708,Ballu Dillu (A Sa Campagna),International,../data/raw/fma_small/059/059708.mp3
59709,Ottava Del Tre,International,../data/raw/fma_small/059/059709.mp3
59710,Muttos,International,../data/raw/fma_small/059/059710.mp3
59711,Zakukala,International,../data/raw/fma_small/059/059711.mp3
59718,Spavamise,International,../data/raw/fma_small/059/059718.mp3
59719,Dospatsko,International,../data/raw/fma_small/059/059719.mp3
59720,Zemer Atik,International,../data/raw/fma_small/059/059720.mp3
59721,Korobushka,International,../data/raw/fma_small/059/059721.mp3
59723,Alunelul,International,../data/raw/fma_small/059/059723.mp3
59724,Psarapoula,International,../data/raw/fma_small/059/059724.mp3
59725,Ruchenitsa,International,../data/raw/fma_small/059/059725.mp3
59726,Gravel Walk,International,../data/raw/fma_small/059/059726.mp3
59727,In The Mood,International,../data/raw/fma_small/059/059727.mp3
59823,Cumbia De Los Locos,Experimental,../data/raw/fma_small/059/059823.mp3
59876,Lovedropper,Rock,../data/raw/fma_small/059/059876.mp3
59930,Piano Box,Experimental,../data/raw/fma_small/059/059930.mp3
60037,Modibo chante à la maison,International,../data/raw/fma_small/060/060037.mp3
60038,Tié ba té djigui,International,../data/raw/fma_small/060/060038.mp3
60041,Moussa,International,../data/raw/fma_small/060/060041.mp3
60042,Intro Tie ba té,International,../data/raw/fma_small/060/060042.mp3
60045,Maiga  Descente à cheval,International,../data/raw/fma_small/060/060045.mp3
60048,Chérie la Kro,International,../data/raw/fma_small/060/060048.mp3
60074,Virtuoso Masterbattalion Of Perfected Sound Anticipation,Experimental,../data/raw/fma_small/060/060074.mp3
60143,Momche,International,../data/raw/fma_small/060/060143.mp3
60144,Leno,International,../data/raw/fma_small/060/060144.mp3
60145,Messechinko,International,../data/raw/fma_small/060/060145.mp3
60146,Kara Deniz,International,../data/raw/fma_small/060/060146.mp3
60170,Marimba Interlude I,Folk,../data/raw/fma_small/060/060170.mp3
60317,Horror Storm,Experimental,../data/raw/fma_small/060/060317.mp3
60331,Thank You Beyoncé,Experimental,../data/raw/fma_small/060/060331.mp3
60472,La Princesa Perdida,Hip-Hop,../data/raw/fma_small/060/060472.mp3
60474,Nick The Stick,Hip-Hop,../data/raw/fma_small/060/060474.mp3
60476,Perfect Tomorrow,Hip-Hop,../data/raw/fma_small/060/060476.mp3
60477,Keg Baseball,Hip-Hop,../data/raw/fma_small/060/060477.mp3
60478,I Got The Blues,Hip-Hop,../data/raw/fma_small/060/060478.mp3
60510,Sad Song,Hip-Hop,../data/raw/fma_small/060/060510.mp3
60533,Gori Mori,International,../data/raw/fma_small/060/060533.mp3
60534,Siki Siki Baba,International,../data/raw/fma_small/060/060534.mp3
60535,Sa Bas Tute,International,../data/raw/fma_small/060/060535.mp3
60536,Me Phirava Daje,International,../data/raw/fma_small/060/060536.mp3
60537,Sweet Girl,International,../data/raw/fma_small/060/060537.mp3
60544,Jasmina,International,../data/raw/fma_small/060/060544.mp3
60547,Srpski Splet,International,../data/raw/fma_small/060/060547.mp3
60548,Riff Cloud,International,../data/raw/fma_small/060/060548.mp3
60549,Romska Karsilama,International,../data/raw/fma_small/060/060549.mp3
60736,Mexican Holiday live at the Winston,Rock,../data/raw/fma_small/060/060736.mp3
60753,Snosti ti Dojdov,International,../data/raw/fma_small/060/060753.mp3
60754,Sadila Jana,International,../data/raw/fma_small/060/060754.mp3
60755,Salzi Ronya Snosti Sum Libe,International,../data/raw/fma_small/060/060755.mp3
60756,Rajkos,International,../data/raw/fma_small/060/060756.mp3
60757,Taya Vecher,International,../data/raw/fma_small/060/060757.mp3
60758,Dimitrija Sto Imala Kusmet,International,../data/raw/fma_small/060/060758.mp3
60775,Larkistan,International,../data/raw/fma_small/060/060775.mp3
60776,Zapevala Sojka Ptica / Ajdevano,International,../data/raw/fma_small/060/060776.mp3
60777,T'ithela k'c s'agapousa,International,../data/raw/fma_small/060/060777.mp3
60857,Chunovo,International,../data/raw/fma_small/060/060857.mp3
60864,Chuperlika,International,../data/raw/fma_small/060/060864.mp3
60865,"Medley: Prishtinka, Ramo-Ramo, Osman Aga",International,../data/raw/fma_small/060/060865.mp3
60871,Avante Me Fante,International,../data/raw/fma_small/060/060871.mp3
60872,Introduction//Hora Mare,International,../data/raw/fma_small/060/060872.mp3
60873,Hora De La Me Hedinti,International,../data/raw/fma_small/060/060873.mp3
60874,Ca Aenesaca De La Cobadin,International,../data/raw/fma_small/060/060874.mp3
60875,Piece de Tarita,International,../data/raw/fma_small/060/060875.mp3
60994,Infantile Reimaging of Jimmy Loose Spour,Experimental,../data/raw/fma_small/060/060994.mp3
61006,Week One,Folk,../data/raw/fma_small/061/061006.mp3
61007,Week Two,Folk,../data/raw/fma_small/061/061007.mp3
61008,Week Four,Folk,../data/raw/fma_small/061/061008.mp3
61010,Week Six,Folk,../data/raw/fma_small/061/061010.mp3
61011,Week Seven,Folk,../data/raw/fma_small/061/061011.mp3
61012,Week Eight,Folk,../data/raw/fma_small/061/061012.mp3
61013,Week Nine,Folk,../data/raw/fma_small/061/061013.mp3
61159,Drive Thru,Hip-Hop,../data/raw/fma_small/061/061159.mp3
61160,Domino's,Hip-Hop,../data/raw/fma_small/061/061160.mp3
61161,DillA Remix,Hip-Hop,../data/raw/fma_small/061/061161.mp3
61172,KEnLO's WorKouT,Hip-Hop,../data/raw/fma_small/061/061172.mp3
61174,ExplosiON,Hip-Hop,../data/raw/fma_small/061/061174.mp3
61175,KING NeLSON,Hip-Hop,../data/raw/fma_small/061/061175.mp3
61452,Moulin Ben Sec,Hip-Hop,../data/raw/fma_small/061/061452.mp3
61453,Les Insectes,Hip-Hop,../data/raw/fma_small/061/061453.mp3
61491,Burn,Rock,../data/raw/fma_small/061/061491.mp3
61492,No.02,Rock,../data/raw/fma_small/061/061492.mp3
61493,Redlight,Rock,../data/raw/fma_small/061/061493.mp3
61587,Margarita's Rumpus,Pop,../data/raw/fma_small/061/061587.mp3
61589,Lord of the Dance Arrives,Pop,../data/raw/fma_small/061/061589.mp3
61591,Gigglestick,Pop,../data/raw/fma_small/061/061591.mp3
61592,Medicine Goes Down,Pop,../data/raw/fma_small/061/061592.mp3
61668,Nickles And Dimes,Hip-Hop,../data/raw/fma_small/061/061668.mp3
61670,Japan Punk,Pop,../data/raw/fma_small/061/061670.mp3
61679,Frågan,Pop,../data/raw/fma_small/061/061679.mp3
61734,Let's Go Dutch,Pop,../data/raw/fma_small/061/061734.mp3
61736,Margaritaville,Pop,../data/raw/fma_small/061/061736.mp3
61742,A Clown's Good Deed,Pop,../data/raw/fma_small/061/061742.mp3
61814,MY NAME IS,Rock,../data/raw/fma_small/061/061814.mp3
61820,THRASHMETAL,Rock,../data/raw/fma_small/061/061820.mp3
61821,WALKING WITH SAAD,Rock,../data/raw/fma_small/061/061821.mp3
61884,Old Western Firefight,Hip-Hop,../data/raw/fma_small/061/061884.mp3
62001,Stand,Hip-Hop,../data/raw/fma_small/062/062001.mp3
62003,Free You,Instrumental,../data/raw/fma_small/062/062003.mp3
62005,Heaven 17,Instrumental,../data/raw/fma_small/062/062005.mp3
62007,Girl Ghoul A Go-Go,Instrumental,../data/raw/fma_small/062/062007.mp3
62163,Glasses High,Pop,../data/raw/fma_small/062/062163.mp3
62164,Into The Waves,Pop,../data/raw/fma_small/062/062164.mp3
62165,Interview,Pop,../data/raw/fma_small/062/062165.mp3
62180,Our Happy Life,Instrumental,../data/raw/fma_small/062/062180.mp3
62183,Bouge ton popotin,International,../data/raw/fma_small/062/062183.mp3
62184,le malin,International,../data/raw/fma_small/062/062184.mp3
62185,Qui a bu Boira...,International,../data/raw/fma_small/062/062185.mp3
62186,La femme de mon patron,International,../data/raw/fma_small/062/062186.mp3
62187,Mignoncité,International,../data/raw/fma_small/062/062187.mp3
62188,Chéri ton disque est rayé,International,../data/raw/fma_small/062/062188.mp3
62189,Génie militaire,International,../data/raw/fma_small/062/062189.mp3
62190,DECEPTION   (Je frotte et je cogne),International,../data/raw/fma_small/062/062190.mp3
62191,Go digitale,International,../data/raw/fma_small/062/062191.mp3
62192,Victoire,International,../data/raw/fma_small/062/062192.mp3
62193,LArgent appelle largent,International,../data/raw/fma_small/062/062193.mp3
62194,Les Ennemis de mes amis,International,../data/raw/fma_small/062/062194.mp3
62195,La go d'a côté,International,../data/raw/fma_small/062/062195.mp3
62196,Jardin damour,International,../data/raw/fma_small/062/062196.mp3
62337,Chinese Rug,Rock,../data/raw/fma_small/062/062337.mp3
62426,Vladimir Estragon,Folk,../data/raw/fma_small/062/062426.mp3
62436,Fastest Man on Earth,Pop,../data/raw/fma_small/062/062436.mp3
62445,Comic,Rock,../data/raw/fma_small/062/062445.mp3
62446,Two days,Pop,../data/raw/fma_small/062/062446.mp3
62448,Julia,Pop,../data/raw/fma_small/062/062448.mp3
62449,Maybe,Pop,../data/raw/fma_small/062/062449.mp3
62450,Montmartre,Pop,../data/raw/fma_small/062/062450.mp3
62452,Jardins du Luxembourg,Pop,../data/raw/fma_small/062/062452.mp3
62458,Out of School,Rock,../data/raw/fma_small/062/062458.mp3
62525,Mistery Woman,International,../data/raw/fma_small/062/062525.mp3
62526,Gladiator,International,../data/raw/fma_small/062/062526.mp3
62527,Clear Vision feat. Soulmack,International,../data/raw/fma_small/062/062527.mp3
62528,Ruff Tuff,International,../data/raw/fma_small/062/062528.mp3
62529,Cheatin´ feat. Soulmack,International,../data/raw/fma_small/062/062529.mp3
62531,Skank it,International,../data/raw/fma_small/062/062531.mp3
62532,Mascarade,International,../data/raw/fma_small/062/062532.mp3
62533,Tight Spot/Rough Style feat. Osagyefo,International,../data/raw/fma_small/062/062533.mp3
62534,Closing,International,../data/raw/fma_small/062/062534.mp3
62586,Liquid Sunlight,Rock,../data/raw/fma_small/062/062586.mp3
62589,Tchakare Kanyembe track 01,International,../data/raw/fma_small/062/062589.mp3
62591,Tchakare Kanyembe track 04,International,../data/raw/fma_small/062/062591.mp3
62592,Tchakare Kanyembe track 05,International,../data/raw/fma_small/062/062592.mp3
62594,Tchakare Kanyembe track 07,International,../data/raw/fma_small/062/062594.mp3
62595,Tchakare Kanyembe track 08,International,../data/raw/fma_small/062/062595.mp3
62596,Tchakare Kanyembe track 09,International,../data/raw/fma_small/062/062596.mp3
62655,Route 13,Rock,../data/raw/fma_small/062/062655.mp3
62671,Striped blue vinyl,Electronic,../data/raw/fma_small/062/062671.mp3
62742,Sleepin',Pop,../data/raw/fma_small/062/062742.mp3
62748,Haunted,Pop,../data/raw/fma_small/062/062748.mp3
62749,Heartbreaker,Pop,../data/raw/fma_small/062/062749.mp3
62750,Roller-skate,Pop,../data/raw/fma_small/062/062750.mp3
62751,Birthday Cake,Pop,../data/raw/fma_small/062/062751.mp3
62753,VHS,Pop,../data/raw/fma_small/062/062753.mp3
63043,"Dont Talk, Just Kiss",Rock,../data/raw/fma_small/063/063043.mp3
63044,Courduroy,Rock,../data/raw/fma_small/063/063044.mp3
63045,Brassneck,Rock,../data/raw/fma_small/063/063045.mp3
63064,Underwater,Electronic,../data/raw/fma_small/063/063064.mp3
63065,Starkey,Electronic,../data/raw/fma_small/063/063065.mp3
63117,Berzerker,Rock,../data/raw/fma_small/063/063117.mp3
63149,25,Experimental,../data/raw/fma_small/063/063149.mp3
63159,15,Experimental,../data/raw/fma_small/063/063159.mp3
63161,13,Experimental,../data/raw/fma_small/063/063161.mp3
63191,Taylor Swift,Rock,../data/raw/fma_small/063/063191.mp3
63208,The Road Is Paved With Leaves,Folk,../data/raw/fma_small/063/063208.mp3
63224,Harmony,Pop,../data/raw/fma_small/063/063224.mp3
63226,You Make You Feel,Pop,../data/raw/fma_small/063/063226.mp3
63250,Out of Turn,Folk,../data/raw/fma_small/063/063250.mp3
63251,Mark the Spot Spot,Folk,../data/raw/fma_small/063/063251.mp3
63252,Leviathan Song pt. I,Folk,../data/raw/fma_small/063/063252.mp3
63253,Sirens Knell,Folk,../data/raw/fma_small/063/063253.mp3
63255,Away pt. I,Folk,../data/raw/fma_small/063/063255.mp3
63257,Awake Too Long,Folk,../data/raw/fma_small/063/063257.mp3
63258,Shadows for the Land,Folk,../data/raw/fma_small/063/063258.mp3
63287,I Was The Killer,Instrumental,../data/raw/fma_small/063/063287.mp3
63289,Ticking eye,Instrumental,../data/raw/fma_small/063/063289.mp3
63290,Creep 04 (minimal),Instrumental,../data/raw/fma_small/063/063290.mp3
63291,March of the Teenagers pt. 2,Instrumental,../data/raw/fma_small/063/063291.mp3
63292,Outtake,Instrumental,../data/raw/fma_small/063/063292.mp3
63456,Away pt. II,Folk,../data/raw/fma_small/063/063456.mp3
63457,Old Time Primitives,Folk,../data/raw/fma_small/063/063457.mp3
63470,Blood Will Tell,Rock,../data/raw/fma_small/063/063470.mp3
63471,Goliath,Rock,../data/raw/fma_small/063/063471.mp3
63472,A Season of Grey Rain,Rock,../data/raw/fma_small/063/063472.mp3
63626,Particles Of A Dream,Experimental,../data/raw/fma_small/063/063626.mp3
63655,Part I,Electronic,../data/raw/fma_small/063/063655.mp3
63733,Abraham Lincoln and Albert Einstein,Hip-Hop,../data/raw/fma_small/063/063733.mp3
63747,8bit Five (ft. J6),Hip-Hop,../data/raw/fma_small/063/063747.mp3
63755,A Dangerous Game,Hip-Hop,../data/raw/fma_small/063/063755.mp3
63757,Sweet as Pie,Hip-Hop,../data/raw/fma_small/063/063757.mp3
63770,Western Firefight 2,Hip-Hop,../data/raw/fma_small/063/063770.mp3
63789,Never Stop,Hip-Hop,../data/raw/fma_small/063/063789.mp3
63803,Gymnopedie (feat. Shad),Hip-Hop,../data/raw/fma_small/063/063803.mp3
63804,Motivation,Hip-Hop,../data/raw/fma_small/063/063804.mp3
63805,Meridian Sound (Part Three),Hip-Hop,../data/raw/fma_small/063/063805.mp3
63874,Dance With The Godfather,Hip-Hop,../data/raw/fma_small/063/063874.mp3
63900,Caps In Stems (Instrumental),Hip-Hop,../data/raw/fma_small/063/063900.mp3
63908,Death By Hangover,Hip-Hop,../data/raw/fma_small/063/063908.mp3
63922,Happy Me,Rock,../data/raw/fma_small/063/063922.mp3
63936,Angry People,Experimental,../data/raw/fma_small/063/063936.mp3
63999,Brute,Pop,../data/raw/fma_small/063/063999.mp3
64005,Giraffes,Pop,../data/raw/fma_small/064/064005.mp3
64006,Moi Samolety,Pop,../data/raw/fma_small/064/064006.mp3
64007,Nevesta,Pop,../data/raw/fma_small/064/064007.mp3
64008,Brute (One Remix),Pop,../data/raw/fma_small/064/064008.mp3
64009,Nevesta (Flayve Remix),Pop,../data/raw/fma_small/064/064009.mp3
64035,Criminal Kids,Rock,../data/raw/fma_small/064/064035.mp3
64078,France-excerpt,Experimental,../data/raw/fma_small/064/064078.mp3
64079,DREAM,Pop,../data/raw/fma_small/064/064079.mp3
64091,This Place That Time,Experimental,../data/raw/fma_small/064/064091.mp3
64093,sweet talking,Experimental,../data/raw/fma_small/064/064093.mp3
64247,Good Luck Charm,Experimental,../data/raw/fma_small/064/064247.mp3
64248,Wooden Heart,Experimental,../data/raw/fma_small/064/064248.mp3
64249,Crazy,Experimental,../data/raw/fma_small/064/064249.mp3
64252,In the Ghetto,Experimental,../data/raw/fma_small/064/064252.mp3
64253,Midnight Mover,Experimental,../data/raw/fma_small/064/064253.mp3
64331,Promo Mix Vocal Edit (Luv Dub Mix),Electronic,../data/raw/fma_small/064/064331.mp3
64332,Passion Unlimited (Beat to the Feeling 94 Version),Electronic,../data/raw/fma_small/064/064332.mp3
64333,You Can't Unfeel The Rhythm (DJ JC Radio Edit),Electronic,../data/raw/fma_small/064/064333.mp3
64334,Everybody Dance (All Night Luv Garage Edit) feat. Alexia Dee's,Electronic,../data/raw/fma_small/064/064334.mp3
64338,Ten Years Coming (Ninety-Four Drums of Death),Hip-Hop,../data/raw/fma_small/064/064338.mp3
64364,Almighty,Pop,../data/raw/fma_small/064/064364.mp3
64365,I Feel,Pop,../data/raw/fma_small/064/064365.mp3
64366,Trouble,Pop,../data/raw/fma_small/064/064366.mp3
64407,Melodica Time (Original Prod),International,../data/raw/fma_small/064/064407.mp3
64408,Melodica Time (Cut Session),International,../data/raw/fma_small/064/064408.mp3
64409,Melodica Time (Remix),International,../data/raw/fma_small/064/064409.mp3
64410,Melodica Time (Sound System Style),International,../data/raw/fma_small/064/064410.mp3
64515,Reactivated,Hip-Hop,../data/raw/fma_small/064/064515.mp3
64516,The Way,Hip-Hop,../data/raw/fma_small/064/064516.mp3
64517,"Rap Ambassadors feat Cappo, Sonnyjim & Chrome",Hip-Hop,../data/raw/fma_small/064/064517.mp3
64519,Quality Control,Hip-Hop,../data/raw/fma_small/064/064519.mp3
64520,Matter Of Interest,Hip-Hop,../data/raw/fma_small/064/064520.mp3
64521,Resonate feat DJ Severe,Hip-Hop,../data/raw/fma_small/064/064521.mp3
64522,Bombsite,Hip-Hop,../data/raw/fma_small/064/064522.mp3
64523,Vandalise,Hip-Hop,../data/raw/fma_small/064/064523.mp3
64535,found,Electronic,../data/raw/fma_small/064/064535.mp3
64536,found (vip),Electronic,../data/raw/fma_small/064/064536.mp3
64537,fvneral blves,Electronic,../data/raw/fma_small/064/064537.mp3
64538,fvneral blves (kinlaw remix),Electronic,../data/raw/fma_small/064/064538.mp3
64542,Chapter Ending,Electronic,../data/raw/fma_small/064/064542.mp3
64553,Bread,Folk,../data/raw/fma_small/064/064553.mp3
64556,Birthquake,Folk,../data/raw/fma_small/064/064556.mp3
64567,The Best,Rock,../data/raw/fma_small/064/064567.mp3
64590,Vamos A Tocar Sonero,International,../data/raw/fma_small/064/064590.mp3
64591,Fui Yo,International,../data/raw/fma_small/064/064591.mp3
64592,Cupido,International,../data/raw/fma_small/064/064592.mp3
64593,Barranquilla Tiene Un  Swing,International,../data/raw/fma_small/064/064593.mp3
64594,banjo mouth,Experimental,../data/raw/fma_small/064/064594.mp3
64601,Start Running,Experimental,../data/raw/fma_small/064/064601.mp3
64604,i dont want to die alone,Experimental,../data/raw/fma_small/064/064604.mp3
64618,Deuce,Electronic,../data/raw/fma_small/064/064618.mp3
64625,Thursday & Snow (Reprise),Hip-Hop,../data/raw/fma_small/064/064625.mp3
64626,Jangle,Hip-Hop,../data/raw/fma_small/064/064626.mp3
64627,Cassette Thing,Hip-Hop,../data/raw/fma_small/064/064627.mp3
64628,Come Get Some,Hip-Hop,../data/raw/fma_small/064/064628.mp3
64629,Rock,Hip-Hop,../data/raw/fma_small/064/064629.mp3
64630,Deniro,Hip-Hop,../data/raw/fma_small/064/064630.mp3
64631,Flava,Hip-Hop,../data/raw/fma_small/064/064631.mp3
64659,Fake Italian,Rock,../data/raw/fma_small/064/064659.mp3
64787,Beastly,Pop,../data/raw/fma_small/064/064787.mp3
64788,It's A Warhorse,Pop,../data/raw/fma_small/064/064788.mp3
64789,OW,Pop,../data/raw/fma_small/064/064789.mp3
64796,Could Be (ft. Jesse Taylor),Pop,../data/raw/fma_small/064/064796.mp3
64809,Butterfly Lullaby,Folk,../data/raw/fma_small/064/064809.mp3
64834,Music For Baby,Pop,../data/raw/fma_small/064/064834.mp3
64840,Kim,Pop,../data/raw/fma_small/064/064840.mp3
64841,Please Tell Lisa,Pop,../data/raw/fma_small/064/064841.mp3
64854,Swedish Fish,Experimental,../data/raw/fma_small/064/064854.mp3
64855,I Don't Know Why (the Gooeys),Experimental,../data/raw/fma_small/064/064855.mp3
64856,Cloud Fight 2,Experimental,../data/raw/fma_small/064/064856.mp3
64857,Rainbow Bomb,Experimental,../data/raw/fma_small/064/064857.mp3
64858,Trigger Select,Experimental,../data/raw/fma_small/064/064858.mp3
64859,Dripping Guts in PG,Experimental,../data/raw/fma_small/064/064859.mp3
64860,Subterranean Centipede Slave,Experimental,../data/raw/fma_small/064/064860.mp3
64861,Herb Pilhofer's Whirlpool,Experimental,../data/raw/fma_small/064/064861.mp3
64862,Hairy Fairy Hotaruna,Experimental,../data/raw/fma_small/064/064862.mp3
64863,En Route (ou Enfin! Le Défilé Capsule de Temps va au Centre de Contrôle),Experimental,../data/raw/fma_small/064/064863.mp3
64864,Préparatifs dans la Salle de Rédaction,Experimental,../data/raw/fma_small/064/064864.mp3
64865,Il Pleut des Informations (ou Mass Media en Masse à Partir de Notre Cumulonimus Fiable),Experimental,../data/raw/fma_small/064/064865.mp3
64866,"Á Minuit, le 31 Décembre",Experimental,../data/raw/fma_small/064/064866.mp3
64893,horse and sparrow,Experimental,../data/raw/fma_small/064/064893.mp3
64895,side a,Experimental,../data/raw/fma_small/064/064895.mp3
64896,side b,Experimental,../data/raw/fma_small/064/064896.mp3
64918,Cannibals,Rock,../data/raw/fma_small/064/064918.mp3
64919,Digital Stimulation,Rock,../data/raw/fma_small/064/064919.mp3
64988,Rehab,Hip-Hop,../data/raw/fma_small/064/064988.mp3
64989,Bee Mine,Hip-Hop,../data/raw/fma_small/064/064989.mp3
64990,Class Act,Hip-Hop,../data/raw/fma_small/064/064990.mp3
64991,NYC,Hip-Hop,../data/raw/fma_small/064/064991.mp3
64992,Lights - And Counting (Action Davis Remix),Hip-Hop,../data/raw/fma_small/064/064992.mp3
64993,Japanese,Hip-Hop,../data/raw/fma_small/064/064993.mp3
64994,Dearly Departed (Outro),Hip-Hop,../data/raw/fma_small/064/064994.mp3
64995,Illumination (feat. Emmalyne Braswell),Hip-Hop,../data/raw/fma_small/064/064995.mp3
65037,A Lifetime of Summers Past,Electronic,../data/raw/fma_small/065/065037.mp3
65038,Snow Monkeys,Electronic,../data/raw/fma_small/065/065038.mp3
65039,Circuit Doves,Electronic,../data/raw/fma_small/065/065039.mp3
65040,Anxiety Ejection,Electronic,../data/raw/fma_small/065/065040.mp3
65063,Kicks,Electronic,../data/raw/fma_small/065/065063.mp3
65064,Moves,Electronic,../data/raw/fma_small/065/065064.mp3
65073,Manifest,Electronic,../data/raw/fma_small/065/065073.mp3
65076,[DSR 7001] Bek Suserutz & mildtape - Dinna Chord redub.mp3,International,../data/raw/fma_small/065/065076.mp3
65077,[DSR 7001] Bek Suserutz & mildtape - Weisse Nicht redub.mp3,International,../data/raw/fma_small/065/065077.mp3
65090,excerpt from the B-side,Experimental,../data/raw/fma_small/065/065090.mp3
65234,Fall Moon,Experimental,../data/raw/fma_small/065/065234.mp3
65265,Excerpt 1 - Jandek with Susan Alcorn Ryan Sawyer Shahzad Ismaily,Experimental,../data/raw/fma_small/065/065265.mp3
65488,Colorful Lights,Electronic,../data/raw/fma_small/065/065488.mp3
65619,BlackBox Red at Vondelbunker,Rock,../data/raw/fma_small/065/065619.mp3
65683,People Like You,Folk,../data/raw/fma_small/065/065683.mp3
65685,Maybelle (feat. Robyn Kenealy),Folk,../data/raw/fma_small/065/065685.mp3
65745,Everpresent Future,Hip-Hop,../data/raw/fma_small/065/065745.mp3
65752,ExplosiON,Hip-Hop,../data/raw/fma_small/065/065752.mp3
65755,Reality Bites,Pop,../data/raw/fma_small/065/065755.mp3
65756,"Darkling, I Listen",Pop,../data/raw/fma_small/065/065756.mp3
65777,Sun Rice,Electronic,../data/raw/fma_small/065/065777.mp3
65779,Let's go!,Electronic,../data/raw/fma_small/065/065779.mp3
65780,OutroDub,Electronic,../data/raw/fma_small/065/065780.mp3
65893,Sleeping Beauty,Folk,../data/raw/fma_small/065/065893.mp3
66058,Superhero Style,Folk,../data/raw/fma_small/066/066058.mp3
66073,Berlin,Electronic,../data/raw/fma_small/066/066073.mp3
66074,Porto,Electronic,../data/raw/fma_small/066/066074.mp3
66075,Paris,Electronic,../data/raw/fma_small/066/066075.mp3
66076,Amsterdam,Electronic,../data/raw/fma_small/066/066076.mp3
66180,Life Unfolds,Folk,../data/raw/fma_small/066/066180.mp3
66187,Tragic,Folk,../data/raw/fma_small/066/066187.mp3
66390,Komodo Dodo,Electronic,../data/raw/fma_small/066/066390.mp3
66394,Get Used to It,Rock,../data/raw/fma_small/066/066394.mp3
66405,Hon,Rock,../data/raw/fma_small/066/066405.mp3
66469,Walking,Experimental,../data/raw/fma_small/066/066469.mp3
66482,Phase a Couple Rooms,Experimental,../data/raw/fma_small/066/066482.mp3
66483,Roast Lettuce and the Glass Babies,Experimental,../data/raw/fma_small/066/066483.mp3
66525,Bending Light,Instrumental,../data/raw/fma_small/066/066525.mp3
66534,Gator Foot,Rock,../data/raw/fma_small/066/066534.mp3
66535,Baladora,Rock,../data/raw/fma_small/066/066535.mp3
66536,Bat Glasses,Rock,../data/raw/fma_small/066/066536.mp3
66537,Cold Spot,Rock,../data/raw/fma_small/066/066537.mp3
66538,Pass The Ring,Rock,../data/raw/fma_small/066/066538.mp3
66539,Come On Down,Rock,../data/raw/fma_small/066/066539.mp3
66636,Sniper Wolf,Electronic,../data/raw/fma_small/066/066636.mp3
66637,I Walk Alone,Electronic,../data/raw/fma_small/066/066637.mp3
66638,Grief And Sleep,Electronic,../data/raw/fma_small/066/066638.mp3
66641,Home,Pop,../data/raw/fma_small/066/066641.mp3
66643,Ha Ha Ha,Pop,../data/raw/fma_small/066/066643.mp3
66644,Devils,Pop,../data/raw/fma_small/066/066644.mp3
66646,Tokyo,Pop,../data/raw/fma_small/066/066646.mp3
66648,Jungle,Pop,../data/raw/fma_small/066/066648.mp3
66649,Uh-Ah,Pop,../data/raw/fma_small/066/066649.mp3
66650,Wild Animal,Pop,../data/raw/fma_small/066/066650.mp3
66689,July.#04,Electronic,../data/raw/fma_small/066/066689.mp3
66690,Her breath,Electronic,../data/raw/fma_small/066/066690.mp3
66717,Love On The Run,Rock,../data/raw/fma_small/066/066717.mp3
66757,Under the Mountain,Instrumental,../data/raw/fma_small/066/066757.mp3
66782,Love Love Leave Love,Pop,../data/raw/fma_small/066/066782.mp3
66783,Candy City,Pop,../data/raw/fma_small/066/066783.mp3
67007,The Great Cape,Pop,../data/raw/fma_small/067/067007.mp3
67010,The Spirits Theme,Pop,../data/raw/fma_small/067/067010.mp3
67011,She Moves Through the Fair,Folk,../data/raw/fma_small/067/067011.mp3
67016,Kodak Ghosts,Folk,../data/raw/fma_small/067/067016.mp3
67017,The Twisted Road,Folk,../data/raw/fma_small/067/067017.mp3
67121,#3,Rock,../data/raw/fma_small/067/067121.mp3
67163,Poserslave,Rock,../data/raw/fma_small/067/067163.mp3
67232,Broad Street Boogie (Instrumental),Hip-Hop,../data/raw/fma_small/067/067232.mp3
67233,Love Me/Hate Me (Instrumental),Hip-Hop,../data/raw/fma_small/067/067233.mp3
67235,Love Me/Hate Me (Featuring Joey Ripps) (Acapella),Hip-Hop,../data/raw/fma_small/067/067235.mp3
67237,Break The News,Rock,../data/raw/fma_small/067/067237.mp3
67308,Camden Park,Electronic,../data/raw/fma_small/067/067308.mp3
67330,Rutherford,Pop,../data/raw/fma_small/067/067330.mp3
67331,Diver,Pop,../data/raw/fma_small/067/067331.mp3
67332,Island Pop,Pop,../data/raw/fma_small/067/067332.mp3
67333,Lagoon,Pop,../data/raw/fma_small/067/067333.mp3
67334,Spears,Pop,../data/raw/fma_small/067/067334.mp3
67336,Waterflies,Pop,../data/raw/fma_small/067/067336.mp3
67357,50 Gallon Drum,Pop,../data/raw/fma_small/067/067357.mp3
67358,Were You Gone,Pop,../data/raw/fma_small/067/067358.mp3
67359,Savage Customs,Pop,../data/raw/fma_small/067/067359.mp3
67360,Fresh Flesh,Pop,../data/raw/fma_small/067/067360.mp3
67361,Rich In Vitamin C,Pop,../data/raw/fma_small/067/067361.mp3
67362,Compy,Pop,../data/raw/fma_small/067/067362.mp3
67363,Before The March,Pop,../data/raw/fma_small/067/067363.mp3
67364,Ether,Pop,../data/raw/fma_small/067/067364.mp3
67365,World Premiere Grand Revue [#15 And 13],Pop,../data/raw/fma_small/067/067365.mp3
67366,Broken Eights,Pop,../data/raw/fma_small/067/067366.mp3
67367,Random Pop,Pop,../data/raw/fma_small/067/067367.mp3
67368,Get Off My Beach,Pop,../data/raw/fma_small/067/067368.mp3
67412,You Had to Be There,Rock,../data/raw/fma_small/067/067412.mp3
67457,a kiss,Experimental,../data/raw/fma_small/067/067457.mp3
67470,Might As Well Whistle,Electronic,../data/raw/fma_small/067/067470.mp3
67500,Iced Honey,Experimental,../data/raw/fma_small/067/067500.mp3
67553,Not Found (Invisible),Electronic,../data/raw/fma_small/067/067553.mp3
67556,Winter Fear,Rock,../data/raw/fma_small/067/067556.mp3
67557,Hazy Days,Rock,../data/raw/fma_small/067/067557.mp3
67558,Slow Motion,Rock,../data/raw/fma_small/067/067558.mp3
67597,Climbing Up the Mountain (volcano),Folk,../data/raw/fma_small/067/067597.mp3
67598,Dragon Millipede,Folk,../data/raw/fma_small/067/067598.mp3
67600,Scorpion Stinger,Folk,../data/raw/fma_small/067/067600.mp3
67637,Escape Pod,Electronic,../data/raw/fma_small/067/067637.mp3
67638,Wake Up,Electronic,../data/raw/fma_small/067/067638.mp3
67639,Deadly Dubs,Electronic,../data/raw/fma_small/067/067639.mp3
67640,Nightmare,Electronic,../data/raw/fma_small/067/067640.mp3
67660,Suns of Neurons,Rock,../data/raw/fma_small/067/067660.mp3
67661,Kankarah,Rock,../data/raw/fma_small/067/067661.mp3
67673,Soft Power,Rock,../data/raw/fma_small/067/067673.mp3
67707,Shopping mall,Experimental,../data/raw/fma_small/067/067707.mp3
67760,Rites Wild Theme,Pop,../data/raw/fma_small/067/067760.mp3
67763,The Land Turned Over,Folk,../data/raw/fma_small/067/067763.mp3
67764,Share,Folk,../data/raw/fma_small/067/067764.mp3
67765,Stars Climb Up the Vine,Folk,../data/raw/fma_small/067/067765.mp3
67766,Spencer the Rover,Folk,../data/raw/fma_small/067/067766.mp3
67784,Higher,Hip-Hop,../data/raw/fma_small/067/067784.mp3
67793,Fist City,Hip-Hop,../data/raw/fma_small/067/067793.mp3
67829,Shaking Boombah,Experimental,../data/raw/fma_small/067/067829.mp3
68353,Hiding in the Dark,Pop,../data/raw/fma_small/068/068353.mp3
68354,Goodbye Goodbye,Pop,../data/raw/fma_small/068/068354.mp3
68355,Open Up,Pop,../data/raw/fma_small/068/068355.mp3
68356,Still Alive,Pop,../data/raw/fma_small/068/068356.mp3
68404,Party City,Rock,../data/raw/fma_small/068/068404.mp3
68407,magicl metl,Experimental,../data/raw/fma_small/068/068407.mp3
68410,ORCR,Experimental,../data/raw/fma_small/068/068410.mp3
68444,Datter (Bam Spacey's Desert Air mix),Electronic,../data/raw/fma_small/068/068444.mp3
68531,Cats & Dogs,Hip-Hop,../data/raw/fma_small/068/068531.mp3
68536,"Ambience Brooklyn Zoo Cafeteria, NYC",Experimental,../data/raw/fma_small/068/068536.mp3
68537,Ambience Brooklyn Zoo Kids Waiting for Train,Experimental,../data/raw/fma_small/068/068537.mp3
68538,Crowd Long,Experimental,../data/raw/fma_small/068/068538.mp3
68539,Foyer Crowd,Experimental,../data/raw/fma_small/068/068539.mp3
68540,Murmur,Experimental,../data/raw/fma_small/068/068540.mp3
68541,Small Group Walla,Experimental,../data/raw/fma_small/068/068541.mp3
68543,Ste 029 Crowd Noise 3,Experimental,../data/raw/fma_small/068/068543.mp3
68549,Walla Market Croatian,Experimental,../data/raw/fma_small/068/068549.mp3
68551,Crowd Walla,Experimental,../data/raw/fma_small/068/068551.mp3
68573,"Kids Playing Soccer in Park Shouting and Arguing, Kalemegdan Park, Belgrade, Serbia",Experimental,../data/raw/fma_small/068/068573.mp3
68579,"Train Station Lobby Ambience with a PA Announcer, Belgrade, Serbia",Experimental,../data/raw/fma_small/068/068579.mp3
68582,In The Streets,Electronic,../data/raw/fma_small/068/068582.mp3
68587,South Beach,Electronic,../data/raw/fma_small/068/068587.mp3
68592,Bicycle,Hip-Hop,../data/raw/fma_small/068/068592.mp3
68600,Christmas is for Faggots,Hip-Hop,../data/raw/fma_small/068/068600.mp3
68601,Dropout Boogie,Hip-Hop,../data/raw/fma_small/068/068601.mp3
68680,Celestials,Electronic,../data/raw/fma_small/068/068680.mp3
68682,Artificial Being,Electronic,../data/raw/fma_small/068/068682.mp3
68683,Counter-Earth,Electronic,../data/raw/fma_small/068/068683.mp3
68820,Blackout,Rock,../data/raw/fma_small/068/068820.mp3
68821,Death in the Current,Rock,../data/raw/fma_small/068/068821.mp3
68837,The False Bride,Folk,../data/raw/fma_small/068/068837.mp3
68838,David's Tune,Folk,../data/raw/fma_small/068/068838.mp3
68839,Lucky's Tune,Folk,../data/raw/fma_small/068/068839.mp3
68840,John's Laughing Place,Folk,../data/raw/fma_small/068/068840.mp3
68841,Old Molly Hare,Folk,../data/raw/fma_small/068/068841.mp3
68842,Old Bangum,Folk,../data/raw/fma_small/068/068842.mp3
68843,Wedding Dress,Folk,../data/raw/fma_small/068/068843.mp3
68844,Matty Groves,Folk,../data/raw/fma_small/068/068844.mp3
68851,Medley,Folk,../data/raw/fma_small/068/068851.mp3
68852,Temperance Reel,Folk,../data/raw/fma_small/068/068852.mp3
68853,Irish Washerwoman,Folk,../data/raw/fma_small/068/068853.mp3
68854,Golden Slippers,Folk,../data/raw/fma_small/068/068854.mp3
68860,Varsuviana,Folk,../data/raw/fma_small/068/068860.mp3
68861,Mississippi Sawyer,Folk,../data/raw/fma_small/068/068861.mp3
68862,Merry-Go-Round,Folk,../data/raw/fma_small/068/068862.mp3
68869,Black Flack and the Nightmare Fighters (reunion mix),Experimental,../data/raw/fma_small/068/068869.mp3
68872,"Mining the Acoustics in the Empty Room at Anne Frank Studios in Piladelphia, PA (Paris mix)",Experimental,../data/raw/fma_small/068/068872.mp3
68875,The New American Hymnal for Post-Apocalyptic Memorials and Celebrations part 1,Experimental,../data/raw/fma_small/068/068875.mp3
68891,Building The Sun,Electronic,../data/raw/fma_small/068/068891.mp3
68892,One And,Electronic,../data/raw/fma_small/068/068892.mp3
68893,Sidewalk Chalk,Electronic,../data/raw/fma_small/068/068893.mp3
68894,Blown Out,Electronic,../data/raw/fma_small/068/068894.mp3
68895,Luminous,Electronic,../data/raw/fma_small/068/068895.mp3
68896,Fuck It,Electronic,../data/raw/fma_small/068/068896.mp3
68897,Figure It Out ft. Caswell,Electronic,../data/raw/fma_small/068/068897.mp3
68898,Like Swimming,Electronic,../data/raw/fma_small/068/068898.mp3
68899,Lonely Organ,Electronic,../data/raw/fma_small/068/068899.mp3
68909,Walking,Rock,../data/raw/fma_small/068/068909.mp3
69001,Icelandic Surf,Experimental,../data/raw/fma_small/069/069001.mp3
69002,Sheep,Experimental,../data/raw/fma_small/069/069002.mp3
69170,Enthusiast,Electronic,../data/raw/fma_small/069/069170.mp3
69181,Hence Chance,Pop,../data/raw/fma_small/069/069181.mp3
69182,Flying,Pop,../data/raw/fma_small/069/069182.mp3
69188,Sheep,Pop,../data/raw/fma_small/069/069188.mp3
69193,Another Boring Lunchtime (edit),Electronic,../data/raw/fma_small/069/069193.mp3
69194,Memories Of Thailand (Beat Doctor's 'stuck in Britain' remix),Electronic,../data/raw/fma_small/069/069194.mp3
69195,Last Flight Home (Marc Burt remix),Electronic,../data/raw/fma_small/069/069195.mp3
69196,Acid Breakfast,Electronic,../data/raw/fma_small/069/069196.mp3
69197,Born Into It (chillout mix),Electronic,../data/raw/fma_small/069/069197.mp3
69198,Lies (Beat Doctor mix),Electronic,../data/raw/fma_small/069/069198.mp3
69199,Aquarius (Psychadelik Pedestrian remix),Electronic,../data/raw/fma_small/069/069199.mp3
69200,Force Of Nature (JMD remix),Electronic,../data/raw/fma_small/069/069200.mp3
69201,Bass Tribe (remix),Electronic,../data/raw/fma_small/069/069201.mp3
69202,Turbulence (Psychadelik Pedestrian's chillout remix),Electronic,../data/raw/fma_small/069/069202.mp3
69203,Plasma,Electronic,../data/raw/fma_small/069/069203.mp3
69204,Pioneers,Electronic,../data/raw/fma_small/069/069204.mp3
69205,The Squelch,Electronic,../data/raw/fma_small/069/069205.mp3
69206,Move Harder (Beat Doctor remix),Electronic,../data/raw/fma_small/069/069206.mp3
69207,By The Water (Aerologic remix),Electronic,../data/raw/fma_small/069/069207.mp3
69208,Too Retro,Electronic,../data/raw/fma_small/069/069208.mp3
69209,Night Beach,Electronic,../data/raw/fma_small/069/069209.mp3
69210,Got Me (club mix),Electronic,../data/raw/fma_small/069/069210.mp3
69211,Interference (Psychadelik Pedestrian remix),Electronic,../data/raw/fma_small/069/069211.mp3
69221,Stay (Original Mix),Electronic,../data/raw/fma_small/069/069221.mp3
69222,Slump (feat. Mac),Electronic,../data/raw/fma_small/069/069222.mp3
69223,Satellite (feat. Stereo),Electronic,../data/raw/fma_small/069/069223.mp3
69303,The Subtle Body Wears a Shadow,Experimental,../data/raw/fma_small/069/069303.mp3
69554,We Go Ham,Hip-Hop,../data/raw/fma_small/069/069554.mp3
69555,The Nellie,Hip-Hop,../data/raw/fma_small/069/069555.mp3
69561,S.W.A.G.,Hip-Hop,../data/raw/fma_small/069/069561.mp3
69563,Good Time,Hip-Hop,../data/raw/fma_small/069/069563.mp3
69564,'Til You Get There (ft. Shawntel of the Y.N.RichKids),Hip-Hop,../data/raw/fma_small/069/069564.mp3
69567,Your Chime,Folk,../data/raw/fma_small/069/069567.mp3
69682,MT-1,Experimental,../data/raw/fma_small/069/069682.mp3
69723,Dracula,Rock,../data/raw/fma_small/069/069723.mp3
69726,She's gonna maneouvre,Rock,../data/raw/fma_small/069/069726.mp3
69727,Sxy folys,Rock,../data/raw/fma_small/069/069727.mp3
69732,Natürlich,Electronic,../data/raw/fma_small/069/069732.mp3
69744,01,Pop,../data/raw/fma_small/069/069744.mp3
69745,02,Pop,../data/raw/fma_small/069/069745.mp3
69746,03,Pop,../data/raw/fma_small/069/069746.mp3
69747,04,Pop,../data/raw/fma_small/069/069747.mp3
69761,Animal Masks,Folk,../data/raw/fma_small/069/069761.mp3
69762,Song for Sonny,Folk,../data/raw/fma_small/069/069762.mp3
69763,Kerouak,Folk,../data/raw/fma_small/069/069763.mp3
69764,Broken Doors,Folk,../data/raw/fma_small/069/069764.mp3
69765,Echoes,Folk,../data/raw/fma_small/069/069765.mp3
69766,Game Over,Folk,../data/raw/fma_small/069/069766.mp3
69767,The Old Country,Folk,../data/raw/fma_small/069/069767.mp3
69768,Tiny hands,Folk,../data/raw/fma_small/069/069768.mp3
69781,Secret Wave,Rock,../data/raw/fma_small/069/069781.mp3
69784,When I Could Love,Experimental,../data/raw/fma_small/069/069784.mp3
69785,Two Squared,Experimental,../data/raw/fma_small/069/069785.mp3
69787,The Dark Room,Experimental,../data/raw/fma_small/069/069787.mp3
69788,The Gospel According To Dale,Experimental,../data/raw/fma_small/069/069788.mp3
69789,Stay On Course,Experimental,../data/raw/fma_small/069/069789.mp3
69791,Stand Up,Experimental,../data/raw/fma_small/069/069791.mp3
69792,Place Like No Home,Experimental,../data/raw/fma_small/069/069792.mp3
69793,We Have Moved,Experimental,../data/raw/fma_small/069/069793.mp3
69798,Wake Up Deaf To Sirens,Experimental,../data/raw/fma_small/069/069798.mp3
69822,Everybodys got to learn sometime (vs Stade),Hip-Hop,../data/raw/fma_small/069/069822.mp3
69823,R yeah (Millelemmi remix),Hip-Hop,../data/raw/fma_small/069/069823.mp3
69824,Lucky you (Digi G'Alessio remix remix),Hip-Hop,../data/raw/fma_small/069/069824.mp3
69825,R yeah (Stade remix),Hip-Hop,../data/raw/fma_small/069/069825.mp3
69826,Lucky you (Applejac's Roulette Wheel remix),Hip-Hop,../data/raw/fma_small/069/069826.mp3
69827,R yeah (A Smile for Timbuctu remix),Hip-Hop,../data/raw/fma_small/069/069827.mp3
69828,Lucky you (the Earlyman remix),Hip-Hop,../data/raw/fma_small/069/069828.mp3
69830,Higher (Instrumental),Hip-Hop,../data/raw/fma_small/069/069830.mp3
69833,Dreamflower (Keep The Dream Alive) (Instrumental),Hip-Hop,../data/raw/fma_small/069/069833.mp3
69904,Engano Seu,Hip-Hop,../data/raw/fma_small/069/069904.mp3
69947,Ha Ha Holiday,Rock,../data/raw/fma_small/069/069947.mp3
69949,All Night Long,Rock,../data/raw/fma_small/069/069949.mp3
69985,Azimutez,Electronic,../data/raw/fma_small/069/069985.mp3
70002,Can You Rock A Party Without Rehearsing?,Experimental,../data/raw/fma_small/070/070002.mp3
70005,Doughnut Remover Acoustic,Experimental,../data/raw/fma_small/070/070005.mp3
70174,Liquid Lavendar Light,Experimental,../data/raw/fma_small/070/070174.mp3
70206,L.O.I.,Hip-Hop,../data/raw/fma_small/070/070206.mp3
70207,Opium,Hip-Hop,../data/raw/fma_small/070/070207.mp3
70208,Bittersweet Insomnia,Hip-Hop,../data/raw/fma_small/070/070208.mp3
70299,-80.657417 -102.624289,Electronic,../data/raw/fma_small/070/070299.mp3
70300,Underwater maze,Electronic,../data/raw/fma_small/070/070300.mp3
70301,Belly Button,Electronic,../data/raw/fma_small/070/070301.mp3
70302,Expectation,Electronic,../data/raw/fma_small/070/070302.mp3
70303,Erotic Post-Ironic (feat. Ella),Electronic,../data/raw/fma_small/070/070303.mp3
70402,Soft Sounds,Rock,../data/raw/fma_small/070/070402.mp3
70403,Pigeon Song,Rock,../data/raw/fma_small/070/070403.mp3
70409,Jimnicluc,Rock,../data/raw/fma_small/070/070409.mp3
70423,I Do,Pop,../data/raw/fma_small/070/070423.mp3
70424,Love Love Leave Love,Pop,../data/raw/fma_small/070/070424.mp3
70425,Assked,Pop,../data/raw/fma_small/070/070425.mp3
70426,Candy City,Pop,../data/raw/fma_small/070/070426.mp3
70654,Far Gone (Featuring DJ Def Chad) (Vocal),Hip-Hop,../data/raw/fma_small/070/070654.mp3
70655,Far Gone (Featuring DJ Def Chad) (Instrumental),Hip-Hop,../data/raw/fma_small/070/070655.mp3
70657,Due This (Instrumental),Hip-Hop,../data/raw/fma_small/070/070657.mp3
70660,Livin' The Amerikan Dream,Hip-Hop,../data/raw/fma_small/070/070660.mp3
70768,FluffSkull,Hip-Hop,../data/raw/fma_small/070/070768.mp3
70770,Murder Death Kill,Hip-Hop,../data/raw/fma_small/070/070770.mp3
70772,FluffSkull (Tech Mix),Hip-Hop,../data/raw/fma_small/070/070772.mp3
70773,Beat 130.1 (AcidBurp Mix),Hip-Hop,../data/raw/fma_small/070/070773.mp3
70774,Murder Death Kill (Beat Breaker Mix),Hip-Hop,../data/raw/fma_small/070/070774.mp3
70775,Basic Time Slicer (Spliced Mix),Hip-Hop,../data/raw/fma_small/070/070775.mp3
70813,Sakit Jiwa Terinfeksi,Rock,../data/raw/fma_small/070/070813.mp3
70873,goose woman,Pop,../data/raw/fma_small/070/070873.mp3
70875,lady bird,Pop,../data/raw/fma_small/070/070875.mp3
70878,otter people,Pop,../data/raw/fma_small/070/070878.mp3
70879,patience,Pop,../data/raw/fma_small/070/070879.mp3
71096,"Be careful, I've Stood On It Too",Electronic,../data/raw/fma_small/071/071096.mp3
71133,The Rest,Folk,../data/raw/fma_small/071/071133.mp3
71157,Followin' Me,Hip-Hop,../data/raw/fma_small/071/071157.mp3
71158,(Story) Telling (Featuring Marcus J Gilligan),Hip-Hop,../data/raw/fma_small/071/071158.mp3
71172,The Tumen Horsemen,Hip-Hop,../data/raw/fma_small/071/071172.mp3
71173,Eternal Plains,Hip-Hop,../data/raw/fma_small/071/071173.mp3
71174,Ulan Bator,Hip-Hop,../data/raw/fma_small/071/071174.mp3
71175,Wolf Falcon Deer,Hip-Hop,../data/raw/fma_small/071/071175.mp3
71216,Aperitivos,Hip-Hop,../data/raw/fma_small/071/071216.mp3
71225,Cara de Poker,Hip-Hop,../data/raw/fma_small/071/071225.mp3
71228,Tenho,Hip-Hop,../data/raw/fma_small/071/071228.mp3
71230,Kamikaze,Hip-Hop,../data/raw/fma_small/071/071230.mp3
71231,Perspectivas,Hip-Hop,../data/raw/fma_small/071/071231.mp3
71240,One Take (Intro),Hip-Hop,../data/raw/fma_small/071/071240.mp3
71241,Neva Give Up,Hip-Hop,../data/raw/fma_small/071/071241.mp3
71242,Focused (feat. Richie Campbell),Hip-Hop,../data/raw/fma_small/071/071242.mp3
71243,Encontrei (feat. Agir),Hip-Hop,../data/raw/fma_small/071/071243.mp3
71244,Obrigado (feat. Dino),Hip-Hop,../data/raw/fma_small/071/071244.mp3
71245,If You Gonna Be There (feat. Celso Opp),Hip-Hop,../data/raw/fma_small/071/071245.mp3
71246,FayaFlow (feat. Praga),Hip-Hop,../data/raw/fma_small/071/071246.mp3
71247,Imortais,Hip-Hop,../data/raw/fma_small/071/071247.mp3
71248,Motivation (feat. Carolina Deslandes),Hip-Hop,../data/raw/fma_small/071/071248.mp3
71249,Ela Só Quer,Hip-Hop,../data/raw/fma_small/071/071249.mp3
71250,Não Dá (feat. Prodigio),Hip-Hop,../data/raw/fma_small/071/071250.mp3
71251,Not Nice (feat. NGA),Hip-Hop,../data/raw/fma_small/071/071251.mp3
71252,Quem És,Hip-Hop,../data/raw/fma_small/071/071252.mp3
71253,Homem Sem Alma,Hip-Hop,../data/raw/fma_small/071/071253.mp3
71254,Eu Consigo (feat. Agir) [Bonus Track],Hip-Hop,../data/raw/fma_small/071/071254.mp3
71255,From The Heart (feat. Richie Campbell) [Bonus Track],Hip-Hop,../data/raw/fma_small/071/071255.mp3
71276,The Devil Always Wins,Rock,../data/raw/fma_small/071/071276.mp3
71303,Shock ya,Rock,../data/raw/fma_small/071/071303.mp3
71304,Teenage Freakout,Rock,../data/raw/fma_small/071/071304.mp3
71371,Good Times,Rock,../data/raw/fma_small/071/071371.mp3
71372,Rock N Roll,Rock,../data/raw/fma_small/071/071372.mp3
71420,Without Love,Electronic,../data/raw/fma_small/071/071420.mp3
71503,@,Electronic,../data/raw/fma_small/071/071503.mp3
71506,Cloudy,Electronic,../data/raw/fma_small/071/071506.mp3
71507,BACKSTRAP feat. puppyspazz,Electronic,../data/raw/fma_small/071/071507.mp3
71508,Burn Down the Monostery,Electronic,../data/raw/fma_small/071/071508.mp3
71509,Ravetrap,Electronic,../data/raw/fma_small/071/071509.mp3
71510,Chemtrails,Electronic,../data/raw/fma_small/071/071510.mp3
71511,October Surprise [wiretap mix],Electronic,../data/raw/fma_small/071/071511.mp3
71512,Noam Chomsky's Corporate Carbohydrate Surprise,Electronic,../data/raw/fma_small/071/071512.mp3
71513,M0NOR4V3N,Electronic,../data/raw/fma_small/071/071513.mp3
71514,Shut Up,Electronic,../data/raw/fma_small/071/071514.mp3
71515,How Ya Like Me Now Pt.2,Electronic,../data/raw/fma_small/071/071515.mp3
71516,Neurociencia,Electronic,../data/raw/fma_small/071/071516.mp3
71617,06 Metal-La-La-La,Rock,../data/raw/fma_small/071/071617.mp3
71620,09 Metal,Rock,../data/raw/fma_small/071/071620.mp3
71622,11 Master Of Pizza,Rock,../data/raw/fma_small/071/071622.mp3
71690,Drumm Machine (12 Inch Mixx) (Featuring DJ Def Chad),Hip-Hop,../data/raw/fma_small/071/071690.mp3
71691,Milk O' Magnesia,Hip-Hop,../data/raw/fma_small/071/071691.mp3
71692,Dubb Machine,Hip-Hop,../data/raw/fma_small/071/071692.mp3
71693,Drumm Machine (RhythmBoxx Beats),Hip-Hop,../data/raw/fma_small/071/071693.mp3
71694,Braggadocio (12 Inches of Instrumental Fury),Hip-Hop,../data/raw/fma_small/071/071694.mp3
71695,Milk O' Magnesia (Instrumental),Hip-Hop,../data/raw/fma_small/071/071695.mp3
71709,The Popsicle Palace,Pop,../data/raw/fma_small/071/071709.mp3
71711,Not That Kind Of Girl,Rock,../data/raw/fma_small/071/071711.mp3
71714,OX,Rock,../data/raw/fma_small/071/071714.mp3
71715,Name Droppers Of The World Unite,Rock,../data/raw/fma_small/071/071715.mp3
71719,Walked Too Deep,Rock,../data/raw/fma_small/071/071719.mp3
71721,A.B.A.Y.A.M,Rock,../data/raw/fma_small/071/071721.mp3
71722,Cast Your Ship Upon Rain,Folk,../data/raw/fma_small/071/071722.mp3
71822,The Cemetery,Electronic,../data/raw/fma_small/071/071822.mp3
71884,"If I Am Mad, It Is Mercy",Experimental,../data/raw/fma_small/071/071884.mp3
71885,Teeth & Claws Sharpened On Centuries Of Corpses,Experimental,../data/raw/fma_small/071/071885.mp3
71937,Life in the Crypt,Rock,../data/raw/fma_small/071/071937.mp3
71938,Eaters of the Flesh,Rock,../data/raw/fma_small/071/071938.mp3
72046,Minimum Wage Strike,Folk,../data/raw/fma_small/072/072046.mp3
72047,We Just Want The World,Folk,../data/raw/fma_small/072/072047.mp3
72050,Cannabis Cafe,Folk,../data/raw/fma_small/072/072050.mp3
72056,T Stop Cafe,Folk,../data/raw/fma_small/072/072056.mp3
72058,Glory And Fame (Edited),Folk,../data/raw/fma_small/072/072058.mp3
72059,If I Die Tomorrow,Folk,../data/raw/fma_small/072/072059.mp3
72064,Babylon...She's Falling,Rock,../data/raw/fma_small/072/072064.mp3
72067,Africa,Electronic,../data/raw/fma_small/072/072067.mp3
72068,B@$$ J▲|\/|,Electronic,../data/raw/fma_small/072/072068.mp3
72069,Act IV,Electronic,../data/raw/fma_small/072/072069.mp3
72070,Variations,Electronic,../data/raw/fma_small/072/072070.mp3
72071,Spectrum,Electronic,../data/raw/fma_small/072/072071.mp3
72072,Watch Your Dubstep Version 2,Electronic,../data/raw/fma_small/072/072072.mp3
72073,Z-Saber (feat Jake Allison),Electronic,../data/raw/fma_small/072/072073.mp3
72074,Fair Game,Electronic,../data/raw/fma_small/072/072074.mp3
72075,Night Drive,Electronic,../data/raw/fma_small/072/072075.mp3
72076,Stars,Electronic,../data/raw/fma_small/072/072076.mp3
72129,"Broken Homes (12"" Edit) (Featuring DJ Def Chad)",Hip-Hop,../data/raw/fma_small/072/072129.mp3
72130,Life Slow Down (Vocal) (Featuring Jamod Allah),Hip-Hop,../data/raw/fma_small/072/072130.mp3
72131,Rappers (Part 1) (Featuring DJ Def Chad),Hip-Hop,../data/raw/fma_small/072/072131.mp3
72134,Broken Homes (Broken Beats),Hip-Hop,../data/raw/fma_small/072/072134.mp3
72135,Life Slow Down (Instrumental),Hip-Hop,../data/raw/fma_small/072/072135.mp3
72136,Rappers (Part 7),Hip-Hop,../data/raw/fma_small/072/072136.mp3
72146,180211,Experimental,../data/raw/fma_small/072/072146.mp3
72149,March Of The Bodypumpers,Experimental,../data/raw/fma_small/072/072149.mp3
72200,farewell bright,Electronic,../data/raw/fma_small/072/072200.mp3
72206,Stabmixer Bazar,Electronic,../data/raw/fma_small/072/072206.mp3
72210,القذافي الأمازون الحرس,Electronic,../data/raw/fma_small/072/072210.mp3
72215,Tomb Raider (Club Mix),Electronic,../data/raw/fma_small/072/072215.mp3
72232,This Tiger of Mine,Electronic,../data/raw/fma_small/072/072232.mp3
72233,Poisons & Potions,Electronic,../data/raw/fma_small/072/072233.mp3
72234,Death Machine,Hip-Hop,../data/raw/fma_small/072/072234.mp3
72287,C'mon Man,Rock,../data/raw/fma_small/072/072287.mp3
72288,Hammertime,Rock,../data/raw/fma_small/072/072288.mp3
72289,I Love You,Rock,../data/raw/fma_small/072/072289.mp3
72290,Two Miles,Rock,../data/raw/fma_small/072/072290.mp3
72456,Call of the Beehive,Rock,../data/raw/fma_small/072/072456.mp3
72468,Money Ain't No Women,Hip-Hop,../data/raw/fma_small/072/072468.mp3
72476,"Model, Job, Metro, Time Square",Pop,../data/raw/fma_small/072/072476.mp3
72477,Last Days of Disco,Electronic,../data/raw/fma_small/072/072477.mp3
72513,Friendship,Rock,../data/raw/fma_small/072/072513.mp3
72514,Wonders,Pop,../data/raw/fma_small/072/072514.mp3
72562,Greensleeves,Folk,../data/raw/fma_small/072/072562.mp3
72565,Brahms Lullaby,Folk,../data/raw/fma_small/072/072565.mp3
72570,Dona Nobis Pacem,Folk,../data/raw/fma_small/072/072570.mp3
72604,How About Never,Electronic,../data/raw/fma_small/072/072604.mp3
72605,Brahm's Lullaby,Folk,../data/raw/fma_small/072/072605.mp3
72607,Dipper of Stars,Folk,../data/raw/fma_small/072/072607.mp3
72612,Down in the Valley,Folk,../data/raw/fma_small/072/072612.mp3
72738,12 - Tumble to the grass below,Rock,../data/raw/fma_small/072/072738.mp3
72781,Prologue By Lloyd 'June' Bryan,Hip-Hop,../data/raw/fma_small/072/072781.mp3
72782,Jack Did It Again,Hip-Hop,../data/raw/fma_small/072/072782.mp3
72783,Something 4Her2 Strip2,Hip-Hop,../data/raw/fma_small/072/072783.mp3
72784,Dub Like Ting (Dutty Stinkin' Ting),Hip-Hop,../data/raw/fma_small/072/072784.mp3
72785,Give Her The Length/Give It 2 Her 2times (XXX Version),Hip-Hop,../data/raw/fma_small/072/072785.mp3
72786,doukno (whereugoin?),Hip-Hop,../data/raw/fma_small/072/072786.mp3
72787,YOUNEEDHELP (Still A Snippet),Hip-Hop,../data/raw/fma_small/072/072787.mp3
72788,Take The Blame,Hip-Hop,../data/raw/fma_small/072/072788.mp3
72789,Epilogue By Lloyd 'June' Bryan,Hip-Hop,../data/raw/fma_small/072/072789.mp3
72790,Fatherhood,Hip-Hop,../data/raw/fma_small/072/072790.mp3
72926,Torn,Experimental,../data/raw/fma_small/072/072926.mp3
72927,Waltz of Obsolescence,Experimental,../data/raw/fma_small/072/072927.mp3
72928,The Seventeenth Lesson,Experimental,../data/raw/fma_small/072/072928.mp3
72930,Chrysanthemums,Experimental,../data/raw/fma_small/072/072930.mp3
73087,Western,Pop,../data/raw/fma_small/073/073087.mp3
73099,Small Teeth,Experimental,../data/raw/fma_small/073/073099.mp3
73100,Halfway Between The Pension & The Wreath,Experimental,../data/raw/fma_small/073/073100.mp3
73123,Rose Vale,Electronic,../data/raw/fma_small/073/073123.mp3
73124,Bitter Lemon,Electronic,../data/raw/fma_small/073/073124.mp3
73125,Shock Love (Zengineers Science-Remix),Electronic,../data/raw/fma_small/073/073125.mp3
73169,What Wondrous Love Is This?,Folk,../data/raw/fma_small/073/073169.mp3
73170,Greensleeves,Folk,../data/raw/fma_small/073/073170.mp3
73171,Barbry Allen,Folk,../data/raw/fma_small/073/073171.mp3
73172,Red Clay Country,Folk,../data/raw/fma_small/073/073172.mp3
73174,Instrumental,Folk,../data/raw/fma_small/073/073174.mp3
73175,Mixed Up,Folk,../data/raw/fma_small/073/073175.mp3
73192,Viva La Muerte,Rock,../data/raw/fma_small/073/073192.mp3
73193,Commie Cunt,Rock,../data/raw/fma_small/073/073193.mp3
73306,Springbreak (Happy Birthday),Rock,../data/raw/fma_small/073/073306.mp3
73309,Seperator,Rock,../data/raw/fma_small/073/073309.mp3
73318,Future Car,Rock,../data/raw/fma_small/073/073318.mp3
73335,Melody Canyon,Electronic,../data/raw/fma_small/073/073335.mp3
73340,Forecast,Electronic,../data/raw/fma_small/073/073340.mp3
73341,Freescape,Electronic,../data/raw/fma_small/073/073341.mp3
73342,Sabrina,Electronic,../data/raw/fma_small/073/073342.mp3
73343,Leaving Sector X - Equinox,Electronic,../data/raw/fma_small/073/073343.mp3
73344,Escape,Electronic,../data/raw/fma_small/073/073344.mp3
73363,Triangulate,Electronic,../data/raw/fma_small/073/073363.mp3
73365,Ground Loop,Electronic,../data/raw/fma_small/073/073365.mp3
73366,Night Terrors  (Ft. Konuvvi),Electronic,../data/raw/fma_small/073/073366.mp3
73367,Back To Earth,Electronic,../data/raw/fma_small/073/073367.mp3
73368,Flow Of The River,Electronic,../data/raw/fma_small/073/073368.mp3
73369,Remote,Electronic,../data/raw/fma_small/073/073369.mp3
73370,Tunnel Vision,Electronic,../data/raw/fma_small/073/073370.mp3
73371,North Western,Electronic,../data/raw/fma_small/073/073371.mp3
73372,Garden Theme,Electronic,../data/raw/fma_small/073/073372.mp3
73465,Ignored (Album Version),Pop,../data/raw/fma_small/073/073465.mp3
73466,Ignored (The Cusp Of Winter Remix),Pop,../data/raw/fma_small/073/073466.mp3
73467,Ignored (Can't Ignore The TSP Remix),Pop,../data/raw/fma_small/073/073467.mp3
73468,Ignored (Instrumental),Pop,../data/raw/fma_small/073/073468.mp3
73469,Ignored (Acapella),Pop,../data/raw/fma_small/073/073469.mp3
73486,Sleep Walk,Rock,../data/raw/fma_small/073/073486.mp3
73494,Boss Extended,Experimental,../data/raw/fma_small/073/073494.mp3
73495,Mariachi Bandits of Gatling Gun Ridge,Instrumental,../data/raw/fma_small/073/073495.mp3
73519,Evil That Men Do,Rock,../data/raw/fma_small/073/073519.mp3
73520,Pride,Rock,../data/raw/fma_small/073/073520.mp3
73521,Brotherhood Of Night,Rock,../data/raw/fma_small/073/073521.mp3
73522,Blood From A Stone,Rock,../data/raw/fma_small/073/073522.mp3
73550,"Followin' Me (MondayMorningTape 7"" Edit)",Hip-Hop,../data/raw/fma_small/073/073550.mp3
73551,"Digg It! (7"" FunkEdit)",Hip-Hop,../data/raw/fma_small/073/073551.mp3
73560,Byte Marks,Electronic,../data/raw/fma_small/073/073560.mp3
73561,Supaunlimita,Electronic,../data/raw/fma_small/073/073561.mp3
73564,Epileptic Glitch Fit,Electronic,../data/raw/fma_small/073/073564.mp3
73565,Reverse Selector,Electronic,../data/raw/fma_small/073/073565.mp3
73566,The Mirror Wall,Folk,../data/raw/fma_small/073/073566.mp3
73568,Reginald Earth,Folk,../data/raw/fma_small/073/073568.mp3
73572,Easy Pieces No4,Folk,../data/raw/fma_small/073/073572.mp3
73573,Devotional,Folk,../data/raw/fma_small/073/073573.mp3
73580,Quiver,Folk,../data/raw/fma_small/073/073580.mp3
73584,Goodmorning Junction,Folk,../data/raw/fma_small/073/073584.mp3
73585,Stellar Rushes,Folk,../data/raw/fma_small/073/073585.mp3
73587,Listening,Folk,../data/raw/fma_small/073/073587.mp3
73658,Die Insel,Folk,../data/raw/fma_small/073/073658.mp3
73675,Sunny Sea Walk,Folk,../data/raw/fma_small/073/073675.mp3
73760,IMF,International,../data/raw/fma_small/073/073760.mp3
73761,Weapons,International,../data/raw/fma_small/073/073761.mp3
73762,Hadas G.H Drum&bass,International,../data/raw/fma_small/073/073762.mp3
73763,Belly Button,International,../data/raw/fma_small/073/073763.mp3
73764,Bańka mydlana,International,../data/raw/fma_small/073/073764.mp3
73765,Flushing Economy,International,../data/raw/fma_small/073/073765.mp3
73766,Tork Sport,International,../data/raw/fma_small/073/073766.mp3
73767,Alone in the City (feat. Moon Reflecting),International,../data/raw/fma_small/073/073767.mp3
73768,Jewel,International,../data/raw/fma_small/073/073768.mp3
73769,Deep Blue (2005),International,../data/raw/fma_small/073/073769.mp3
73770,Sunrise Number 1,International,../data/raw/fma_small/073/073770.mp3
73771,Jos jedan od onih dana,International,../data/raw/fma_small/073/073771.mp3
73772,Fragile Meadow,International,../data/raw/fma_small/073/073772.mp3
73773,Skango (feat. Volatil),International,../data/raw/fma_small/073/073773.mp3
73774,At the Mall,International,../data/raw/fma_small/073/073774.mp3
73775,Work It,International,../data/raw/fma_small/073/073775.mp3
73776,Different Feelings,International,../data/raw/fma_small/073/073776.mp3
73777,Zeitmaschine,International,../data/raw/fma_small/073/073777.mp3
73778,Odysseus,International,../data/raw/fma_small/073/073778.mp3
73779,Deep Cut,International,../data/raw/fma_small/073/073779.mp3
73792,Vogelbird,Pop,../data/raw/fma_small/073/073792.mp3
73797,Girls On A Swing,Folk,../data/raw/fma_small/073/073797.mp3
73819,nxVacuity002-2012-12-12_03_41_57,Experimental,../data/raw/fma_small/073/073819.mp3
73820,nxVacuity002-2012-12-12_03_55_14,Experimental,../data/raw/fma_small/073/073820.mp3
73821,nxVacuity002-2012-12-12_04_00_16,Experimental,../data/raw/fma_small/073/073821.mp3
73822,nxVacuity002-2012-12-12_04_05_18,Experimental,../data/raw/fma_small/073/073822.mp3
73921,This Christmas,Pop,../data/raw/fma_small/073/073921.mp3
74002,The Glass Traditions,Pop,../data/raw/fma_small/074/074002.mp3
74302,The Trollenberg Terror,Experimental,../data/raw/fma_small/074/074302.mp3
74347,König in Thule,Experimental,../data/raw/fma_small/074/074347.mp3
74348,Be Sweet,Rock,../data/raw/fma_small/074/074348.mp3
74362,Sweet Shop,Electronic,../data/raw/fma_small/074/074362.mp3
74365,Yeah,Electronic,../data/raw/fma_small/074/074365.mp3
74370,The First Noel,Experimental,../data/raw/fma_small/074/074370.mp3
74371,Christmas Wish No. 3571,Experimental,../data/raw/fma_small/074/074371.mp3
74372,Jolly Old St. Nicholas,Experimental,../data/raw/fma_small/074/074372.mp3
74373,To Drive the Cold Winter Away,Experimental,../data/raw/fma_small/074/074373.mp3
74374,O Holy Night,Experimental,../data/raw/fma_small/074/074374.mp3
74375,winter stories,Experimental,../data/raw/fma_small/074/074375.mp3
74376,How Far Is It To Bethlehem,Experimental,../data/raw/fma_small/074/074376.mp3
74377,"Infant Holy, Infant Lowly",Experimental,../data/raw/fma_small/074/074377.mp3
74378,Deck the Halls,Experimental,../data/raw/fma_small/074/074378.mp3
74380,Santa Clause Forgot Me,Experimental,../data/raw/fma_small/074/074380.mp3
74381,Il Neige,Experimental,../data/raw/fma_small/074/074381.mp3
74382,December Radio,Experimental,../data/raw/fma_small/074/074382.mp3
74383,Hungover Boxing Day,Experimental,../data/raw/fma_small/074/074383.mp3
74384,Jingle Bell Swing,Experimental,../data/raw/fma_small/074/074384.mp3
74385,What Child Is This (Greensleeves),Experimental,../data/raw/fma_small/074/074385.mp3
74386,Christmas in Japan,Experimental,../data/raw/fma_small/074/074386.mp3
74387,flekkefjord,Experimental,../data/raw/fma_small/074/074387.mp3
74388,We Three Kings_Solovey,Experimental,../data/raw/fma_small/074/074388.mp3
74389,"Bring a Torch, Jeanette, Isabella",Experimental,../data/raw/fma_small/074/074389.mp3
74390,Gloria,Experimental,../data/raw/fma_small/074/074390.mp3
74391,"O Come, O Come, Emmanuel",Experimental,../data/raw/fma_small/074/074391.mp3
74392,Joy to the World,Experimental,../data/raw/fma_small/074/074392.mp3
74393,Snow on Snow (The Bleak Midwinter),Experimental,../data/raw/fma_small/074/074393.mp3
74421,Ahora que estamos en pie,Folk,../data/raw/fma_small/074/074421.mp3
74445,Xavier Baró - Allau d'estrelles solitaries,Folk,../data/raw/fma_small/074/074445.mp3
74546,Solitude,Folk,../data/raw/fma_small/074/074546.mp3
74669,Squirrelwood,Rock,../data/raw/fma_small/074/074669.mp3
74671,Queen Anne & Degraw,Rock,../data/raw/fma_small/074/074671.mp3
74706,Fall asleep under the millions of stars (Instrumental),Rock,../data/raw/fma_small/074/074706.mp3
74908,In A Graveyard On Halloween Night,Rock,../data/raw/fma_small/074/074908.mp3
74937,The Freezer Song,Folk,../data/raw/fma_small/074/074937.mp3
74942,Jimmy Carter (Live Acoustic),Folk,../data/raw/fma_small/074/074942.mp3
74945,Morning Light,Pop,../data/raw/fma_small/074/074945.mp3
74954,(Robot) House Music,Hip-Hop,../data/raw/fma_small/074/074954.mp3
74955,DrummMachine (Prez Ike's Drums of Life Redux) (Featuring DJ Def Chad),Hip-Hop,../data/raw/fma_small/074/074955.mp3
74959,Sky With Milk,Experimental,../data/raw/fma_small/074/074959.mp3
74960,Rörelse av Ljus,Experimental,../data/raw/fma_small/074/074960.mp3
75194,Stay,Pop,../data/raw/fma_small/075/075194.mp3
75211,Noodles and commercial TV,Rock,../data/raw/fma_small/075/075211.mp3
75221,The Ambassador Of Death,Rock,../data/raw/fma_small/075/075221.mp3
75230,Steps,Rock,../data/raw/fma_small/075/075230.mp3
75304,goodnight love,Folk,../data/raw/fma_small/075/075304.mp3
75310,Dogs of the World in Colour,Pop,../data/raw/fma_small/075/075310.mp3
75314,Babylon Got No Riches,Pop,../data/raw/fma_small/075/075314.mp3
75317,Beloved Is He Who Sits Down,Pop,../data/raw/fma_small/075/075317.mp3
75371,In Tune,Hip-Hop,../data/raw/fma_small/075/075371.mp3
75372,2012,Hip-Hop,../data/raw/fma_small/075/075372.mp3
75373,Owl Time,Hip-Hop,../data/raw/fma_small/075/075373.mp3
75374,Flying Caterpillar,Hip-Hop,../data/raw/fma_small/075/075374.mp3
75375,Explode,Hip-Hop,../data/raw/fma_small/075/075375.mp3
75376,Nakturnal,Hip-Hop,../data/raw/fma_small/075/075376.mp3
75377,Shake Dat,Hip-Hop,../data/raw/fma_small/075/075377.mp3
75378,Tree Of Life,Hip-Hop,../data/raw/fma_small/075/075378.mp3
75379,Listen,Hip-Hop,../data/raw/fma_small/075/075379.mp3
75380,Peace Dream,Hip-Hop,../data/raw/fma_small/075/075380.mp3
75381,Peaceburgh,Hip-Hop,../data/raw/fma_small/075/075381.mp3
75383,Future (Remix),Hip-Hop,../data/raw/fma_small/075/075383.mp3
75386,Mothership,Hip-Hop,../data/raw/fma_small/075/075386.mp3
75389,City of Champions,Hip-Hop,../data/raw/fma_small/075/075389.mp3
75390,Big Plans,Hip-Hop,../data/raw/fma_small/075/075390.mp3
75391,Friday Night Flu (Remix),Hip-Hop,../data/raw/fma_small/075/075391.mp3
75393,Thought to Thing,Hip-Hop,../data/raw/fma_small/075/075393.mp3
75395,Struggle (Remix),Hip-Hop,../data/raw/fma_small/075/075395.mp3
75396,Something Sacred,Hip-Hop,../data/raw/fma_small/075/075396.mp3
75398,Pulse,Hip-Hop,../data/raw/fma_small/075/075398.mp3
75399,Eleven 11,Hip-Hop,../data/raw/fma_small/075/075399.mp3
75401,Big Plans (Remix),Hip-Hop,../data/raw/fma_small/075/075401.mp3
75403,Evolution (Remix),Hip-Hop,../data/raw/fma_small/075/075403.mp3
75412,Healing Tones,Hip-Hop,../data/raw/fma_small/075/075412.mp3
75415,Takeover,Hip-Hop,../data/raw/fma_small/075/075415.mp3
75417,Trapped,Hip-Hop,../data/raw/fma_small/075/075417.mp3
75418,Don't Stop,Hip-Hop,../data/raw/fma_small/075/075418.mp3
75419,La La Love,Hip-Hop,../data/raw/fma_small/075/075419.mp3
75420,Catch Me,Hip-Hop,../data/raw/fma_small/075/075420.mp3
75425,Eleven 11 Remix,Hip-Hop,../data/raw/fma_small/075/075425.mp3
75427,Gratitude,Hip-Hop,../data/raw/fma_small/075/075427.mp3
75428,Buffalo Meditation,Hip-Hop,../data/raw/fma_small/075/075428.mp3
75429,Underwater sleep while trying not to breath,Instrumental,../data/raw/fma_small/075/075429.mp3
75430,Wake up & wash your face in tap air,Instrumental,../data/raw/fma_small/075/075430.mp3
75431,Passive aggressive ia all we have. You Can't shout underwater,Instrumental,../data/raw/fma_small/075/075431.mp3
75432,She's leaving for work in the underwater tram. I think I'll take a minute to think about it,Instrumental,../data/raw/fma_small/075/075432.mp3
75433,Starting my work with the daily rebuilding of the telescope,Instrumental,../data/raw/fma_small/075/075433.mp3
75434,Using air bubbles as lenses I see the outside. I suspect the world is not what it seems,Instrumental,../data/raw/fma_small/075/075434.mp3
75435,Time is running out. I'm sure.,Instrumental,../data/raw/fma_small/075/075435.mp3
75436,I can see her. She's at work not even noticing I'm watching,Instrumental,../data/raw/fma_small/075/075436.mp3
75437,I have a proof. The world is a drop of water falling slowly to it's end,Instrumental,../data/raw/fma_small/075/075437.mp3
75438,"She says:""Now that you think the world is ending you seem much happier"". This time I'm fighting back",Instrumental,../data/raw/fma_small/075/075438.mp3
75439,She's leaving home. Not the best timing,Instrumental,../data/raw/fma_small/075/075439.mp3
75440,The drop is hitting the ledge. All that's visible is the city falling apart. She's no where around,Instrumental,../data/raw/fma_small/075/075440.mp3
75441,When I find her we have to swim through the city. The city is dust. We see the world outside the bubble,Instrumental,../data/raw/fma_small/075/075441.mp3
75442,Outside the water drop there's more rain drops. We jump from one to the other on our way to the pond,Instrumental,../data/raw/fma_small/075/075442.mp3
75443,"The pond was too far, but we have the small buthtub just for the both of us",Instrumental,../data/raw/fma_small/075/075443.mp3
75607,The Last Ocean,Instrumental,../data/raw/fma_small/075/075607.mp3
75612,Your Sunrise,Instrumental,../data/raw/fma_small/075/075612.mp3
75692,Crazy Love,Pop,../data/raw/fma_small/075/075692.mp3
75745,Winding Road,Hip-Hop,../data/raw/fma_small/075/075745.mp3
75746,Age of Feminine,Hip-Hop,../data/raw/fma_small/075/075746.mp3
75747,Story of Me,Hip-Hop,../data/raw/fma_small/075/075747.mp3
75748,Yesterday,Hip-Hop,../data/raw/fma_small/075/075748.mp3
75749,Raja,Hip-Hop,../data/raw/fma_small/075/075749.mp3
75750,Please Remember,Hip-Hop,../data/raw/fma_small/075/075750.mp3
75751,Hawk,Hip-Hop,../data/raw/fma_small/075/075751.mp3
75752,Internal Trouble,Hip-Hop,../data/raw/fma_small/075/075752.mp3
75754,Struggle,Hip-Hop,../data/raw/fma_small/075/075754.mp3
75755,412,Hip-Hop,../data/raw/fma_small/075/075755.mp3
75762,Loves & Likes,Electronic,../data/raw/fma_small/075/075762.mp3
75763,Lapsedad (Cro-Magnon Swing),Electronic,../data/raw/fma_small/075/075763.mp3
75764,dotdUmmy & The DouBLE D's,Electronic,../data/raw/fma_small/075/075764.mp3
75782,I'm Not Lazy,Rock,../data/raw/fma_small/075/075782.mp3
75783,Laughing Along,Rock,../data/raw/fma_small/075/075783.mp3
75784,Rat Me Out,Rock,../data/raw/fma_small/075/075784.mp3
75785,I'm Not Nervous,Rock,../data/raw/fma_small/075/075785.mp3
75786,Write it Down,Rock,../data/raw/fma_small/075/075786.mp3
75787,Niche Dreams,Rock,../data/raw/fma_small/075/075787.mp3
75788,Forget About It,Rock,../data/raw/fma_small/075/075788.mp3
75844,1. Solo Project,Folk,../data/raw/fma_small/075/075844.mp3
75862,19. Male Fantasy,Folk,../data/raw/fma_small/075/075862.mp3
75866,23. Guitars,Folk,../data/raw/fma_small/075/075866.mp3
75869,26. Whistling,Folk,../data/raw/fma_small/075/075869.mp3
75883,Doom,Folk,../data/raw/fma_small/075/075883.mp3
75903,D.E.S.,Rock,../data/raw/fma_small/075/075903.mp3
75908,Suit and Tie,Rock,../data/raw/fma_small/075/075908.mp3
75925,Don't You Worry,Hip-Hop,../data/raw/fma_small/075/075925.mp3
75926,Heat,Hip-Hop,../data/raw/fma_small/075/075926.mp3
75927,Bullit,Hip-Hop,../data/raw/fma_small/075/075927.mp3
75928,Yup,Hip-Hop,../data/raw/fma_small/075/075928.mp3
75929,Dark Kingdom,Hip-Hop,../data/raw/fma_small/075/075929.mp3
75930,Freestyle Joint,Hip-Hop,../data/raw/fma_small/075/075930.mp3
75931,King of the Streets,Hip-Hop,../data/raw/fma_small/075/075931.mp3
75932,World of Concrete,Hip-Hop,../data/raw/fma_small/075/075932.mp3
75933,My Love,Hip-Hop,../data/raw/fma_small/075/075933.mp3
75935,Still Balling,Hip-Hop,../data/raw/fma_small/075/075935.mp3
75936,Trying to Understand,Hip-Hop,../data/raw/fma_small/075/075936.mp3
75937,So Much Pain,Hip-Hop,../data/raw/fma_small/075/075937.mp3
75975,NXPiano001_Score01a-2012-12-23_03_36_01,Experimental,../data/raw/fma_small/075/075975.mp3
76036,Culotte guitare,Experimental,../data/raw/fma_small/076/076036.mp3
76069,Still the River Flows (Rhyming Song),International,../data/raw/fma_small/076/076069.mp3
76071,Duda (Bagpipes),International,../data/raw/fma_small/076/076071.mp3
76072,Greeting Tune,International,../data/raw/fma_small/076/076072.mp3
76073,Arkan (Men's Dance),International,../data/raw/fma_small/076/076073.mp3
76074,Jaw Harps,International,../data/raw/fma_small/076/076074.mp3
76075,Tylynka (Overture Flute),International,../data/raw/fma_small/076/076075.mp3
76076,Tsymbaly Solo,International,../data/raw/fma_small/076/076076.mp3
76077,Hutsulka (Dance Number),International,../data/raw/fma_small/076/076077.mp3
76078,Koliada: Good Evening (with Lemon Bucket Orkestra members),International,../data/raw/fma_small/076/076078.mp3
76079,Kruhliyek (Round Dance for Bees) & Ples (Well Wishes),International,../data/raw/fma_small/076/076079.mp3
76121,Feed,Rock,../data/raw/fma_small/076/076121.mp3
76128,Budding,Pop,../data/raw/fma_small/076/076128.mp3
76129,942 Miles,Pop,../data/raw/fma_small/076/076129.mp3
76130,The Gold Lining,Pop,../data/raw/fma_small/076/076130.mp3
76131,Things To Come,Pop,../data/raw/fma_small/076/076131.mp3
76363,Valse du tout au fond,Instrumental,../data/raw/fma_small/076/076363.mp3
76375,Go Down To The River,Experimental,../data/raw/fma_small/076/076375.mp3
76381,Angry Sock Puppet,Experimental,../data/raw/fma_small/076/076381.mp3
76437,Southside,Folk,../data/raw/fma_small/076/076437.mp3
76440,Imaginary Blues,Folk,../data/raw/fma_small/076/076440.mp3
76654,Forgotten Machines,Electronic,../data/raw/fma_small/076/076654.mp3
76659,Future Music,Electronic,../data/raw/fma_small/076/076659.mp3
77517,The Terror From Beyond!/ who traveled down highways of space and time,Experimental,../data/raw/fma_small/077/077517.mp3
77519,Radio Cult/ who disappeared into the volcanoes of Mexico,Experimental,../data/raw/fma_small/077/077519.mp3
77521,The Dark Fields of Nevada/ who dreamt and made incarnate gaps in time and space,Experimental,../data/raw/fma_small/077/077521.mp3
77522,The Odyssey of Flight 33/ We Build Ancient Ruins!,Experimental,../data/raw/fma_small/077/077522.mp3
77523,Mystery Aircraft Lost in Fog over California Canyons / Holy the Stock Market filled with the millions!,Experimental,../data/raw/fma_small/077/077523.mp3
77564,Abba Ingee,Pop,../data/raw/fma_small/077/077564.mp3
77571,Float,Hip-Hop,../data/raw/fma_small/077/077571.mp3
77572,The Watchers,Pop,../data/raw/fma_small/077/077572.mp3
77952,Night Drive (Forrest James Remix),Electronic,../data/raw/fma_small/077/077952.mp3
78038,"""Cats""/Interlude",Experimental,../data/raw/fma_small/078/078038.mp3
78156,Stardust,Hip-Hop,../data/raw/fma_small/078/078156.mp3
78213,Psaltery Piece,Folk,../data/raw/fma_small/078/078213.mp3
78516,Rashad & Confidence-The City (No Contest Mix),Hip-Hop,../data/raw/fma_small/078/078516.mp3
78833,Akuma,Hip-Hop,../data/raw/fma_small/078/078833.mp3
78834,O Demónio,Hip-Hop,../data/raw/fma_small/078/078834.mp3
78839,Cascos,Hip-Hop,../data/raw/fma_small/078/078839.mp3
78841,Martelo das Feiticeiras,Hip-Hop,../data/raw/fma_small/078/078841.mp3
78843,Chewbacca,Hip-Hop,../data/raw/fma_small/078/078843.mp3
78845,Nuvem Mágica,Hip-Hop,../data/raw/fma_small/078/078845.mp3
78847,Como Uma Lesma,Hip-Hop,../data/raw/fma_small/078/078847.mp3
78848,Sola Vermelha,Hip-Hop,../data/raw/fma_small/078/078848.mp3
78849,Cipralex (c/ Pulso),Hip-Hop,../data/raw/fma_small/078/078849.mp3
78850,Kamehameha (c/ J-K),Hip-Hop,../data/raw/fma_small/078/078850.mp3
78851,Chuço,Hip-Hop,../data/raw/fma_small/078/078851.mp3
78852,Âncora (c/ Manel Cruz),Hip-Hop,../data/raw/fma_small/078/078852.mp3
78984,Big Father,Hip-Hop,../data/raw/fma_small/078/078984.mp3
78998,Now Dance,Hip-Hop,../data/raw/fma_small/078/078998.mp3
79087,Le Stanze Del Transistor,Experimental,../data/raw/fma_small/079/079087.mp3
79575,Take A Dare,Rock,../data/raw/fma_small/079/079575.mp3
79593,80's,Folk,../data/raw/fma_small/079/079593.mp3
79605,Trolls in Dub,Electronic,../data/raw/fma_small/079/079605.mp3
79606,Snurker,Electronic,../data/raw/fma_small/079/079606.mp3
79610,Better Believe It,Hip-Hop,../data/raw/fma_small/079/079610.mp3
79616,Call To Action,Hip-Hop,../data/raw/fma_small/079/079616.mp3
79741,LAB CLINICIAN's DAY TRIP,Pop,../data/raw/fma_small/079/079741.mp3
79973,Night Fire,Experimental,../data/raw/fma_small/079/079973.mp3
79975,ITA Meda - Milano - Ambience Ext Italy Birds Children IRCA,Experimental,../data/raw/fma_small/079/079975.mp3
79977,ITA Meda - Milano - Ambience Ext Italy Traffic Passing By Holcim,Experimental,../data/raw/fma_small/079/079977.mp3
79978,ITA Meda - Milano - Ambience Ext Italy Traffic Rondo Bennet,Experimental,../data/raw/fma_small/079/079978.mp3
79985,Go East Young Man,Folk,../data/raw/fma_small/079/079985.mp3
79986,Woven Saddle,Folk,../data/raw/fma_small/079/079986.mp3
79988,Mountain Meadows,Folk,../data/raw/fma_small/079/079988.mp3
79990,Pursuit Through Grouse Canyon,Folk,../data/raw/fma_small/079/079990.mp3
79995,Two Sun Mountain,Folk,../data/raw/fma_small/079/079995.mp3
80000,City Lights,Folk,../data/raw/fma_small/080/080000.mp3
80001,The Stars On Your Way,Folk,../data/raw/fma_small/080/080001.mp3
80002,Morning Flowers,Folk,../data/raw/fma_small/080/080002.mp3
80003,Mountainside,Folk,../data/raw/fma_small/080/080003.mp3
80004,Frenchman Valley,Folk,../data/raw/fma_small/080/080004.mp3
80005,My Love For You,Folk,../data/raw/fma_small/080/080005.mp3
80035,Bike - Punx,Rock,../data/raw/fma_small/080/080035.mp3
80293,HipHop Junkfood,Hip-Hop,../data/raw/fma_small/080/080293.mp3
80341,Druzhkina Dvora,International,../data/raw/fma_small/080/080341.mp3
80351,Na Bos Krak,International,../data/raw/fma_small/080/080351.mp3
80389,a1,Instrumental,../data/raw/fma_small/080/080389.mp3
80402,b3,Instrumental,../data/raw/fma_small/080/080402.mp3
80515,Alarm,Instrumental,../data/raw/fma_small/080/080515.mp3
80516,Battle,Instrumental,../data/raw/fma_small/080/080516.mp3
80517,Breaking Bad,Instrumental,../data/raw/fma_small/080/080517.mp3
80518,Change,Instrumental,../data/raw/fma_small/080/080518.mp3
80519,T800,Instrumental,../data/raw/fma_small/080/080519.mp3
80520,Thin Line,Instrumental,../data/raw/fma_small/080/080520.mp3
80611,Zucotic        Co Prod with form No Drums Version 2005,Experimental,../data/raw/fma_small/080/080611.mp3
80680,Snoshti Sum Libe,International,../data/raw/fma_small/080/080680.mp3
80686,Spava Mi Se,International,../data/raw/fma_small/080/080686.mp3
80687,Malka Moma,International,../data/raw/fma_small/080/080687.mp3
80693,Dva Konya Vodam,International,../data/raw/fma_small/080/080693.mp3
80694,Za Garogu,International,../data/raw/fma_small/080/080694.mp3
80695,Vo Naše Selo,International,../data/raw/fma_small/080/080695.mp3
80696,Tskcno snuri,International,../data/raw/fma_small/080/080696.mp3
80697,Sednalo e Djore Dos,International,../data/raw/fma_small/080/080697.mp3
80751,More Chcho Reche,International,../data/raw/fma_small/080/080751.mp3
80753,"Medley: Sadila Jana, Davaj Me",International,../data/raw/fma_small/080/080753.mp3
80754,Ne Si Jo Prodavaj Chiflikot,International,../data/raw/fma_small/080/080754.mp3
80755,Fato Mori,International,../data/raw/fma_small/080/080755.mp3
80756,Chaje Shukarije,International,../data/raw/fma_small/080/080756.mp3
80758,O Postaris Avel (Gypsy),International,../data/raw/fma_small/080/080758.mp3
80765,Fa Nye Mama (Romanian),International,../data/raw/fma_small/080/080765.mp3
80766,Opa Cupa (Balkan Gypsy),International,../data/raw/fma_small/080/080766.mp3
80772,Svadba Golema,International,../data/raw/fma_small/080/080772.mp3
80773,Pajdusko,International,../data/raw/fma_small/080/080773.mp3
80774,Eleno,International,../data/raw/fma_small/080/080774.mp3
80775,Stani Mome,International,../data/raw/fma_small/080/080775.mp3
80776,Milionerce Dada Sali,International,../data/raw/fma_small/080/080776.mp3
80793,Spirit,Electronic,../data/raw/fma_small/080/080793.mp3
80833,kind gentle beautiful person,Electronic,../data/raw/fma_small/080/080833.mp3
80834,4c iced tea,Electronic,../data/raw/fma_small/080/080834.mp3
80835,tuffet,Electronic,../data/raw/fma_small/080/080835.mp3
80836,mighty lilbumble bee,Electronic,../data/raw/fma_small/080/080836.mp3
81033,lullaby,Folk,../data/raw/fma_small/081/081033.mp3
81037,together we are beautiful,Folk,../data/raw/fma_small/081/081037.mp3
81071,"Ladybugs on Window, Spraypaint on Deer Carcass",Experimental,../data/raw/fma_small/081/081071.mp3
81082,Where Will You Go,Folk,../data/raw/fma_small/081/081082.mp3
81083,Cabinet Of Curiosities,Folk,../data/raw/fma_small/081/081083.mp3
81084,A House On The Moon,Folk,../data/raw/fma_small/081/081084.mp3
81085,Summer's Game,Folk,../data/raw/fma_small/081/081085.mp3
81189,Slalom (Ennio Morricone),Experimental,../data/raw/fma_small/081/081189.mp3
81193,Dancing Bruise,Electronic,../data/raw/fma_small/081/081193.mp3
81194,Buleriass Shake,Electronic,../data/raw/fma_small/081/081194.mp3
81195,Shake Service,Electronic,../data/raw/fma_small/081/081195.mp3
81362,Silent Night,Experimental,../data/raw/fma_small/081/081362.mp3
81365,Little Drummer Boy,Experimental,../data/raw/fma_small/081/081365.mp3
81436,Broken Branch,Instrumental,../data/raw/fma_small/081/081436.mp3
81457,Forecasting,Instrumental,../data/raw/fma_small/081/081457.mp3
81485,Low Jack,Instrumental,../data/raw/fma_small/081/081485.mp3
81491,Arp and Piano Beat,Instrumental,../data/raw/fma_small/081/081491.mp3
81512,Simpler,Instrumental,../data/raw/fma_small/081/081512.mp3
81523,Twinkletoes,Instrumental,../data/raw/fma_small/081/081523.mp3
81543,GUI,Instrumental,../data/raw/fma_small/081/081543.mp3
81554,QuasarGroove,Instrumental,../data/raw/fma_small/081/081554.mp3
81555,Rabbiting,Instrumental,../data/raw/fma_small/081/081555.mp3
81565,Baile,Instrumental,../data/raw/fma_small/081/081565.mp3
81576,Winjammer,Instrumental,../data/raw/fma_small/081/081576.mp3
81586,Molasses,Instrumental,../data/raw/fma_small/081/081586.mp3
81600,Euphoric,Instrumental,../data/raw/fma_small/081/081600.mp3
81612,Better Times Ahead,Instrumental,../data/raw/fma_small/081/081612.mp3
81613,Bwip,Instrumental,../data/raw/fma_small/081/081613.mp3
81623,Whistle Work,Instrumental,../data/raw/fma_small/081/081623.mp3
81638,Brightening,Instrumental,../data/raw/fma_small/081/081638.mp3
81650,Loaming Pulse,Instrumental,../data/raw/fma_small/081/081650.mp3
81660,Swollen Cloud,Instrumental,../data/raw/fma_small/081/081660.mp3
81781,Like Brigade,Instrumental,../data/raw/fma_small/081/081781.mp3
81782,Love Sprouts,Instrumental,../data/raw/fma_small/081/081782.mp3
81792,Wellness,Instrumental,../data/raw/fma_small/081/081792.mp3
81802,Lola,Instrumental,../data/raw/fma_small/081/081802.mp3
81803,Not Much,Instrumental,../data/raw/fma_small/081/081803.mp3
81814,Dimlight,Instrumental,../data/raw/fma_small/081/081814.mp3
81868,Pavillon Dubstep,Electronic,../data/raw/fma_small/081/081868.mp3
81895,Somewhere in Scotland,Experimental,../data/raw/fma_small/081/081895.mp3
81938,In Our Hands,Folk,../data/raw/fma_small/081/081938.mp3
81945,Sugar,Folk,../data/raw/fma_small/081/081945.mp3
81946,Good Love,Folk,../data/raw/fma_small/081/081946.mp3
81988,Dolphin Waltz,Instrumental,../data/raw/fma_small/081/081988.mp3
81999,Lope-Trip,Instrumental,../data/raw/fma_small/081/081999.mp3
82157,Recruitment Gong (Instrumental),Instrumental,../data/raw/fma_small/082/082157.mp3
82231,Cold play in goffertpark,Experimental,../data/raw/fma_small/082/082231.mp3
82237,Impulse Workout,Experimental,../data/raw/fma_small/082/082237.mp3
82242,Impulse Workout,Experimental,../data/raw/fma_small/082/082242.mp3
82250,80.56.20.28,Experimental,../data/raw/fma_small/082/082250.mp3
82410,Clutterbuck,Experimental,../data/raw/fma_small/082/082410.mp3
82462,Stand Up,Rock,../data/raw/fma_small/082/082462.mp3
82464,Not Too Soon,Rock,../data/raw/fma_small/082/082464.mp3
82505,Solitude,Folk,../data/raw/fma_small/082/082505.mp3
82507,Time Lines,Folk,../data/raw/fma_small/082/082507.mp3
82628,WorldToday (Original version),International,../data/raw/fma_small/082/082628.mp3
82629,WorldToday (Chalart58 version),International,../data/raw/fma_small/082/082629.mp3
82630,WorldToday (Pope version),International,../data/raw/fma_small/082/082630.mp3
82631,WorldToday (La Crema version - Herbata Vocal Rework),International,../data/raw/fma_small/082/082631.mp3
82778,Bad Business,Hip-Hop,../data/raw/fma_small/082/082778.mp3
82780,World Full of Sadness,Hip-Hop,../data/raw/fma_small/082/082780.mp3
82881,Strange Things Will Happen on Interstate 70,Experimental,../data/raw/fma_small/082/082881.mp3
82886,Mid-American Chant/ Winter of Song,Experimental,../data/raw/fma_small/082/082886.mp3
82890,1919 Cleveland May Day Riots/ Buried in the Serpent Mounds,Experimental,../data/raw/fma_small/082/082890.mp3
82892,Warm Hand in Farmland,Folk,../data/raw/fma_small/082/082892.mp3
82893,Double Dolphins On The Nickel,Folk,../data/raw/fma_small/082/082893.mp3
82914,Bonnies Theme,Instrumental,../data/raw/fma_small/082/082914.mp3
82915,Dining on Backs of the Brave,Instrumental,../data/raw/fma_small/082/082915.mp3
82916,Chasing Butterflies into the Snow,Instrumental,../data/raw/fma_small/082/082916.mp3
82917,Handguns in Heaven,Instrumental,../data/raw/fma_small/082/082917.mp3
82918,Ascent of Sham,Instrumental,../data/raw/fma_small/082/082918.mp3
82919,Corporate Conga Line,Instrumental,../data/raw/fma_small/082/082919.mp3
82920,Opus Delorean,Instrumental,../data/raw/fma_small/082/082920.mp3
82921,Crawling Down Walls,Instrumental,../data/raw/fma_small/082/082921.mp3
82928,Diwali Charlie,Instrumental,../data/raw/fma_small/082/082928.mp3
82929,Horizon Mine,Instrumental,../data/raw/fma_small/082/082929.mp3
82930,Opotiki Over and Out,Instrumental,../data/raw/fma_small/082/082930.mp3
82931,Hefty Leftie Drop Attack,Instrumental,../data/raw/fma_small/082/082931.mp3
82932,Blank DNA of Reverence,Instrumental,../data/raw/fma_small/082/082932.mp3
83437,You Don't Know How Lucky You Are,Folk,../data/raw/fma_small/083/083437.mp3
83438,Sweetheart What Have You Done To Us,Folk,../data/raw/fma_small/083/083438.mp3
83439,Lying To You,Folk,../data/raw/fma_small/083/083439.mp3
83440,You,Folk,../data/raw/fma_small/083/083440.mp3
83507,Betsy On The Roof,Pop,../data/raw/fma_small/083/083507.mp3
83509,When The Sea Called Me Home,Pop,../data/raw/fma_small/083/083509.mp3
83511,Our Sorrows,Pop,../data/raw/fma_small/083/083511.mp3
83512,Marienbad,Pop,../data/raw/fma_small/083/083512.mp3
83558,carnival,Hip-Hop,../data/raw/fma_small/083/083558.mp3
83600,Farm Montage (Instrumental),Instrumental,../data/raw/fma_small/083/083600.mp3
83612,New England is Interesting (reprise),Instrumental,../data/raw/fma_small/083/083612.mp3
83613,New England Dawn Salendro,Instrumental,../data/raw/fma_small/083/083613.mp3
83715,J6 On The Rising Sun,Hip-Hop,../data/raw/fma_small/083/083715.mp3
83717,Ninety Six,Hip-Hop,../data/raw/fma_small/083/083717.mp3
83718,Behemothian Rhapsody,Hip-Hop,../data/raw/fma_small/083/083718.mp3
83719,Running Woman,Hip-Hop,../data/raw/fma_small/083/083719.mp3
83789,Шизофрения,Rock,../data/raw/fma_small/083/083789.mp3
83790,Падший мир,Rock,../data/raw/fma_small/083/083790.mp3
83791,Узник,Rock,../data/raw/fma_small/083/083791.mp3
83898,The Splendor of Love,Experimental,../data/raw/fma_small/083/083898.mp3
83903,Rock And Roll Is Back Again,Experimental,../data/raw/fma_small/083/083903.mp3
83906,Before I Go Out,Experimental,../data/raw/fma_small/083/083906.mp3
83908,If I Had A MIllion Dollars,Experimental,../data/raw/fma_small/083/083908.mp3
83911,Country Boy,Experimental,../data/raw/fma_small/083/083911.mp3
83913,Why Don't You Sing A Happy Song,Experimental,../data/raw/fma_small/083/083913.mp3
83954,Green Caterpillar Girl,Experimental,../data/raw/fma_small/083/083954.mp3
83960,Gazing Into The Stygian Deeps,Experimental,../data/raw/fma_small/083/083960.mp3
83969,Reggae War Zone,Rock,../data/raw/fma_small/083/083969.mp3
84009,"Dance To Your Daddy, In Some Ladys Garden, Come Along Everybody",Folk,../data/raw/fma_small/084/084009.mp3
84054,Fruit,Experimental,../data/raw/fma_small/084/084054.mp3
84055,Record Play,Experimental,../data/raw/fma_small/084/084055.mp3
84056,Sexy Birdwatching,Experimental,../data/raw/fma_small/084/084056.mp3
84057,Star Spangled Preachers,Experimental,../data/raw/fma_small/084/084057.mp3
84058,Daphna/Tobah Interview,Experimental,../data/raw/fma_small/084/084058.mp3
84091,Antartic (Le Perche Oreille Remix),Electronic,../data/raw/fma_small/084/084091.mp3
84095,Méchanismes,Electronic,../data/raw/fma_small/084/084095.mp3
84096,Industrie Merdique,Electronic,../data/raw/fma_small/084/084096.mp3
84097,Fin,Electronic,../data/raw/fma_small/084/084097.mp3
84111,Zombie Strut,Hip-Hop,../data/raw/fma_small/084/084111.mp3
84135,The Sudden Afternoon/ Archetypes,Experimental,../data/raw/fma_small/084/084135.mp3
84136,Little Big Horn/ Western Radio Transmissions,Experimental,../data/raw/fma_small/084/084136.mp3
84139,The Illuminated Highway/ Urban Exodus,Experimental,../data/raw/fma_small/084/084139.mp3
84141,1956 Cocktail Party/ Suburban Architecture,Experimental,../data/raw/fma_small/084/084141.mp3
84142,Get Away/ Parallel Sunset,Experimental,../data/raw/fma_small/084/084142.mp3
84144,Good Night/ Sleep,Experimental,../data/raw/fma_small/084/084144.mp3
84152,Haka,Experimental,../data/raw/fma_small/084/084152.mp3
84154,Baby Bones,Folk,../data/raw/fma_small/084/084154.mp3
84155,The Pretty One,Folk,../data/raw/fma_small/084/084155.mp3
84156,Landslide Song/The Dig,Folk,../data/raw/fma_small/084/084156.mp3
84157,Nervous Rex,Folk,../data/raw/fma_small/084/084157.mp3
84158,Source and the Sound,Folk,../data/raw/fma_small/084/084158.mp3
84159,A Shine To It,Folk,../data/raw/fma_small/084/084159.mp3
84195,Squinting at the Sun (radio edit),Electronic,../data/raw/fma_small/084/084195.mp3
84198,Illuminations,Electronic,../data/raw/fma_small/084/084198.mp3
84200,Ataraxia (radio edit),Electronic,../data/raw/fma_small/084/084200.mp3
84201,The Ambient Ukulele (radio edit),Electronic,../data/raw/fma_small/084/084201.mp3
84202,Illuminations (radio edit),Electronic,../data/raw/fma_small/084/084202.mp3
84264,elastic_waves,Electronic,../data/raw/fma_small/084/084264.mp3
84290,Slipping Away,Rock,../data/raw/fma_small/084/084290.mp3
84291,I Like It Small,Rock,../data/raw/fma_small/084/084291.mp3
84405,ETX,Experimental,../data/raw/fma_small/084/084405.mp3
84417,Snow Eater,Experimental,../data/raw/fma_small/084/084417.mp3
84423,Doctor Whom,Experimental,../data/raw/fma_small/084/084423.mp3
84483,m00m4m4 feat. Ovenrake,Electronic,../data/raw/fma_small/084/084483.mp3
84484,Tart (Pts 1 & 2) feat. KeFF,Electronic,../data/raw/fma_small/084/084484.mp3
84485,A_Merican_Skweeez feat. STARPAUSE,Electronic,../data/raw/fma_small/084/084485.mp3
84486,Death Destroyer (Radio Edit) feat. Rhinostrich,Electronic,../data/raw/fma_small/084/084486.mp3
84605,Me and My Friends,Pop,../data/raw/fma_small/084/084605.mp3
84736,Pompas de Jabón,Instrumental,../data/raw/fma_small/084/084736.mp3
84743,This Body,Rock,../data/raw/fma_small/084/084743.mp3
84757,Hawaii,Rock,../data/raw/fma_small/084/084757.mp3
84768,CCMFC,Instrumental,../data/raw/fma_small/084/084768.mp3
84777,Nothings Wrong (Shufflin' Edit),Electronic,../data/raw/fma_small/084/084777.mp3
84788,Elevators,Rock,../data/raw/fma_small/084/084788.mp3
84817,Wide Of The Mark,Pop,../data/raw/fma_small/084/084817.mp3
85027,define my day,Rock,../data/raw/fma_small/085/085027.mp3
85038,Quinine Dub,Electronic,../data/raw/fma_small/085/085038.mp3
85039,Irradiated Dub,Electronic,../data/raw/fma_small/085/085039.mp3
85040,Neptune Massive,Electronic,../data/raw/fma_small/085/085040.mp3
85041,Pegasus Dub,Electronic,../data/raw/fma_small/085/085041.mp3
85290,Her Cold Touch,Electronic,../data/raw/fma_small/085/085290.mp3
85291,Her Cold Touch (Remix),Electronic,../data/raw/fma_small/085/085291.mp3
85307,They Seem To Be Intelligent,Pop,../data/raw/fma_small/085/085307.mp3
85308,They Seem To Be Intelligent (Tastes So Intelligent Mixx),Pop,../data/raw/fma_small/085/085308.mp3
85309,They Seem To Be Intelligent (dustmotes Remix),Pop,../data/raw/fma_small/085/085309.mp3
85310,They Seem To Be Intelligent (Instrumental),Pop,../data/raw/fma_small/085/085310.mp3
85311,They Seem To Be Intelligent (Tastes So Intelligenstrumental),Pop,../data/raw/fma_small/085/085311.mp3
85317,Human Face,Electronic,../data/raw/fma_small/085/085317.mp3
85318,Rougher Than Riddim,Electronic,../data/raw/fma_small/085/085318.mp3
85343,Epic Champ,Electronic,../data/raw/fma_small/085/085343.mp3
85346,Friendly Foe,Electronic,../data/raw/fma_small/085/085346.mp3
85347,Out of the Cave,Electronic,../data/raw/fma_small/085/085347.mp3
85400,Blow to the Head,Experimental,../data/raw/fma_small/085/085400.mp3
85419,Something Strange Happens,Pop,../data/raw/fma_small/085/085419.mp3
85420,The Words Don't Work,Pop,../data/raw/fma_small/085/085420.mp3
85421,Your New Heroes,Pop,../data/raw/fma_small/085/085421.mp3
85422,Bicentennial Bridge,Pop,../data/raw/fma_small/085/085422.mp3
85423,All At Once,Pop,../data/raw/fma_small/085/085423.mp3
85424,Grey Holiday,Pop,../data/raw/fma_small/085/085424.mp3
85425,Aether Tide,Pop,../data/raw/fma_small/085/085425.mp3
85426,Watch Her Fly,Pop,../data/raw/fma_small/085/085426.mp3
85427,Theme From Sun Moon,Pop,../data/raw/fma_small/085/085427.mp3
85428,Yonder,Pop,../data/raw/fma_small/085/085428.mp3
85436,Albion Source,Folk,../data/raw/fma_small/085/085436.mp3
85438,Crows In The Basillica,Folk,../data/raw/fma_small/085/085438.mp3
85482,To Lose You,Folk,../data/raw/fma_small/085/085482.mp3
85484,If Only We Had More Time,Folk,../data/raw/fma_small/085/085484.mp3
85485,Photograph,Folk,../data/raw/fma_small/085/085485.mp3
85486,Carry On,Folk,../data/raw/fma_small/085/085486.mp3
85487,Who We Are,Folk,../data/raw/fma_small/085/085487.mp3
85488,The Best In The World,Folk,../data/raw/fma_small/085/085488.mp3
85489,Easy,Folk,../data/raw/fma_small/085/085489.mp3
85490,I Am There,Folk,../data/raw/fma_small/085/085490.mp3
85491,Ones I've Never Known,Folk,../data/raw/fma_small/085/085491.mp3
85492,My Mind Never Bends,Folk,../data/raw/fma_small/085/085492.mp3
85494,STAR SPANGLED BANNER,Experimental,../data/raw/fma_small/085/085494.mp3
85592,Truth Is,Pop,../data/raw/fma_small/085/085592.mp3
85593,Sole (Fire & Ice),Pop,../data/raw/fma_small/085/085593.mp3
85594,You Come Get Your Boy Now,Pop,../data/raw/fma_small/085/085594.mp3
85595,Truth Is (Interlude),Pop,../data/raw/fma_small/085/085595.mp3
85596,They Seem To Be Intelligent,Pop,../data/raw/fma_small/085/085596.mp3
85598,And Now We Stand Against The Wall,Pop,../data/raw/fma_small/085/085598.mp3
85599,Native Son,Pop,../data/raw/fma_small/085/085599.mp3
85600,City Sounds,Pop,../data/raw/fma_small/085/085600.mp3
85691,Finding The Butterfly,Folk,../data/raw/fma_small/085/085691.mp3
85692,Flying Fantasy,Folk,../data/raw/fma_small/085/085692.mp3
85693,Dance Of The Sinister Nymph/ Through A House Of Violet Abandon,Folk,../data/raw/fma_small/085/085693.mp3
85787,Leaves Of Grass,Rock,../data/raw/fma_small/085/085787.mp3
85788,Occasion For War,Rock,../data/raw/fma_small/085/085788.mp3
85791,The Profiteers,Rock,../data/raw/fma_small/085/085791.mp3
85792,Relived/Replayed,Rock,../data/raw/fma_small/085/085792.mp3
85816,Break It Now,Rock,../data/raw/fma_small/085/085816.mp3
85817,Seven,Rock,../data/raw/fma_small/085/085817.mp3
85822,Nocturnia,Electronic,../data/raw/fma_small/085/085822.mp3
85823,Fifth World,Electronic,../data/raw/fma_small/085/085823.mp3
85828,Cosmos (universal mix),Electronic,../data/raw/fma_small/085/085828.mp3
85831,Flames (The Beginning),Electronic,../data/raw/fma_small/085/085831.mp3
85832,Eyes Like A Wolf,Electronic,../data/raw/fma_small/085/085832.mp3
85833,In Sight,Electronic,../data/raw/fma_small/085/085833.mp3
85834,Other Directions,Electronic,../data/raw/fma_small/085/085834.mp3
85835,Empty Roads,Electronic,../data/raw/fma_small/085/085835.mp3
85836,Aproaching Land,Electronic,../data/raw/fma_small/085/085836.mp3
85837,Enter The Code,Electronic,../data/raw/fma_small/085/085837.mp3
85838,North Sea,Electronic,../data/raw/fma_small/085/085838.mp3
85839,Second Hand,Electronic,../data/raw/fma_small/085/085839.mp3
85840,The Last One (Old Times),Electronic,../data/raw/fma_small/085/085840.mp3
85950,Boat,Pop,../data/raw/fma_small/085/085950.mp3
85951,Plead the 5th Dimension,Pop,../data/raw/fma_small/085/085951.mp3
85952,Crying Time,Pop,../data/raw/fma_small/085/085952.mp3
85953,All I Am,Pop,../data/raw/fma_small/085/085953.mp3
85954,300 Days In July,Pop,../data/raw/fma_small/085/085954.mp3
85955,Feels All Over,Pop,../data/raw/fma_small/085/085955.mp3
85956,My Regeneration,Pop,../data/raw/fma_small/085/085956.mp3
85957,Waiting,Pop,../data/raw/fma_small/085/085957.mp3
85963,"Portland Cement Factory at Monolith, CA (John Fahey) & The Harmony of Altamont (John Fahey)",Folk,../data/raw/fma_small/085/085963.mp3
85966,Rag Doll,Folk,../data/raw/fma_small/085/085966.mp3
85967,We Would Be Building (Hymn) & Blind Willie (Sonnie Sharrock),Folk,../data/raw/fma_small/085/085967.mp3
85968,Meet Me,Folk,../data/raw/fma_small/085/085968.mp3
85973,Thin Veil,Folk,../data/raw/fma_small/085/085973.mp3
86037,Doctor Faust,Instrumental,../data/raw/fma_small/086/086037.mp3
86038,"Pornography, the cult of the body and the death of Eros",Instrumental,../data/raw/fma_small/086/086038.mp3
86039,MMXII,Instrumental,../data/raw/fma_small/086/086039.mp3
86040,Through the fire,Instrumental,../data/raw/fma_small/086/086040.mp3
86077,Penetration (Edit),Experimental,../data/raw/fma_small/086/086077.mp3
86081,One Thousand And Two,Experimental,../data/raw/fma_small/086/086081.mp3
86082,Groove,Experimental,../data/raw/fma_small/086/086082.mp3
86116,And Now We Stand Against The Wall,Pop,../data/raw/fma_small/086/086116.mp3
86117,And Now We Stand Against The Wall (Who Ha's Electron Takeover),Pop,../data/raw/fma_small/086/086117.mp3
86118,ANWSATW (TSP Took Acid Once Mix),Pop,../data/raw/fma_small/086/086118.mp3
86119,And Now We Stand Against The Wall (Instrumental),Pop,../data/raw/fma_small/086/086119.mp3
86140,Letromaquia O,Experimental,../data/raw/fma_small/086/086140.mp3
86256,Warped Picture of the Restaurant Taken Through a Wine Glass,Experimental,../data/raw/fma_small/086/086256.mp3
86259,Bending The Spoon,Experimental,../data/raw/fma_small/086/086259.mp3
86262,Dead Elements,Rock,../data/raw/fma_small/086/086262.mp3
86263,Stay Hungry,Rock,../data/raw/fma_small/086/086263.mp3
86415,From the Bottom (Soundtrack Edit),Hip-Hop,../data/raw/fma_small/086/086415.mp3
86416,One Hundred 10 (BPM) (Instrumental),Hip-Hop,../data/raw/fma_small/086/086416.mp3
86417,The Destroyer (Parts 1 and 2),Rock,../data/raw/fma_small/086/086417.mp3
86419,Infernal Silence,Rock,../data/raw/fma_small/086/086419.mp3
86441,Fever of Terror,Rock,../data/raw/fma_small/086/086441.mp3
86443,Befall,Rock,../data/raw/fma_small/086/086443.mp3
86481,Moments Of Life,Instrumental,../data/raw/fma_small/086/086481.mp3
86482,Strade,Instrumental,../data/raw/fma_small/086/086482.mp3
86483,Canzone Della Speranza Sahrawi,Instrumental,../data/raw/fma_small/086/086483.mp3
86484,Giochi di luce,Instrumental,../data/raw/fma_small/086/086484.mp3
86485,Cuori Nel Vento,Instrumental,../data/raw/fma_small/086/086485.mp3
86486,Frammenti,Instrumental,../data/raw/fma_small/086/086486.mp3
86487,Sunshine After Rain,Instrumental,../data/raw/fma_small/086/086487.mp3
86562,Cute Poison,Rock,../data/raw/fma_small/086/086562.mp3
86576,Track 1,Experimental,../data/raw/fma_small/086/086576.mp3
86623,The One,Folk,../data/raw/fma_small/086/086623.mp3
86634,We Are Canucks,Pop,../data/raw/fma_small/086/086634.mp3
86678,Blood Money,Hip-Hop,../data/raw/fma_small/086/086678.mp3
86679,Welcome To Warp Street,Hip-Hop,../data/raw/fma_small/086/086679.mp3
86680,Rear View Window,Hip-Hop,../data/raw/fma_small/086/086680.mp3
86720,Greek Court Metalheads,Experimental,../data/raw/fma_small/086/086720.mp3
86721,Guitar Left On Train,Experimental,../data/raw/fma_small/086/086721.mp3
86724,Liquid in a Tin Cup Samba,Experimental,../data/raw/fma_small/086/086724.mp3
86725,New Wave 80's Dance Move,Experimental,../data/raw/fma_small/086/086725.mp3
86730,Something Upbeat for the Kids,Experimental,../data/raw/fma_small/086/086730.mp3
86761,Be Sweet,Rock,../data/raw/fma_small/086/086761.mp3
86762,A Turn,Rock,../data/raw/fma_small/086/086762.mp3
86763,Bracers Of Chaos,Rock,../data/raw/fma_small/086/086763.mp3
86788,Es ist nie genug,Rock,../data/raw/fma_small/086/086788.mp3
86793,Blocks,Electronic,../data/raw/fma_small/086/086793.mp3
86795,Pegasus,Rock,../data/raw/fma_small/086/086795.mp3
86799,Marktversagen,Rock,../data/raw/fma_small/086/086799.mp3
86993,Wicked Woman,Rock,../data/raw/fma_small/086/086993.mp3
87068,One More Reason (unofficial SFI remix),Electronic,../data/raw/fma_small/087/087068.mp3
87069,I Sing the Body Electric (first take SFI remix),Electronic,../data/raw/fma_small/087/087069.mp3
87070,Argonaut Into Deep Space (SFI remix),Electronic,../data/raw/fma_small/087/087070.mp3
87096,AMLUN,Instrumental,../data/raw/fma_small/087/087096.mp3
87097,EDNMA,Instrumental,../data/raw/fma_small/087/087097.mp3
87098,WKLDN,Instrumental,../data/raw/fma_small/087/087098.mp3
87099,USTKA,Instrumental,../data/raw/fma_small/087/087099.mp3
87100,BRPLE,Instrumental,../data/raw/fma_small/087/087100.mp3
87101,AJQEA,Instrumental,../data/raw/fma_small/087/087101.mp3
87102,FYSTN,Instrumental,../data/raw/fma_small/087/087102.mp3
87103,VNADS,Instrumental,../data/raw/fma_small/087/087103.mp3
87104,CNUNU,Instrumental,../data/raw/fma_small/087/087104.mp3
87105,DUITA,Instrumental,../data/raw/fma_small/087/087105.mp3
87106,UISTS,Instrumental,../data/raw/fma_small/087/087106.mp3
87107,MKRDZ,Instrumental,../data/raw/fma_small/087/087107.mp3
87108,DWMWD,Instrumental,../data/raw/fma_small/087/087108.mp3
87121,Sadie (4-Track Demo),Rock,../data/raw/fma_small/087/087121.mp3
87151,Open up your eyes,Rock,../data/raw/fma_small/087/087151.mp3
87152,Angel,Rock,../data/raw/fma_small/087/087152.mp3
87153,Southern spirit,Rock,../data/raw/fma_small/087/087153.mp3
87154,My own God,Rock,../data/raw/fma_small/087/087154.mp3
87155,Be what you wanna be,Rock,../data/raw/fma_small/087/087155.mp3
87157,Back (In Time) To (Save) The Future,Electronic,../data/raw/fma_small/087/087157.mp3
87158,"It's Ok, We Have Chemistry",Electronic,../data/raw/fma_small/087/087158.mp3
87159,Keep In Style,Electronic,../data/raw/fma_small/087/087159.mp3
87160,Extracurricular Twerk,Electronic,../data/raw/fma_small/087/087160.mp3
87161,Perception,Electronic,../data/raw/fma_small/087/087161.mp3
87185,All Those I Know,Pop,../data/raw/fma_small/087/087185.mp3
87186,You Make It So Good,Pop,../data/raw/fma_small/087/087186.mp3
87187,Should We All Wake Up,Pop,../data/raw/fma_small/087/087187.mp3
87188,Grandpa's Pink Wine,Pop,../data/raw/fma_small/087/087188.mp3
87189,Vegetable Gardeners,Pop,../data/raw/fma_small/087/087189.mp3
87190,I Hear Trumpets,Pop,../data/raw/fma_small/087/087190.mp3
87191,Pontoon Boats,Pop,../data/raw/fma_small/087/087191.mp3
87192,"Gentle, Polite",Pop,../data/raw/fma_small/087/087192.mp3
87193,Old Man Winter,Pop,../data/raw/fma_small/087/087193.mp3
87194,Birthdays Are Important,Pop,../data/raw/fma_small/087/087194.mp3
87237,Only,Electronic,../data/raw/fma_small/087/087237.mp3
87322,The Truth,Pop,../data/raw/fma_small/087/087322.mp3
87323,Sentimental Seek,Pop,../data/raw/fma_small/087/087323.mp3
87324,Harmony To My Heartbeat,Pop,../data/raw/fma_small/087/087324.mp3
87325,On The Borderline,Pop,../data/raw/fma_small/087/087325.mp3
87361,Echo of Suggestion,Rock,../data/raw/fma_small/087/087361.mp3
87362,Unless,Rock,../data/raw/fma_small/087/087362.mp3
87363,Treat Her Like a Sailor,Rock,../data/raw/fma_small/087/087363.mp3
87377,Yukiai,Electronic,../data/raw/fma_small/087/087377.mp3
87430,BooBoo Halloween,Rock,../data/raw/fma_small/087/087430.mp3
87431,Bone Soup,Rock,../data/raw/fma_small/087/087431.mp3
87490,Step Up To The Plate (Be A Runaway),Rock,../data/raw/fma_small/087/087490.mp3
87639,Meditation Inside,Electronic,../data/raw/fma_small/087/087639.mp3
87641,Level Up,Electronic,../data/raw/fma_small/087/087641.mp3
87642,Simple Jungle List,Electronic,../data/raw/fma_small/087/087642.mp3
87643,People Machine,Electronic,../data/raw/fma_small/087/087643.mp3
87644,Technique Mecha,Electronic,../data/raw/fma_small/087/087644.mp3
87645,Paper For Dragon,Electronic,../data/raw/fma_small/087/087645.mp3
87965,As I Sailed,Folk,../data/raw/fma_small/087/087965.mp3
87966,Mary Had A Baby,Folk,../data/raw/fma_small/087/087966.mp3
87967,Lassie Wi a Yellow Coatie,Folk,../data/raw/fma_small/087/087967.mp3
87968,The Rivers of Texas,Folk,../data/raw/fma_small/087/087968.mp3
87971,Little Brown Dog,Folk,../data/raw/fma_small/087/087971.mp3
87972,Man of Constant Sorrow,Folk,../data/raw/fma_small/087/087972.mp3
88428,"Hey, Predator Drone",Pop,../data/raw/fma_small/088/088428.mp3
88429,Stinger Sisters,Pop,../data/raw/fma_small/088/088429.mp3
88485,Pea Surgery,Experimental,../data/raw/fma_small/088/088485.mp3
88486,Be Nice,Experimental,../data/raw/fma_small/088/088486.mp3
88846,Stickybee,Folk,../data/raw/fma_small/088/088846.mp3
88848,Gravity,Folk,../data/raw/fma_small/088/088848.mp3
88854,Methylchloroisothiazolinone,Folk,../data/raw/fma_small/088/088854.mp3
88856,Nincompoop,Folk,../data/raw/fma_small/088/088856.mp3
88858,The Vagabond,Folk,../data/raw/fma_small/088/088858.mp3
88860,The Raven and the Swan,Folk,../data/raw/fma_small/088/088860.mp3
88861,Cien Volando,Folk,../data/raw/fma_small/088/088861.mp3
88863,Gallows Hill,Folk,../data/raw/fma_small/088/088863.mp3
88864,Insomnia,Folk,../data/raw/fma_small/088/088864.mp3
88867,Omaha,Folk,../data/raw/fma_small/088/088867.mp3
88868,But It Did,Folk,../data/raw/fma_small/088/088868.mp3
88869,Gallows Hill (No Vocals),Folk,../data/raw/fma_small/088/088869.mp3
88870,Methylchloroisothiazolinone (No Vocals),Folk,../data/raw/fma_small/088/088870.mp3
88871,Omaha (No Vocals),Folk,../data/raw/fma_small/088/088871.mp3
88872,I Want to Destroy Something Beautiful (No Vocals),Folk,../data/raw/fma_small/088/088872.mp3
88873,Cien Volando (No Vocals),Folk,../data/raw/fma_small/088/088873.mp3
88874,The Raven and the Swan (No Vocals),Folk,../data/raw/fma_small/088/088874.mp3
88875,But It Did (No Vocals),Folk,../data/raw/fma_small/088/088875.mp3
88876,Nincompoop (No Vocals),Folk,../data/raw/fma_small/088/088876.mp3
88877,Insomnia (No Vocals),Folk,../data/raw/fma_small/088/088877.mp3
88878,Gravity (No Vocals),Folk,../data/raw/fma_small/088/088878.mp3
88879,Stickybee (No Vocals),Folk,../data/raw/fma_small/088/088879.mp3
88892,The Vagabond (No Vocals),Folk,../data/raw/fma_small/088/088892.mp3
88899,"Brown, Grey, Green",Rock,../data/raw/fma_small/088/088899.mp3
88900,Magpie Trap,Rock,../data/raw/fma_small/088/088900.mp3
88959,Dead Bodies,Rock,../data/raw/fma_small/088/088959.mp3
88960,Queen (Mugl Remix),Rock,../data/raw/fma_small/088/088960.mp3
89178,The Walker,Hip-Hop,../data/raw/fma_small/089/089178.mp3
89179,Epic Fail,Hip-Hop,../data/raw/fma_small/089/089179.mp3
89192,Raro Bueno,Hip-Hop,../data/raw/fma_small/089/089192.mp3
89195,Golden Tales,Hip-Hop,../data/raw/fma_small/089/089195.mp3
89196,Dramatronico,Hip-Hop,../data/raw/fma_small/089/089196.mp3
89212,Side A,Experimental,../data/raw/fma_small/089/089212.mp3
89350,tilt,Folk,../data/raw/fma_small/089/089350.mp3
89376,Logic PIano,Experimental,../data/raw/fma_small/089/089376.mp3
89441,morning star,Folk,../data/raw/fma_small/089/089441.mp3
89445,Outta My Head,Hip-Hop,../data/raw/fma_small/089/089445.mp3
89447,One Way Ticket (Featuring Tab & D Spliff),Hip-Hop,../data/raw/fma_small/089/089447.mp3
89456,Montagnes russes (Serge Fiori),Hip-Hop,../data/raw/fma_small/089/089456.mp3
89473,Get Up Stand Up (Featuring Brother Ali),Hip-Hop,../data/raw/fma_small/089/089473.mp3
89474,Jocose Jon,Electronic,../data/raw/fma_small/089/089474.mp3
89477,Great Open Sea,Folk,../data/raw/fma_small/089/089477.mp3
89482,Great Lakes,Folk,../data/raw/fma_small/089/089482.mp3
89484,Requiem for a Small Town,Folk,../data/raw/fma_small/089/089484.mp3
89485,Song in my Heart,Folk,../data/raw/fma_small/089/089485.mp3
89486,Poor Man,Folk,../data/raw/fma_small/089/089486.mp3
89639,True Romance (Sometimes),Electronic,../data/raw/fma_small/089/089639.mp3
89704,Turn Your Back,Rock,../data/raw/fma_small/089/089704.mp3
89814,Dreams,Electronic,../data/raw/fma_small/089/089814.mp3
89815,Nigtht_City,Electronic,../data/raw/fma_small/089/089815.mp3
89816,Time Up,Electronic,../data/raw/fma_small/089/089816.mp3
89817,Sustem 240,Electronic,../data/raw/fma_small/089/089817.mp3
89841,You Dress Like an Asshole (prod. by Lunice),Hip-Hop,../data/raw/fma_small/089/089841.mp3
89843,To the Last Drop (prod. by Waes One),Hip-Hop,../data/raw/fma_small/089/089843.mp3
89846,Fly as Fuck feat. Isaiah Toothtaker (prod. by Young L),Hip-Hop,../data/raw/fma_small/089/089846.mp3
89847,Boostin feat. Waes One (prod. by Eric Steuer),Hip-Hop,../data/raw/fma_small/089/089847.mp3
89848,Not the 1s (prod. by Mexicans with Guns),Hip-Hop,../data/raw/fma_small/089/089848.mp3
89857,Silverstein Status (prod. by Monster Rally),Hip-Hop,../data/raw/fma_small/089/089857.mp3
89859,Your Dad Hate Me (prod. by Daedelus),Hip-Hop,../data/raw/fma_small/089/089859.mp3
89860,Speedin on You Slowpokes (prod. by dÉbruit),Hip-Hop,../data/raw/fma_small/089/089860.mp3
89991,[radiolibre] Ruidos del Trabajo... 10.Particulas Sonicas...,Experimental,../data/raw/fma_small/089/089991.mp3
89992,[upl053] Verdant Peal - 03.Patau Limbo,Experimental,../data/raw/fma_small/089/089992.mp3
90027,The Breath,Experimental,../data/raw/fma_small/090/090027.mp3
90074,Mental Communication,Electronic,../data/raw/fma_small/090/090074.mp3
90278,"Thunder Storm - Vancouver, BC September 5 2013",Experimental,../data/raw/fma_small/090/090278.mp3
90526,Ruca,Instrumental,../data/raw/fma_small/090/090526.mp3
90527,Mushroom,Instrumental,../data/raw/fma_small/090/090527.mp3
90529,Ruby,Instrumental,../data/raw/fma_small/090/090529.mp3
90530,Zoey,Instrumental,../data/raw/fma_small/090/090530.mp3
90570,One Fine Day at the Circus,Pop,../data/raw/fma_small/090/090570.mp3
90579,Spider Dance,Pop,../data/raw/fma_small/090/090579.mp3
90582,End Theme,Pop,../data/raw/fma_small/090/090582.mp3
90583,Biological Clock Tower (bonus),Pop,../data/raw/fma_small/090/090583.mp3
90587,"Squid Dance, Squid Waltz (bonus)",Pop,../data/raw/fma_small/090/090587.mp3
90589,The Spirit Kind (bonus),Pop,../data/raw/fma_small/090/090589.mp3
90590,Cage (bonus),Pop,../data/raw/fma_small/090/090590.mp3
90591,In the Raw (bonus),Pop,../data/raw/fma_small/090/090591.mp3
90592,Bullets Have No Effect,Pop,../data/raw/fma_small/090/090592.mp3
90616,Gato,Instrumental,../data/raw/fma_small/090/090616.mp3
90617,Agnes,Instrumental,../data/raw/fma_small/090/090617.mp3
90618,Bird,Instrumental,../data/raw/fma_small/090/090618.mp3
90625,Every Song I Sing,Folk,../data/raw/fma_small/090/090625.mp3
90639,lord,Rock,../data/raw/fma_small/090/090639.mp3
90652,A Lament,Rock,../data/raw/fma_small/090/090652.mp3
90695,Percuté,Rock,../data/raw/fma_small/090/090695.mp3
90804,"Press, Stir Up and Stretch With a Dotted Line",Experimental,../data/raw/fma_small/090/090804.mp3
90824,Don't Lie,Pop,../data/raw/fma_small/090/090824.mp3
90826,Reason's Run,Pop,../data/raw/fma_small/090/090826.mp3
90828,Happy Island,Pop,../data/raw/fma_small/090/090828.mp3
90982,"Gangstas, Guns, Liquor",Hip-Hop,../data/raw/fma_small/090/090982.mp3
90987,Hip-Hop Lives (Your Media's Dead),Hip-Hop,../data/raw/fma_small/090/090987.mp3
90993,Where Am I?,Hip-Hop,../data/raw/fma_small/090/090993.mp3
91081,D_BAILE,Electronic,../data/raw/fma_small/091/091081.mp3
91082,HORNSONG,Electronic,../data/raw/fma_small/091/091082.mp3
91083,SURDO,Electronic,../data/raw/fma_small/091/091083.mp3
91084,EL_ECTRO,Electronic,../data/raw/fma_small/091/091084.mp3
91085,THISBASS,Electronic,../data/raw/fma_small/091/091085.mp3
91086,MAU,Electronic,../data/raw/fma_small/091/091086.mp3
91087,IDY,Electronic,../data/raw/fma_small/091/091087.mp3
91088,CORTE_COSTURA,Electronic,../data/raw/fma_small/091/091088.mp3
91089,TONTURA,Electronic,../data/raw/fma_small/091/091089.mp3
91092,Meth,Rock,../data/raw/fma_small/091/091092.mp3
91093,Birthday Song,Rock,../data/raw/fma_small/091/091093.mp3
91098,Adrian,Folk,../data/raw/fma_small/091/091098.mp3
91102,I See It Coming,Folk,../data/raw/fma_small/091/091102.mp3
91130,Foundation Of Pain Management,Experimental,../data/raw/fma_small/091/091130.mp3
91157,The Cave of Time,Pop,../data/raw/fma_small/091/091157.mp3
91158,The Perfect Planet,Pop,../data/raw/fma_small/091/091158.mp3
91159,The Race Forever,Pop,../data/raw/fma_small/091/091159.mp3
91160,Invaders From Within,Pop,../data/raw/fma_small/091/091160.mp3
91161,The Reality Machine,Pop,../data/raw/fma_small/091/091161.mp3
91162,Motocross Mania,Pop,../data/raw/fma_small/091/091162.mp3
91163,You Are A Monster,Pop,../data/raw/fma_small/091/091163.mp3
91164,Roller Star,Pop,../data/raw/fma_small/091/091164.mp3
91170,Horses,Folk,../data/raw/fma_small/091/091170.mp3
91177,Drops of brandy - The mountain kid,International,../data/raw/fma_small/091/091177.mp3
91178,Toss the feathers - Otter's holt,International,../data/raw/fma_small/091/091178.mp3
91179,Morrisson's jig - Leslie's march,International,../data/raw/fma_small/091/091179.mp3
91181,Moorlough shore,International,../data/raw/fma_small/091/091181.mp3
91182,Lunassa,International,../data/raw/fma_small/091/091182.mp3
91183,Lea rig - Dusty window,International,../data/raw/fma_small/091/091183.mp3
91184,Providence reel - Man of the house - Speed the plough,International,../data/raw/fma_small/091/091184.mp3
91185,Sliabh - Cathal,International,../data/raw/fma_small/091/091185.mp3
91186,Capclear,International,../data/raw/fma_small/091/091186.mp3
91187,Fourteen days,International,../data/raw/fma_small/091/091187.mp3
91205,Picture it all,Rock,../data/raw/fma_small/091/091205.mp3
91228,Softens The Blow,Folk,../data/raw/fma_small/091/091228.mp3
91238,High Tide/Low Tide,Folk,../data/raw/fma_small/091/091238.mp3
91306,NY Don't Sleep (Luckstrumental),Hip-Hop,../data/raw/fma_small/091/091306.mp3
91309,Advice (Instrumental),Hip-Hop,../data/raw/fma_small/091/091309.mp3
91312,Sensitive Information,Hip-Hop,../data/raw/fma_small/091/091312.mp3
91315,Master Plan (Dark Days Instrumental),Hip-Hop,../data/raw/fma_small/091/091315.mp3
91317,Master Plan (Show Disc Instrumental),Hip-Hop,../data/raw/fma_small/091/091317.mp3
91318,Master Plan (Bonus Beat Break Dubb),Hip-Hop,../data/raw/fma_small/091/091318.mp3
91319,Sad But True (Non-Album Track),Hip-Hop,../data/raw/fma_small/091/091319.mp3
91329,You Gotta Lose / Milk Cow Blues,Rock,../data/raw/fma_small/091/091329.mp3
91349,Summer Read,Pop,../data/raw/fma_small/091/091349.mp3
91443,Easy Sometimes,Folk,../data/raw/fma_small/091/091443.mp3
91455,FORWARD,Rock,../data/raw/fma_small/091/091455.mp3
91458,DUCKS,Rock,../data/raw/fma_small/091/091458.mp3
91459,COME CLOSE TO ME,Rock,../data/raw/fma_small/091/091459.mp3
91468,By Design,Pop,../data/raw/fma_small/091/091468.mp3
91471,Olympic Gardens,Pop,../data/raw/fma_small/091/091471.mp3
91619,A ninja among culturachippers,Electronic,../data/raw/fma_small/091/091619.mp3
91620,ayVentura,Electronic,../data/raw/fma_small/091/091620.mp3
91621,Another beek beep beer please,Electronic,../data/raw/fma_small/091/091621.mp3
91622,Scape from the city,Electronic,../data/raw/fma_small/091/091622.mp3
91623,Death on the battlefield,Electronic,../data/raw/fma_small/091/091623.mp3
91624,Donsi Killed la rioja star (Familiar live),Electronic,../data/raw/fma_small/091/091624.mp3
91625,l3go,Electronic,../data/raw/fma_small/091/091625.mp3
91755,Action Potential,Electronic,../data/raw/fma_small/091/091755.mp3
91788,Holly And The Ivy,Folk,../data/raw/fma_small/091/091788.mp3
91790,The Fish in the Sea,Folk,../data/raw/fma_small/091/091790.mp3
91791,Good Old Colony Days,Folk,../data/raw/fma_small/091/091791.mp3
91793,Little Birdie,Folk,../data/raw/fma_small/091/091793.mp3
91796,Greenland Whale Fisheries,Folk,../data/raw/fma_small/091/091796.mp3
91797,In Some Ladys Garden,Folk,../data/raw/fma_small/091/091797.mp3
91851,Angel's Fall (Instrumental),Rock,../data/raw/fma_small/091/091851.mp3
91868,Rock De La Basura,Rock,../data/raw/fma_small/091/091868.mp3
91869,Gato de basurero,Rock,../data/raw/fma_small/091/091869.mp3
91894,Toy Guitar 1,Experimental,../data/raw/fma_small/091/091894.mp3
91897,Toy Guitar 4,Experimental,../data/raw/fma_small/091/091897.mp3
91899,Toy Guitar 6 (Exotica),Experimental,../data/raw/fma_small/091/091899.mp3
91900,Toy Guitar 7 (vox),Experimental,../data/raw/fma_small/091/091900.mp3
91933,Noise Of Welcome,Folk,../data/raw/fma_small/091/091933.mp3
91934,Hold Fast,Folk,../data/raw/fma_small/091/091934.mp3
91936,Morning Glory Kid,Folk,../data/raw/fma_small/091/091936.mp3
91937,Love In Vain,Folk,../data/raw/fma_small/091/091937.mp3
91938,Blood Rushes On,Folk,../data/raw/fma_small/091/091938.mp3
91958,Catch The Knife,Folk,../data/raw/fma_small/091/091958.mp3
91960,Feel No Stress,International,../data/raw/fma_small/091/091960.mp3
92124,#800080,Pop,../data/raw/fma_small/092/092124.mp3
92125,In It For You,Pop,../data/raw/fma_small/092/092125.mp3
92129,Go For It,Pop,../data/raw/fma_small/092/092129.mp3
92130,Velcro,Pop,../data/raw/fma_small/092/092130.mp3
92131,Out,Pop,../data/raw/fma_small/092/092131.mp3
92206,Zlevnené zboží,International,../data/raw/fma_small/092/092206.mp3
92275,Antarctic Rhythms (Invincible Hip Hop Mix),Electronic,../data/raw/fma_small/092/092275.mp3
92282,Arctic Rhythms (Dubstep Mix),Electronic,../data/raw/fma_small/092/092282.mp3
92283,Antarctic Dawn (Bonus Track),Electronic,../data/raw/fma_small/092/092283.mp3
92284,Of Water and Ice feat. Jin-Xiang JX Yu (Dubstep Remix - Bonus Track),Electronic,../data/raw/fma_small/092/092284.mp3
92292,Contentment,Folk,../data/raw/fma_small/092/092292.mp3
92366,Horror House,Electronic,../data/raw/fma_small/092/092366.mp3
92466,This Modem Life,Electronic,../data/raw/fma_small/092/092466.mp3
92508,Spock Fingers,Rock,../data/raw/fma_small/092/092508.mp3
92535,Falcon Song,Folk,../data/raw/fma_small/092/092535.mp3
92536,West Virginia,Folk,../data/raw/fma_small/092/092536.mp3
92538,Flock of Arrows,Folk,../data/raw/fma_small/092/092538.mp3
92539,Honey Bee,Folk,../data/raw/fma_small/092/092539.mp3
92540,Capture Me,Folk,../data/raw/fma_small/092/092540.mp3
92546,Electronaut,Electronic,../data/raw/fma_small/092/092546.mp3
92548,Memories,Electronic,../data/raw/fma_small/092/092548.mp3
92549,I'm Chilled (Beat Doctor remix),Electronic,../data/raw/fma_small/092/092549.mp3
92551,Twenty Ten,Electronic,../data/raw/fma_small/092/092551.mp3
92554,Black Magic,Electronic,../data/raw/fma_small/092/092554.mp3
92556,Outer Self,Electronic,../data/raw/fma_small/092/092556.mp3
92561,Twisted Orchestra,Electronic,../data/raw/fma_small/092/092561.mp3
92562,You Make Me (Beat Doctor remix),Electronic,../data/raw/fma_small/092/092562.mp3
92564,Baby Crying,Electronic,../data/raw/fma_small/092/092564.mp3
92565,Birdie,Experimental,../data/raw/fma_small/092/092565.mp3
92573,Сarnivore,Experimental,../data/raw/fma_small/092/092573.mp3
92574,We'll meet again,Experimental,../data/raw/fma_small/092/092574.mp3
92868,King Of Queens,Rock,../data/raw/fma_small/092/092868.mp3
92872,Fear in the Dust Bowl,Experimental,../data/raw/fma_small/092/092872.mp3
92873,Caravan for the Departed,Experimental,../data/raw/fma_small/092/092873.mp3
92874,Phonograph Recordings Sleepy City,Experimental,../data/raw/fma_small/092/092874.mp3
92878,A Sad Song for Junction City Fields,Experimental,../data/raw/fma_small/092/092878.mp3
92881,Jesus Gonna Bring Me Rain,Experimental,../data/raw/fma_small/092/092881.mp3
92885,Cloud Poems,Experimental,../data/raw/fma_small/092/092885.mp3
92886,Bleach Bypass Landscape,Experimental,../data/raw/fma_small/092/092886.mp3
92887,God speed the Plow,Experimental,../data/raw/fma_small/092/092887.mp3
92888,Sings the Destitute Children of Great Bend,Experimental,../data/raw/fma_small/092/092888.mp3
92889,Hope in Monoculture,Experimental,../data/raw/fma_small/092/092889.mp3
92947,Intro,Instrumental,../data/raw/fma_small/092/092947.mp3
92948,Ghost,Instrumental,../data/raw/fma_small/092/092948.mp3
92949,Chase,Instrumental,../data/raw/fma_small/092/092949.mp3
92950,Dream,Instrumental,../data/raw/fma_small/092/092950.mp3
92951,Night,Instrumental,../data/raw/fma_small/092/092951.mp3
92952,In The House,Instrumental,../data/raw/fma_small/092/092952.mp3
92953,Organ Etude,Instrumental,../data/raw/fma_small/092/092953.mp3
92954,Studio,Instrumental,../data/raw/fma_small/092/092954.mp3
92955,Finale,Instrumental,../data/raw/fma_small/092/092955.mp3
93074,Spirit First,Folk,../data/raw/fma_small/093/093074.mp3
93075,Song In My Branches,Folk,../data/raw/fma_small/093/093075.mp3
93076,We're Tornadoes When We Dance,Folk,../data/raw/fma_small/093/093076.mp3
93363,Sunshine Radio,Electronic,../data/raw/fma_small/093/093363.mp3
93364,This Girl,Electronic,../data/raw/fma_small/093/093364.mp3
93518,Mantilla,Electronic,../data/raw/fma_small/093/093518.mp3
93519,Scorpio,Electronic,../data/raw/fma_small/093/093519.mp3
93520,Slow Moving,Electronic,../data/raw/fma_small/093/093520.mp3
93521,Ivory,Electronic,../data/raw/fma_small/093/093521.mp3
93522,Snake Charm,Electronic,../data/raw/fma_small/093/093522.mp3
93523,Up There,Electronic,../data/raw/fma_small/093/093523.mp3
93704,Don't Love You,Folk,../data/raw/fma_small/093/093704.mp3
93710,Palm Tree,Folk,../data/raw/fma_small/093/093710.mp3
93712,Bird Song,Folk,../data/raw/fma_small/093/093712.mp3
93716,Let Me Go,Folk,../data/raw/fma_small/093/093716.mp3
93727,endless #05,Electronic,../data/raw/fma_small/093/093727.mp3
93867,Peanut Butter Jesus,Rock,../data/raw/fma_small/093/093867.mp3
93868,Christmas Song,Rock,../data/raw/fma_small/093/093868.mp3
93915,Downtown Serenade,Instrumental,../data/raw/fma_small/093/093915.mp3
93917,Flood,Instrumental,../data/raw/fma_small/093/093917.mp3
93918,Keep Calm,Instrumental,../data/raw/fma_small/093/093918.mp3
93919,Runaway,Instrumental,../data/raw/fma_small/093/093919.mp3
93920,The Lake,Instrumental,../data/raw/fma_small/093/093920.mp3
93921,Wet Socks,Instrumental,../data/raw/fma_small/093/093921.mp3
93940,December,Electronic,../data/raw/fma_small/093/093940.mp3
93941,October,Electronic,../data/raw/fma_small/093/093941.mp3
93942,Weekends Away,Pop,../data/raw/fma_small/093/093942.mp3
93943,One Way Love,Pop,../data/raw/fma_small/093/093943.mp3
93944,Waiting Until Then,Pop,../data/raw/fma_small/093/093944.mp3
93950,Chuck Norris,Rock,../data/raw/fma_small/093/093950.mp3
93956,Flea Circus,Rock,../data/raw/fma_small/093/093956.mp3
93981,Košielka,International,../data/raw/fma_small/093/093981.mp3
93983,Hallway,Rock,../data/raw/fma_small/093/093983.mp3
93985,Hot Skins,Rock,../data/raw/fma_small/093/093985.mp3
93986,Irish Clouds,Rock,../data/raw/fma_small/093/093986.mp3
94026,Without A Soul,Rock,../data/raw/fma_small/094/094026.mp3
94033,Life Of Butterflies,Instrumental,../data/raw/fma_small/094/094033.mp3
94034,Corruptionfields,Instrumental,../data/raw/fma_small/094/094034.mp3
94035,Glassheart,Instrumental,../data/raw/fma_small/094/094035.mp3
94036,Tale For Mind,Instrumental,../data/raw/fma_small/094/094036.mp3
94037,Memories,Instrumental,../data/raw/fma_small/094/094037.mp3
94038,Poems,Instrumental,../data/raw/fma_small/094/094038.mp3
94039,Your Wonderland,Instrumental,../data/raw/fma_small/094/094039.mp3
94093,prologue: in recollection and amazement,Rock,../data/raw/fma_small/094/094093.mp3
94099,fire in the arcade (the reflectors),Rock,../data/raw/fma_small/094/094099.mp3
94101,dreamy solace of rivers and bridges [disquiet0088],Rock,../data/raw/fma_small/094/094101.mp3
94102,man again,Rock,../data/raw/fma_small/094/094102.mp3
94263,Third Breach,Electronic,../data/raw/fma_small/094/094263.mp3
94348,Don't Do It,Rock,../data/raw/fma_small/094/094348.mp3
94411,Ichill,Electronic,../data/raw/fma_small/094/094411.mp3
94414,Kogarashi,Electronic,../data/raw/fma_small/094/094414.mp3
94415,Somatou,Electronic,../data/raw/fma_small/094/094415.mp3
94419,An Anthem For The Dying West,Rock,../data/raw/fma_small/094/094419.mp3
94422,Shootin Blanks,Folk,../data/raw/fma_small/094/094422.mp3
94423,Asterisk,Pop,../data/raw/fma_small/094/094423.mp3
94426,Dreams Of Summer,Hip-Hop,../data/raw/fma_small/094/094426.mp3
94449,Chapelle Intro,Hip-Hop,../data/raw/fma_small/094/094449.mp3
94465,TSP And The Moon,Hip-Hop,../data/raw/fma_small/094/094465.mp3
94467,"Meant 4 Me, Meant 4 U (music, I love you) (Outro)",Hip-Hop,../data/raw/fma_small/094/094467.mp3
94468,Green Bags (Featuring Mayhem) (Bonus Track),Hip-Hop,../data/raw/fma_small/094/094468.mp3
94628,Avant le départ : Buka dikit jos,Pop,../data/raw/fma_small/094/094628.mp3
94630,Cuisine,Pop,../data/raw/fma_small/094/094630.mp3
94631,Environnement : Jungle sound,Pop,../data/raw/fma_small/094/094631.mp3
94632,"Fêtes, rites et cérémonies : Ramadan Party",Pop,../data/raw/fma_small/094/094632.mp3
94634,Langue : Bahasa Indonesia,Pop,../data/raw/fma_small/094/094634.mp3
94635,Santé : Buto,Pop,../data/raw/fma_small/094/094635.mp3
94638,"Tv, médias : Indosat TV",Pop,../data/raw/fma_small/094/094638.mp3
94803,this machine thinks,Electronic,../data/raw/fma_small/094/094803.mp3
95189,Western Fixings,Experimental,../data/raw/fma_small/095/095189.mp3
95231,vampire on the dole,Rock,../data/raw/fma_small/095/095231.mp3
95248,Go,Rock,../data/raw/fma_small/095/095248.mp3
95249,Kiss Me I'm Drunk,Rock,../data/raw/fma_small/095/095249.mp3
95250,Sweet Elizabeth,Rock,../data/raw/fma_small/095/095250.mp3
95251,Every Little Thing,Rock,../data/raw/fma_small/095/095251.mp3
95308,Turn Up My Light,Rock,../data/raw/fma_small/095/095308.mp3
95309,Great Music Day,Rock,../data/raw/fma_small/095/095309.mp3
95310,The Last of The Last,Rock,../data/raw/fma_small/095/095310.mp3
95452,the first cup is the weakest,Instrumental,../data/raw/fma_small/095/095452.mp3
95486,Pop Music,Pop,../data/raw/fma_small/095/095486.mp3
95506,Shake Some Action,Rock,../data/raw/fma_small/095/095506.mp3
95535,i must have love,Rock,../data/raw/fma_small/095/095535.mp3
95564,Funky Love Blast Vs. Funky Anal Humour,Experimental,../data/raw/fma_small/095/095564.mp3
95722,"Adventure, Darling",Instrumental,../data/raw/fma_small/095/095722.mp3
95724,Instrumental #2 Revisited,Instrumental,../data/raw/fma_small/095/095724.mp3
95725,Multitudes,Instrumental,../data/raw/fma_small/095/095725.mp3
95726,Ferns And Cork,Instrumental,../data/raw/fma_small/095/095726.mp3
95727,Porthglaze Cove,Instrumental,../data/raw/fma_small/095/095727.mp3
95908,pyogenic ulcer,Hip-Hop,../data/raw/fma_small/095/095908.mp3
95910,Murder Rap,Hip-Hop,../data/raw/fma_small/095/095910.mp3
95911,blood clot lunch,Hip-Hop,../data/raw/fma_small/095/095911.mp3
95912,blood fart,Hip-Hop,../data/raw/fma_small/095/095912.mp3
95914,Genital Warfare,Hip-Hop,../data/raw/fma_small/095/095914.mp3
95915,The Penis Lord,Hip-Hop,../data/raw/fma_small/095/095915.mp3
96166,Dancing Song,International,../data/raw/fma_small/096/096166.mp3
96167,Sound: The Encounter,International,../data/raw/fma_small/096/096167.mp3
96168,Song From South Of Iran,International,../data/raw/fma_small/096/096168.mp3
96169,Mina,International,../data/raw/fma_small/096/096169.mp3
96399,Sound of Rock&Roll,Rock,../data/raw/fma_small/096/096399.mp3
96400,Save Your Tears,Rock,../data/raw/fma_small/096/096400.mp3
96401,Soul Mates,Rock,../data/raw/fma_small/096/096401.mp3
96402,Hey !,Rock,../data/raw/fma_small/096/096402.mp3
96403,Wrong or Right,Rock,../data/raw/fma_small/096/096403.mp3
96408,Fucking Desire,Rock,../data/raw/fma_small/096/096408.mp3
96560,In the Christmas Time,Rock,../data/raw/fma_small/096/096560.mp3
96627,Mais Que Dirait Eric Rohmer ?,Experimental,../data/raw/fma_small/096/096627.mp3
96657,Green Bags (Instrumental),Hip-Hop,../data/raw/fma_small/096/096657.mp3
96675,Can I Get A Clap,Hip-Hop,../data/raw/fma_small/096/096675.mp3
96678,"Once Again (Featuring E FeungShui, J-Phillz, Javier Starks, Golden Child, Dave C & Cable)",Hip-Hop,../data/raw/fma_small/096/096678.mp3
96692,Postman,Folk,../data/raw/fma_small/096/096692.mp3
96693,Move On,Folk,../data/raw/fma_small/096/096693.mp3
96694,Triggers,Folk,../data/raw/fma_small/096/096694.mp3
96695,Cart Sans Horse,Folk,../data/raw/fma_small/096/096695.mp3
96696,My Boat,Folk,../data/raw/fma_small/096/096696.mp3
96697,Pie Bwa,Folk,../data/raw/fma_small/096/096697.mp3
96698,Pretty Girls,Folk,../data/raw/fma_small/096/096698.mp3
96699,Swan Neck,Folk,../data/raw/fma_small/096/096699.mp3
96718,Goblin King,Rock,../data/raw/fma_small/096/096718.mp3
96726,Shoot Me,Folk,../data/raw/fma_small/096/096726.mp3
96728,All In The Morning Coming Down,Folk,../data/raw/fma_small/096/096728.mp3
96729,I Had A Lover I Thought Was My Own,Folk,../data/raw/fma_small/096/096729.mp3
96730,Lily Of The Valley,Folk,../data/raw/fma_small/096/096730.mp3
96731,In Your Hollow,Folk,../data/raw/fma_small/096/096731.mp3
96738,Mori Dobro Vecher,International,../data/raw/fma_small/096/096738.mp3
96742,Sadila Jana,International,../data/raw/fma_small/096/096742.mp3
96743,Zhenish Me Mamo,International,../data/raw/fma_small/096/096743.mp3
96759,Maidenhead,Rock,../data/raw/fma_small/096/096759.mp3
96898,Minfuck,Experimental,../data/raw/fma_small/096/096898.mp3
96900,Catharsis,Experimental,../data/raw/fma_small/096/096900.mp3
96901,Dream Hole,Experimental,../data/raw/fma_small/096/096901.mp3
96902,22 Scenes From The Sink,Experimental,../data/raw/fma_small/096/096902.mp3
96935,MOSHERTALK,Rock,../data/raw/fma_small/096/096935.mp3
96936,1550 696969,Rock,../data/raw/fma_small/096/096936.mp3
96944,27 (Full Version),Pop,../data/raw/fma_small/096/096944.mp3
96945,Some Day / New Year Song (Bonus Track Home Edit),Pop,../data/raw/fma_small/096/096945.mp3
96946,27 (Radio Edit Version),Pop,../data/raw/fma_small/096/096946.mp3
97037,Stronger Living Feat Wordsmith,Hip-Hop,../data/raw/fma_small/097/097037.mp3
97041,The Dark Arts,Hip-Hop,../data/raw/fma_small/097/097041.mp3
97043,Make Me Worse,Hip-Hop,../data/raw/fma_small/097/097043.mp3
97211,Blue Daisy,Folk,../data/raw/fma_small/097/097211.mp3
97215,Passing Stranger,Folk,../data/raw/fma_small/097/097215.mp3
97216,When I Heard The Learn'd Astronomer,Folk,../data/raw/fma_small/097/097216.mp3
97279,The Stars Are Out (Interlude),Instrumental,../data/raw/fma_small/097/097279.mp3
97283,The Stars Are Out,Instrumental,../data/raw/fma_small/097/097283.mp3
97285,Shooting Star,Instrumental,../data/raw/fma_small/097/097285.mp3
97286,We Wanna Rock,Rock,../data/raw/fma_small/097/097286.mp3
97373,Extra Chromosome Mozart,Experimental,../data/raw/fma_small/097/097373.mp3
97374,Pacific Jazz,Experimental,../data/raw/fma_small/097/097374.mp3
97393,Fantasy,Electronic,../data/raw/fma_small/097/097393.mp3
97404,Always Alone In The Dark,Electronic,../data/raw/fma_small/097/097404.mp3
97406,Shift Expectations,Experimental,../data/raw/fma_small/097/097406.mp3
97407,The Power of Dreams,Experimental,../data/raw/fma_small/097/097407.mp3
97424,Weeklybeats 2014 #1 - KORG M01D Jam,Electronic,../data/raw/fma_small/097/097424.mp3
97540,Lord I'm Troubled,Electronic,../data/raw/fma_small/097/097540.mp3
97542,Lotus Flower,Electronic,../data/raw/fma_small/097/097542.mp3
97544,Escape Under Cover of Night,Electronic,../data/raw/fma_small/097/097544.mp3
97545,The Voice of the Sorrowful Rain,Electronic,../data/raw/fma_small/097/097545.mp3
97547,Soy La Pocha,Electronic,../data/raw/fma_small/097/097547.mp3
97548,Fuego,Electronic,../data/raw/fma_small/097/097548.mp3
97568,Missed The Free Throw,Hip-Hop,../data/raw/fma_small/097/097568.mp3
97569,Water World,Hip-Hop,../data/raw/fma_small/097/097569.mp3
97570,Eeze Out / Wherever the Wind Blow,Hip-Hop,../data/raw/fma_small/097/097570.mp3
97585,Loose Change,Folk,../data/raw/fma_small/097/097585.mp3
97586,Waxwing,Folk,../data/raw/fma_small/097/097586.mp3
97587,Blessed Instant,Folk,../data/raw/fma_small/097/097587.mp3
97588,The Brookland Road,Folk,../data/raw/fma_small/097/097588.mp3
97589,La Jardinera,Folk,../data/raw/fma_small/097/097589.mp3
97590,The King's Horses,Folk,../data/raw/fma_small/097/097590.mp3
97690,Alive,Rock,../data/raw/fma_small/097/097690.mp3
97691,Bad Things,Hip-Hop,../data/raw/fma_small/097/097691.mp3
97692,Hell Yeah,Hip-Hop,../data/raw/fma_small/097/097692.mp3
97697,Stand Up,Hip-Hop,../data/raw/fma_small/097/097697.mp3
97793,arxon,Experimental,../data/raw/fma_small/097/097793.mp3
97794,schneewittchen aud dem kloh,Experimental,../data/raw/fma_small/097/097794.mp3
97813,bleib gesund,Experimental,../data/raw/fma_small/097/097813.mp3
97814,sei hekuba,Experimental,../data/raw/fma_small/097/097814.mp3
97841,Plop drop,Experimental,../data/raw/fma_small/097/097841.mp3
97844,The Red Line,Electronic,../data/raw/fma_small/097/097844.mp3
97845,Things We Can't See,Electronic,../data/raw/fma_small/097/097845.mp3
97846,Secretly A Hero,Electronic,../data/raw/fma_small/097/097846.mp3
97847,Unknown Resource,Electronic,../data/raw/fma_small/097/097847.mp3
97848,Abstract Happiness,Electronic,../data/raw/fma_small/097/097848.mp3
97886,Saturday Night,Rock,../data/raw/fma_small/097/097886.mp3
97887,Long Time Coming,Rock,../data/raw/fma_small/097/097887.mp3
97894,Overdose,Rock,../data/raw/fma_small/097/097894.mp3
97940,Weeklybeats 2014 #3 - Play Nicely,Electronic,../data/raw/fma_small/097/097940.mp3
97958,Beats tornado,Electronic,../data/raw/fma_small/097/097958.mp3
97959,Este som - parte2,Electronic,../data/raw/fma_small/097/097959.mp3
97960,Eu sou o fado,Electronic,../data/raw/fma_small/097/097960.mp3
97961,Why does my heart...,Electronic,../data/raw/fma_small/097/097961.mp3
97962,Breacking down,Electronic,../data/raw/fma_small/097/097962.mp3
97980,Back To Break Bread (Instrumental),Hip-Hop,../data/raw/fma_small/097/097980.mp3
97986,Incredible Things (Instrumental),Hip-Hop,../data/raw/fma_small/097/097986.mp3
97987,Incredible Things (Featuring Golden Child) (Accapella),Hip-Hop,../data/raw/fma_small/097/097987.mp3
97988,Think Logical (Instrumental),Hip-Hop,../data/raw/fma_small/097/097988.mp3
97989,Think Logical (Featuring E FeungShui) (Accapella),Hip-Hop,../data/raw/fma_small/097/097989.mp3
98025,Hangman's Noose,Rock,../data/raw/fma_small/098/098025.mp3
98026,Krushka,International,../data/raw/fma_small/098/098026.mp3
98028,Zajkova,International,../data/raw/fma_small/098/098028.mp3
98031,Xelianov,International,../data/raw/fma_small/098/098031.mp3
98077,Глазами Детей,Rock,../data/raw/fma_small/098/098077.mp3
98202,La Terre [Intro],Electronic,../data/raw/fma_small/098/098202.mp3
98203,A Message From Space,Electronic,../data/raw/fma_small/098/098203.mp3
98204,Unpleasant Nature,Electronic,../data/raw/fma_small/098/098204.mp3
98205,Mankind,Electronic,../data/raw/fma_small/098/098205.mp3
98206,Oceanids,Electronic,../data/raw/fma_small/098/098206.mp3
98227,Weeklybeats 2014 #2 - Daniel's Kruis,Electronic,../data/raw/fma_small/098/098227.mp3
98228,Weeklybeats 2014 #4 - All Will Be Well,Electronic,../data/raw/fma_small/098/098228.mp3
98229,Free Bassel,Experimental,../data/raw/fma_small/098/098229.mp3
98235,Geiger Festival,Instrumental,../data/raw/fma_small/098/098235.mp3
98236,Dead Voices,Instrumental,../data/raw/fma_small/098/098236.mp3
98237,Object,Instrumental,../data/raw/fma_small/098/098237.mp3
98238,Underworld Transmisions,Instrumental,../data/raw/fma_small/098/098238.mp3
98251,13. Dis (Live),Rock,../data/raw/fma_small/098/098251.mp3
98297,Moon Pearls,Rock,../data/raw/fma_small/098/098297.mp3
98298,Siki Siki Baba/Majstore,International,../data/raw/fma_small/098/098298.mp3
98299,Me Phirava Daje,International,../data/raw/fma_small/098/098299.mp3
98300,Taban Canu,International,../data/raw/fma_small/098/098300.mp3
98301,Gori More,International,../data/raw/fma_small/098/098301.mp3
98302,Sweet Girl,International,../data/raw/fma_small/098/098302.mp3
98339,Chochek Medley,International,../data/raw/fma_small/098/098339.mp3
98346,Rampi Rampi,International,../data/raw/fma_small/098/098346.mp3
98348,Dafino Vino,International,../data/raw/fma_small/098/098348.mp3
98349,Balkan Space Camp,International,../data/raw/fma_small/098/098349.mp3
98547,Belong,Hip-Hop,../data/raw/fma_small/098/098547.mp3
98548,Rise,Hip-Hop,../data/raw/fma_small/098/098548.mp3
98549,I Know You,Hip-Hop,../data/raw/fma_small/098/098549.mp3
98550,Today,Hip-Hop,../data/raw/fma_small/098/098550.mp3
98551,The 5th Element,Hip-Hop,../data/raw/fma_small/098/098551.mp3
98552,Frack Track,Hip-Hop,../data/raw/fma_small/098/098552.mp3
98553,Vision,Hip-Hop,../data/raw/fma_small/098/098553.mp3
98554,Indo Amnesia,Hip-Hop,../data/raw/fma_small/098/098554.mp3
98555,Gotta Love Me,Hip-Hop,../data/raw/fma_small/098/098555.mp3
98556,Anyway,Hip-Hop,../data/raw/fma_small/098/098556.mp3
98557,Dancing With Lightning,Hip-Hop,../data/raw/fma_small/098/098557.mp3
98565,Brandon Clark,Hip-Hop,../data/raw/fma_small/098/098565.mp3
98567,Fuck The World,Hip-Hop,../data/raw/fma_small/098/098567.mp3
98569,Love and Fear,Hip-Hop,../data/raw/fma_small/098/098569.mp3
98573,Better Place (Prod. by Instinctz Beats),Hip-Hop,../data/raw/fma_small/098/098573.mp3
98574,I'm On Ft. B. White (Prod. Joel Johnston),Hip-Hop,../data/raw/fma_small/098/098574.mp3
98575,I Don't Fuck Witcha Ft. Young Scolla (Prod. Joel Johnston),Hip-Hop,../data/raw/fma_small/098/098575.mp3
98576,Throw It Up Ft. BDG (Prod. Joel Johnston),Hip-Hop,../data/raw/fma_small/098/098576.mp3
98577,Momma Ft. Kyle B (Prod. A-Rayz),Hip-Hop,../data/raw/fma_small/098/098577.mp3
98578,B.N.S. Ft. Huey Mack (Prod. GM3),Hip-Hop,../data/raw/fma_small/098/098578.mp3
98579,Never Enough Ft. Kinetics (Prod. Cherne),Hip-Hop,../data/raw/fma_small/098/098579.mp3
98580,I Know (Prod. MVSIC),Hip-Hop,../data/raw/fma_small/098/098580.mp3
98581,Race With Time (Prod. Joel Johnston),Hip-Hop,../data/raw/fma_small/098/098581.mp3
98582,Dark Thoughts (Prod. Joel Johnston),Hip-Hop,../data/raw/fma_small/098/098582.mp3
98583,The Remedy (Prod. Joel Johnston),Hip-Hop,../data/raw/fma_small/098/098583.mp3
98584,Relax (Prod. Joel Johnston),Hip-Hop,../data/raw/fma_small/098/098584.mp3
98585,Lost In Time (Intro) (Prod. by Instinctz Beats),Hip-Hop,../data/raw/fma_small/098/098585.mp3
98613,Listen To The Old Man,Hip-Hop,../data/raw/fma_small/098/098613.mp3
98617,Mad Men,Hip-Hop,../data/raw/fma_small/098/098617.mp3
98618,Forest of Babylon,Hip-Hop,../data/raw/fma_small/098/098618.mp3
98619,Mad Men,Hip-Hop,../data/raw/fma_small/098/098619.mp3
98620,Forest of Babylon,Hip-Hop,../data/raw/fma_small/098/098620.mp3
98621,Haribos,Hip-Hop,../data/raw/fma_small/098/098621.mp3
98622,The Devil,Hip-Hop,../data/raw/fma_small/098/098622.mp3
98623,Dust at the Heel of Horror,Hip-Hop,../data/raw/fma_small/098/098623.mp3
98624,Please Tell Me,Hip-Hop,../data/raw/fma_small/098/098624.mp3
98625,Woman,Hip-Hop,../data/raw/fma_small/098/098625.mp3
98626,Holloway Hotel,Hip-Hop,../data/raw/fma_small/098/098626.mp3
98627,Rosalita,Hip-Hop,../data/raw/fma_small/098/098627.mp3
98628,Grave Digger,Hip-Hop,../data/raw/fma_small/098/098628.mp3
98655,The Forest Is Shaking Part 1,International,../data/raw/fma_small/098/098655.mp3
98656,Zeni Me Mamo,International,../data/raw/fma_small/098/098656.mp3
98657,Trendafilceto,International,../data/raw/fma_small/098/098657.mp3
98666,Sorma Asikmiyim,International,../data/raw/fma_small/098/098666.mp3
98667,Istemem Babajim,International,../data/raw/fma_small/098/098667.mp3
98668,Kizilciklar Oldumu,International,../data/raw/fma_small/098/098668.mp3
98669,Bir Dimrt,International,../data/raw/fma_small/098/098669.mp3
98670,Drum Solo / Bayolunda,International,../data/raw/fma_small/098/098670.mp3
98671,Habibi Ya Aini,International,../data/raw/fma_small/098/098671.mp3
98680,Teflen Kate,International,../data/raw/fma_small/098/098680.mp3
98681,Nje Pa Pogrebu Bubachonik,International,../data/raw/fma_small/098/098681.mp3
98701,Fried Eggs,Rock,../data/raw/fma_small/098/098701.mp3
98770,Weeklybeats 2014 #5 -I've Got Nothing,Electronic,../data/raw/fma_small/098/098770.mp3
98838,intense,Electronic,../data/raw/fma_small/098/098838.mp3
99041,Optimus Primal,Electronic,../data/raw/fma_small/099/099041.mp3
99093,Time Is Running Away (Destroy Everything),Hip-Hop,../data/raw/fma_small/099/099093.mp3
99095,Blaque Gloves,Hip-Hop,../data/raw/fma_small/099/099095.mp3
99096,1Nation (One Fam),Hip-Hop,../data/raw/fma_small/099/099096.mp3
99134,Halay,Electronic,../data/raw/fma_small/099/099134.mp3
99135,Yietierre,Electronic,../data/raw/fma_small/099/099135.mp3
99214,Broad Boardwalk,Experimental,../data/raw/fma_small/099/099214.mp3
99260,Happy end,Rock,../data/raw/fma_small/099/099260.mp3
99261,Weeklybeats 2014 #7 - Freaking Viking,Electronic,../data/raw/fma_small/099/099261.mp3
99274,AutoTuning,Experimental,../data/raw/fma_small/099/099274.mp3
99311,The Atmosphere,Electronic,../data/raw/fma_small/099/099311.mp3
99313,Florida Slowdown,Electronic,../data/raw/fma_small/099/099313.mp3
99345,Bitter Pill (feat Vosmoy),Rock,../data/raw/fma_small/099/099345.mp3
99361,Szerelem,International,../data/raw/fma_small/099/099361.mp3
99362,Vet Me The,International,../data/raw/fma_small/099/099362.mp3
99363,Kaval Sviri,International,../data/raw/fma_small/099/099363.mp3
99364,Pismo Ti E Doshlo,International,../data/raw/fma_small/099/099364.mp3
99368,Yana Ide,International,../data/raw/fma_small/099/099368.mp3
99369,Ima Neme,International,../data/raw/fma_small/099/099369.mp3
99370,Dilmano Dilbero,International,../data/raw/fma_small/099/099370.mp3
99371,Poleguala e Tudora,International,../data/raw/fma_small/099/099371.mp3
99372,Malo Selo,International,../data/raw/fma_small/099/099372.mp3
99373,Izgrela e Mesechinka,International,../data/raw/fma_small/099/099373.mp3
99374,Tri Bjulbjula,International,../data/raw/fma_small/099/099374.mp3
99375,Bve Petruriki,International,../data/raw/fma_small/099/099375.mp3
99389,Oj Che Je Che Nema,International,../data/raw/fma_small/099/099389.mp3
99390,Oj Jerusalem,International,../data/raw/fma_small/099/099390.mp3
99391,Oj Na Richke,International,../data/raw/fma_small/099/099391.mp3
99392,Rody Bozhe Zhyto,International,../data/raw/fma_small/099/099392.mp3
99393,Ponad Sadom,International,../data/raw/fma_small/099/099393.mp3
99394,Letila Zozulia,International,../data/raw/fma_small/099/099394.mp3
99395,Nasha Khata,International,../data/raw/fma_small/099/099395.mp3
99411,Guts,Rock,../data/raw/fma_small/099/099411.mp3
99419,Sack Attack,Rock,../data/raw/fma_small/099/099419.mp3
99436,Almost Anything,Rock,../data/raw/fma_small/099/099436.mp3
99437,Day at the Beach,Rock,../data/raw/fma_small/099/099437.mp3
99438,Drugs In It,Rock,../data/raw/fma_small/099/099438.mp3
99439,Light Shines,Rock,../data/raw/fma_small/099/099439.mp3
99440,Holy Mountain,Rock,../data/raw/fma_small/099/099440.mp3
99441,Acid Rain,Rock,../data/raw/fma_small/099/099441.mp3
99442,Bed Bugs,Rock,../data/raw/fma_small/099/099442.mp3
99501,Break Bread (Ninety-Four Drums of Death Mixx),Hip-Hop,../data/raw/fma_small/099/099501.mp3
99703,HEAVEN,Electronic,../data/raw/fma_small/099/099703.mp3
99704,HEAVEN_VERSION,Electronic,../data/raw/fma_small/099/099704.mp3
99707,NO HEAVEN,Electronic,../data/raw/fma_small/099/099707.mp3
100478,So On and Yo!,Hip-Hop,../data/raw/fma_small/100/100478.mp3
100479,The LOWdown (Treacherous),Hip-Hop,../data/raw/fma_small/100/100479.mp3
100480,Lyrikil Tranzportashun,Hip-Hop,../data/raw/fma_small/100/100480.mp3
100497,Weeklybeats 2014 #9 - This Little Piggy Danced,Electronic,../data/raw/fma_small/100/100497.mp3
100522,Catch The Sun,Electronic,../data/raw/fma_small/100/100522.mp3
100535,Back From Århus,Electronic,../data/raw/fma_small/100/100535.mp3
100536,Mono Crash,Electronic,../data/raw/fma_small/100/100536.mp3
100544,Electron,Electronic,../data/raw/fma_small/100/100544.mp3
100549,Mindframe,Electronic,../data/raw/fma_small/100/100549.mp3
100550,Beyond The Universe (Transcendance),Electronic,../data/raw/fma_small/100/100550.mp3
100552,First Space Voyage,Electronic,../data/raw/fma_small/100/100552.mp3
100745,Weeklybeats 2014 #10 - Trap'd in A DS,Electronic,../data/raw/fma_small/100/100745.mp3
100799,Child Was a Born,Rock,../data/raw/fma_small/100/100799.mp3
100802,U vatru,Rock,../data/raw/fma_small/100/100802.mp3
100835,little scary movie,Electronic,../data/raw/fma_small/100/100835.mp3
100949,The Rebel Youth,Hip-Hop,../data/raw/fma_small/100/100949.mp3
100958,The Remedy,Hip-Hop,../data/raw/fma_small/100/100958.mp3
100959,Shawntae,Hip-Hop,../data/raw/fma_small/100/100959.mp3
100972,In Progress,Electronic,../data/raw/fma_small/100/100972.mp3
100973,Dark Side,Electronic,../data/raw/fma_small/100/100973.mp3
100975,Sewage,Electronic,../data/raw/fma_small/100/100975.mp3
100976,Kill The Flesh,Electronic,../data/raw/fma_small/100/100976.mp3
101111,Nena,International,../data/raw/fma_small/101/101111.mp3
101112,Peligro,International,../data/raw/fma_small/101/101112.mp3
101116,Este Sol,International,../data/raw/fma_small/101/101116.mp3
101118,El Sonidero de Amor,International,../data/raw/fma_small/101/101118.mp3
101119,Papaya,International,../data/raw/fma_small/101/101119.mp3
101864,Steppen wolf,Experimental,../data/raw/fma_small/101/101864.mp3
101868,Cube,Experimental,../data/raw/fma_small/101/101868.mp3
101873,By whom the bell tolls,Experimental,../data/raw/fma_small/101/101873.mp3
101893,Pulsar,Experimental,../data/raw/fma_small/101/101893.mp3
101951,Hot Love,Rock,../data/raw/fma_small/101/101951.mp3
102092,Dirty Children,Experimental,../data/raw/fma_small/102/102092.mp3
102112,Abstract Resume,Experimental,../data/raw/fma_small/102/102112.mp3
102114,Sound Mind,Experimental,../data/raw/fma_small/102/102114.mp3
102195,Deep Falafel Prophet,Rock,../data/raw/fma_small/102/102195.mp3
103518,You Got Served,Instrumental,../data/raw/fma_small/103/103518.mp3
103519,Clay Pigeons,Instrumental,../data/raw/fma_small/103/103519.mp3
103520,Hold Tight,Instrumental,../data/raw/fma_small/103/103520.mp3
103521,Young Girls,Instrumental,../data/raw/fma_small/103/103521.mp3
103522,Stupid,Instrumental,../data/raw/fma_small/103/103522.mp3
103523,Hollow Notes,Instrumental,../data/raw/fma_small/103/103523.mp3
103600,Weeklybeats  2014 #12 - xyce xyce Baby,Electronic,../data/raw/fma_small/103/103600.mp3
103800,Game,Hip-Hop,../data/raw/fma_small/103/103800.mp3
103808,Hand Outz (Instrumental),Hip-Hop,../data/raw/fma_small/103/103808.mp3
104008,Days without sun,Folk,../data/raw/fma_small/104/104008.mp3
104009,I am a tree,Folk,../data/raw/fma_small/104/104009.mp3
104010,Winter,Folk,../data/raw/fma_small/104/104010.mp3
104062,Kernel Panic,Rock,../data/raw/fma_small/104/104062.mp3
104063,Shoegazing Ants,Rock,../data/raw/fma_small/104/104063.mp3
104064,Avalanche,Pop,../data/raw/fma_small/104/104064.mp3
104065,Despreocupar,Pop,../data/raw/fma_small/104/104065.mp3
104066,Hoje Aprendi de Verdade,Pop,../data/raw/fma_small/104/104066.mp3
104067,Refazendo,Pop,../data/raw/fma_small/104/104067.mp3
104068,Infinu,Pop,../data/raw/fma_small/104/104068.mp3
104086,The Best VPN So Far,Rock,../data/raw/fma_small/104/104086.mp3
104227,Bom Bom Bom,Rock,../data/raw/fma_small/104/104227.mp3
104276,Ghost-Ride The Unicorn,Electronic,../data/raw/fma_small/104/104276.mp3
104277,Adventures In Godzilladelph,Electronic,../data/raw/fma_small/104/104277.mp3
104278,You Already Know,Electronic,../data/raw/fma_small/104/104278.mp3
104279,The Snake Charma of Fishtown,Electronic,../data/raw/fma_small/104/104279.mp3
104282,Electrogalactic Cunt,Electronic,../data/raw/fma_small/104/104282.mp3
104283,Wanna See My Spaceship,Electronic,../data/raw/fma_small/104/104283.mp3
104284,Strawberry Milkway,Electronic,../data/raw/fma_small/104/104284.mp3
104356,Chillicothe,Folk,../data/raw/fma_small/104/104356.mp3
104357,Softer Place To Fall,Folk,../data/raw/fma_small/104/104357.mp3
104434,Mother War,Experimental,../data/raw/fma_small/104/104434.mp3
104625,no load,Experimental,../data/raw/fma_small/104/104625.mp3
104668,Undone,Rock,../data/raw/fma_small/104/104668.mp3
104724,No Habla Catalan Studio,Experimental,../data/raw/fma_small/104/104724.mp3
104725,Thollem McDonas,Experimental,../data/raw/fma_small/104/104725.mp3
104779,Humus,Pop,../data/raw/fma_small/104/104779.mp3
104780,Your Body Is A Temple,Pop,../data/raw/fma_small/104/104780.mp3
105022,"Crossroads of ""Great Games""",Experimental,../data/raw/fma_small/105/105022.mp3
105119,Lost and Found,Rock,../data/raw/fma_small/105/105119.mp3
105141,Debris,Rock,../data/raw/fma_small/105/105141.mp3
105142,Tabula Rasa,Rock,../data/raw/fma_small/105/105142.mp3
105144,I Sing the Body Electric (remixed by Torsion),Rock,../data/raw/fma_small/105/105144.mp3
105145,Sleepwalkers (remixed by Waste Disposal Machine),Rock,../data/raw/fma_small/105/105145.mp3
105196,Children,Folk,../data/raw/fma_small/105/105196.mp3
105408,Magical Forest,Electronic,../data/raw/fma_small/105/105408.mp3
105411,Dark Matter,Electronic,../data/raw/fma_small/105/105411.mp3
105412,La Vérité,Electronic,../data/raw/fma_small/105/105412.mp3
105413,The Jumblist,Electronic,../data/raw/fma_small/105/105413.mp3
105414,Vulve,Electronic,../data/raw/fma_small/105/105414.mp3
105443,Man Up,Hip-Hop,../data/raw/fma_small/105/105443.mp3
105450,Favorite Addiction (Featuring Joaquin Evans),Hip-Hop,../data/raw/fma_small/105/105450.mp3
105451,Hard Habit,Hip-Hop,../data/raw/fma_small/105/105451.mp3
105662,Intro,Electronic,../data/raw/fma_small/105/105662.mp3
105664,Unity,Electronic,../data/raw/fma_small/105/105664.mp3
105670,Back to a Simpler Time,Electronic,../data/raw/fma_small/105/105670.mp3
105671,Lei#4,Electronic,../data/raw/fma_small/105/105671.mp3
105672,Na Flor da Pele,Electronic,../data/raw/fma_small/105/105672.mp3
105673,Inside Voices,Electronic,../data/raw/fma_small/105/105673.mp3
105674,Outro,Electronic,../data/raw/fma_small/105/105674.mp3
105682,Heaven In Your Mouth,Rock,../data/raw/fma_small/105/105682.mp3
105683,Intro,Hip-Hop,../data/raw/fma_small/105/105683.mp3
105685,Interview with Marty McSorley,Hip-Hop,../data/raw/fma_small/105/105685.mp3
105712,Reel,Folk,../data/raw/fma_small/105/105712.mp3
105713,Ocean,Folk,../data/raw/fma_small/105/105713.mp3
105714,Working On a Building,Folk,../data/raw/fma_small/105/105714.mp3
105715,Neighbors,Folk,../data/raw/fma_small/105/105715.mp3
105716,Beast,Folk,../data/raw/fma_small/105/105716.mp3
105717,Hammer,Folk,../data/raw/fma_small/105/105717.mp3
105718,Wildwood Flower,Folk,../data/raw/fma_small/105/105718.mp3
105719,Amoeba Miasma Void,Experimental,../data/raw/fma_small/105/105719.mp3
105720,Extension,Experimental,../data/raw/fma_small/105/105720.mp3
105722,Speed Thievery,Experimental,../data/raw/fma_small/105/105722.mp3
105824,Lurkers,Hip-Hop,../data/raw/fma_small/105/105824.mp3
105825,Beta,Hip-Hop,../data/raw/fma_small/105/105825.mp3
105826,Foods That Start With Q (Feat. Fat Arm & Shark Dentures),Hip-Hop,../data/raw/fma_small/105/105826.mp3
105827,Watch The Road Bub,Hip-Hop,../data/raw/fma_small/105/105827.mp3
105887,Cairo Blues,Folk,../data/raw/fma_small/105/105887.mp3
105890,Photographer Friend,Folk,../data/raw/fma_small/105/105890.mp3
105912,Searches,Rock,../data/raw/fma_small/105/105912.mp3
105914,Cold Steel,Folk,../data/raw/fma_small/105/105914.mp3
105915,Deadman's Rag,Folk,../data/raw/fma_small/105/105915.mp3
105916,Raga,Folk,../data/raw/fma_small/105/105916.mp3
105917,Hoppin' On A Leg,Folk,../data/raw/fma_small/105/105917.mp3
105918,A Long Walk,Folk,../data/raw/fma_small/105/105918.mp3
105919,Ticonderoga,Folk,../data/raw/fma_small/105/105919.mp3
105920,North Wind Blowing,Folk,../data/raw/fma_small/105/105920.mp3
106274,South Pacific Pt. II,Rock,../data/raw/fma_small/106/106274.mp3
106277,A Birthday Party,Rock,../data/raw/fma_small/106/106277.mp3
106339,Marmalade,Folk,../data/raw/fma_small/106/106339.mp3
106342,Holiday,Folk,../data/raw/fma_small/106/106342.mp3
106343,Melting Grid,Folk,../data/raw/fma_small/106/106343.mp3
106456,freedom,Folk,../data/raw/fma_small/106/106456.mp3
106457,l arrivee,Folk,../data/raw/fma_small/106/106457.mp3
106458,surprise,Folk,../data/raw/fma_small/106/106458.mp3
106463,Sorry I am a bad boy,Rock,../data/raw/fma_small/106/106463.mp3
106465,Live,Rock,../data/raw/fma_small/106/106465.mp3
106502,Hanami (花見),Instrumental,../data/raw/fma_small/106/106502.mp3
106522,$ecret terror,Experimental,../data/raw/fma_small/106/106522.mp3
106562,By Request,Rock,../data/raw/fma_small/106/106562.mp3
106563,Nothing On But The Radio,Rock,../data/raw/fma_small/106/106563.mp3
106564,Victoria's Son,Rock,../data/raw/fma_small/106/106564.mp3
106566,Mouse Trap,Rock,../data/raw/fma_small/106/106566.mp3
106567,Tube Top Language,Rock,../data/raw/fma_small/106/106567.mp3
106568,2PM Wake UP Call,Rock,../data/raw/fma_small/106/106568.mp3
106569,Stormy Moods Orchestra,Rock,../data/raw/fma_small/106/106569.mp3
106570,Texas Ostrich Farm,Rock,../data/raw/fma_small/106/106570.mp3
106571,Scubba Adventure,Rock,../data/raw/fma_small/106/106571.mp3
106629,IV,Instrumental,../data/raw/fma_small/106/106629.mp3
106872,Long Road Ahead,Rock,../data/raw/fma_small/106/106872.mp3
106876,Always In The Sky,Rock,../data/raw/fma_small/106/106876.mp3
106877,Windfall,Rock,../data/raw/fma_small/106/106877.mp3
106937,Prairie Kids,Folk,../data/raw/fma_small/106/106937.mp3
106948,Medieval Duck Mollases,Rock,../data/raw/fma_small/106/106948.mp3
106951,Delusion 6,Rock,../data/raw/fma_small/106/106951.mp3
106952,Toad Listen,Rock,../data/raw/fma_small/106/106952.mp3
106953,Black Pyramid,Rock,../data/raw/fma_small/106/106953.mp3
106954,Exhaling Or Breathing In,Rock,../data/raw/fma_small/106/106954.mp3
106955,Contaminate,Rock,../data/raw/fma_small/106/106955.mp3
106956,Suffer The Children,Rock,../data/raw/fma_small/106/106956.mp3
107020,3 POINT,Hip-Hop,../data/raw/fma_small/107/107020.mp3
107021,FASTLANE (avec Kaytranada),Hip-Hop,../data/raw/fma_small/107/107021.mp3
107025,STM LIGNE MAUVE PART 1,Hip-Hop,../data/raw/fma_small/107/107025.mp3
107027,LICORNES,Hip-Hop,../data/raw/fma_small/107/107027.mp3
107028,VIEUX KNOWL (avec Jam),Hip-Hop,../data/raw/fma_small/107/107028.mp3
107029,VARIETTE (avec Jam),Hip-Hop,../data/raw/fma_small/107/107029.mp3
107030,BACKSTAGE,Hip-Hop,../data/raw/fma_small/107/107030.mp3
107031,POUR TOI STIVON,Hip-Hop,../data/raw/fma_small/107/107031.mp3
107046,Blind,Pop,../data/raw/fma_small/107/107046.mp3
107047,Tropik,Pop,../data/raw/fma_small/107/107047.mp3
107048,Mønstah,Pop,../data/raw/fma_small/107/107048.mp3
107049,It is screamy,Pop,../data/raw/fma_small/107/107049.mp3
107050,kredit krunk,Pop,../data/raw/fma_small/107/107050.mp3
107101,Will I See You Again,Rock,../data/raw/fma_small/107/107101.mp3
107125,Red Waters,Electronic,../data/raw/fma_small/107/107125.mp3
107126,Badlands Erode,Electronic,../data/raw/fma_small/107/107126.mp3
107127,Moving Rocks,Electronic,../data/raw/fma_small/107/107127.mp3
107128,8mm Vodka Shots,Electronic,../data/raw/fma_small/107/107128.mp3
107129,"Dusk, and Flaming",Electronic,../data/raw/fma_small/107/107129.mp3
107178,Fittest of the fittest,International,../data/raw/fma_small/107/107178.mp3
107179,Dem a Sin Melodica Cut (ft I-lodica),International,../data/raw/fma_small/107/107179.mp3
107180,I love H.I.M. so Dub,International,../data/raw/fma_small/107/107180.mp3
107181,Catch vampire Dub,International,../data/raw/fma_small/107/107181.mp3
107182,Ises to Jah Saxophone cut (ft Samson Benji),International,../data/raw/fma_small/107/107182.mp3
107183,Children of Israel melodica cut,International,../data/raw/fma_small/107/107183.mp3
107184,Praise unto thee Dub,International,../data/raw/fma_small/107/107184.mp3
107185,Jah name (ft Iyah Ranx),International,../data/raw/fma_small/107/107185.mp3
107186,Let us prais Jahoviah Dub,International,../data/raw/fma_small/107/107186.mp3
107187,Lively up Dub,International,../data/raw/fma_small/107/107187.mp3
107188,Guiding star Dub,International,../data/raw/fma_small/107/107188.mp3
107189,Calling on Jah Dub,International,../data/raw/fma_small/107/107189.mp3
107248,New Sher,International,../data/raw/fma_small/107/107248.mp3
107249,Vodka,International,../data/raw/fma_small/107/107249.mp3
107250,Iber Berg Un Iber Toln,International,../data/raw/fma_small/107/107250.mp3
107251,Dzhankoye,International,../data/raw/fma_small/107/107251.mp3
107256,Robot Gedonist,International,../data/raw/fma_small/107/107256.mp3
107257,Rumenye,International,../data/raw/fma_small/107/107257.mp3
107388,Le kid de la plage,Rock,../data/raw/fma_small/107/107388.mp3
107389,On a qu'à se dire que l'on s'en fout,Rock,../data/raw/fma_small/107/107389.mp3
107390,Le prophète de malheur,Rock,../data/raw/fma_small/107/107390.mp3
107391,Mort! Mort! Mort!,Rock,../data/raw/fma_small/107/107391.mp3
107425,The Spidrman's (nanoloop),Electronic,../data/raw/fma_small/107/107425.mp3
107426,Chunky Worm Stew,Electronic,../data/raw/fma_small/107/107426.mp3
107427,Brutish,Electronic,../data/raw/fma_small/107/107427.mp3
107429,CopperNickle,Electronic,../data/raw/fma_small/107/107429.mp3
107432,The Simple Complex,Electronic,../data/raw/fma_small/107/107432.mp3
107433,Happi,Electronic,../data/raw/fma_small/107/107433.mp3
107434,Bubbling Pots and Troubling Thoughts,Electronic,../data/raw/fma_small/107/107434.mp3
107435,Jangus (inspired by ToeJam and Earl),Electronic,../data/raw/fma_small/107/107435.mp3
107476,Piano Piano,Rock,../data/raw/fma_small/107/107476.mp3
107506,Operation Cast Lead,Rock,../data/raw/fma_small/107/107506.mp3
107531,Rain 1,Instrumental,../data/raw/fma_small/107/107531.mp3
107532,Rain 2,Instrumental,../data/raw/fma_small/107/107532.mp3
107533,The Night The Earth Stood Still,Instrumental,../data/raw/fma_small/107/107533.mp3
107534,Wish I Were Holding Your Hand Right Now,Instrumental,../data/raw/fma_small/107/107534.mp3
107535,Naked Skin,Instrumental,../data/raw/fma_small/107/107535.mp3
107567,Sleepwalkers,Folk,../data/raw/fma_small/107/107567.mp3
107569,Walk In Season,Folk,../data/raw/fma_small/107/107569.mp3
107571,Cello,Folk,../data/raw/fma_small/107/107571.mp3
107574,Blooming and Blushing,Folk,../data/raw/fma_small/107/107574.mp3
107577,Leaving Rooms,Folk,../data/raw/fma_small/107/107577.mp3
107578,Trails,Folk,../data/raw/fma_small/107/107578.mp3
107579,Abiding,Folk,../data/raw/fma_small/107/107579.mp3
107583,Ode to the Draft Horse,Folk,../data/raw/fma_small/107/107583.mp3
107584,Ode to Diving Pelicans,Folk,../data/raw/fma_small/107/107584.mp3
107588,Ode to Diving Pelicans (Reprise),Folk,../data/raw/fma_small/107/107588.mp3
107589,Ode to Humming,Folk,../data/raw/fma_small/107/107589.mp3
107590,Ode to the Woman Who Was Crying in Rob Roy Park,Folk,../data/raw/fma_small/107/107590.mp3
107591,Ode to the Beloved Basement Saints,Folk,../data/raw/fma_small/107/107591.mp3
107592,Prelude,Folk,../data/raw/fma_small/107/107592.mp3
107593,Snacilep Gnivid ot Edo,Folk,../data/raw/fma_small/107/107593.mp3
107594,Useful and Useless,Folk,../data/raw/fma_small/107/107594.mp3
107595,Fields of Phosphene,Folk,../data/raw/fma_small/107/107595.mp3
107596,Armitage,Folk,../data/raw/fma_small/107/107596.mp3
107597,No More Solos,Folk,../data/raw/fma_small/107/107597.mp3
107598,Tuning,Folk,../data/raw/fma_small/107/107598.mp3
107613,Ugly,Electronic,../data/raw/fma_small/107/107613.mp3
107616,I Know His Blood,Electronic,../data/raw/fma_small/107/107616.mp3
107617,La Nina Blanca,Electronic,../data/raw/fma_small/107/107617.mp3
107659,80s Action Movie,Rock,../data/raw/fma_small/107/107659.mp3
107799,Fallen So Far,Rock,../data/raw/fma_small/107/107799.mp3
107804,The Libra Lunologists,Electronic,../data/raw/fma_small/107/107804.mp3
107805,Human,Rock,../data/raw/fma_small/107/107805.mp3
107809,Fortitude,Hip-Hop,../data/raw/fma_small/107/107809.mp3
107810,Birds Don't Sing,Pop,../data/raw/fma_small/107/107810.mp3
107850,"Summers, Past, Pt. II",Hip-Hop,../data/raw/fma_small/107/107850.mp3
107851,Gypsy Cab,Folk,../data/raw/fma_small/107/107851.mp3
107852,Last Addiction,Folk,../data/raw/fma_small/107/107852.mp3
107908,Spirtus...,Electronic,../data/raw/fma_small/107/107908.mp3
107909,The Librettist,Electronic,../data/raw/fma_small/107/107909.mp3
107910,Yves,Electronic,../data/raw/fma_small/107/107910.mp3
107911,"My Mind To Me, My Kingdom Is",Electronic,../data/raw/fma_small/107/107911.mp3
107912,The Dream,Electronic,../data/raw/fma_small/107/107912.mp3
107913,"5am, Wabi Sabi",Electronic,../data/raw/fma_small/107/107913.mp3
107949,Miralo bien,International,../data/raw/fma_small/107/107949.mp3
107950,Seguem arran,International,../data/raw/fma_small/107/107950.mp3
107951,Caliente! Caliente!,International,../data/raw/fma_small/107/107951.mp3
107952,Me importa,International,../data/raw/fma_small/107/107952.mp3
107953,Como el humo,International,../data/raw/fma_small/107/107953.mp3
107954,Vente,International,../data/raw/fma_small/107/107954.mp3
107955,Gira,International,../data/raw/fma_small/107/107955.mp3
107956,Que dius?,International,../data/raw/fma_small/107/107956.mp3
107957,Síguela,International,../data/raw/fma_small/107/107957.mp3
108012,"Tarzan, On the Topic of Your Stepmother...",Folk,../data/raw/fma_small/108/108012.mp3
108014,"Hey, Marie.",Folk,../data/raw/fma_small/108/108014.mp3
108015,a Murden Lullaby.,Folk,../data/raw/fma_small/108/108015.mp3
108016,"Phoenix Jane, or Jeanne Phénix, if You Will.",Folk,../data/raw/fma_small/108/108016.mp3
108017,Sunburn,Instrumental,../data/raw/fma_small/108/108017.mp3
108018,Grey Sunday,Instrumental,../data/raw/fma_small/108/108018.mp3
108019,Flight,Instrumental,../data/raw/fma_small/108/108019.mp3
108020,Memories Again,Instrumental,../data/raw/fma_small/108/108020.mp3
108021,Soulmates,Instrumental,../data/raw/fma_small/108/108021.mp3
108022,I Trusted You,Instrumental,../data/raw/fma_small/108/108022.mp3
108023,Autumn Fields,Instrumental,../data/raw/fma_small/108/108023.mp3
108024,Waiting in the Rain,Instrumental,../data/raw/fma_small/108/108024.mp3
108025,Sunset,Instrumental,../data/raw/fma_small/108/108025.mp3
108026,The Idea of Space,Instrumental,../data/raw/fma_small/108/108026.mp3
108027,I Trusted You (ambient reprise),Instrumental,../data/raw/fma_small/108/108027.mp3
108031,Happy Birthday,Rock,../data/raw/fma_small/108/108031.mp3
108036,Mr. White,Rock,../data/raw/fma_small/108/108036.mp3
108037,Autogenic,Rock,../data/raw/fma_small/108/108037.mp3
108038,Meat,Rock,../data/raw/fma_small/108/108038.mp3
108049,Migration,Experimental,../data/raw/fma_small/108/108049.mp3
108050,Space horror,Experimental,../data/raw/fma_small/108/108050.mp3
108059,An American story,Experimental,../data/raw/fma_small/108/108059.mp3
108060,An album from the future,Experimental,../data/raw/fma_small/108/108060.mp3
108079,Uróboros,Rock,../data/raw/fma_small/108/108079.mp3
108155,Wounded knee 1890,Rock,../data/raw/fma_small/108/108155.mp3
108230,Pahuutta sydän,Electronic,../data/raw/fma_small/108/108230.mp3
108290,What's This Magical,Rock,../data/raw/fma_small/108/108290.mp3
108297,Battles,Rock,../data/raw/fma_small/108/108297.mp3
108298,Kilimanjaro,Rock,../data/raw/fma_small/108/108298.mp3
108299,Intro,Folk,../data/raw/fma_small/108/108299.mp3
108300,Broken Words,Folk,../data/raw/fma_small/108/108300.mp3
108301,My Ship,Folk,../data/raw/fma_small/108/108301.mp3
108302,Lighthouse,Folk,../data/raw/fma_small/108/108302.mp3
108303,In Limbo,Folk,../data/raw/fma_small/108/108303.mp3
108304,If You Tell Me (Who I Am) Feat. Steffe Welton,Folk,../data/raw/fma_small/108/108304.mp3
108305,Time To Go,Folk,../data/raw/fma_small/108/108305.mp3
108306,Frightened Friend,Folk,../data/raw/fma_small/108/108306.mp3
108307,Take Me With You,Folk,../data/raw/fma_small/108/108307.mp3
108308,Outro,Folk,../data/raw/fma_small/108/108308.mp3
108313,What Chills What Thrills,Experimental,../data/raw/fma_small/108/108313.mp3
108314,The Shape of our Galaxy,Experimental,../data/raw/fma_small/108/108314.mp3
108318,Angels for Feldman,Experimental,../data/raw/fma_small/108/108318.mp3
108319,I Ask for Your-Blessing,Experimental,../data/raw/fma_small/108/108319.mp3
108339,Wizard House,Electronic,../data/raw/fma_small/108/108339.mp3
108341,Beast Mode,Electronic,../data/raw/fma_small/108/108341.mp3
108342,Reckless,Electronic,../data/raw/fma_small/108/108342.mp3
108343,Wake The Fuck Up (Azureflux Remix),Electronic,../data/raw/fma_small/108/108343.mp3
108415,AstroTurf,Electronic,../data/raw/fma_small/108/108415.mp3
108416,HomeBaser,Electronic,../data/raw/fma_small/108/108416.mp3
108418,sandwork,Electronic,../data/raw/fma_small/108/108418.mp3
108420,Sillable,Electronic,../data/raw/fma_small/108/108420.mp3
108421,Sunshiner (TWOPLUSFADE mix),Electronic,../data/raw/fma_small/108/108421.mp3
108422,YearBear,Electronic,../data/raw/fma_small/108/108422.mp3
108423,Heavin' On Earth,Electronic,../data/raw/fma_small/108/108423.mp3
108425,Use Me,Pop,../data/raw/fma_small/108/108425.mp3
108426,Giving It Up,Pop,../data/raw/fma_small/108/108426.mp3
108427,Baby Blue,Pop,../data/raw/fma_small/108/108427.mp3
108428,Pouring Down,Pop,../data/raw/fma_small/108/108428.mp3
108429,Take the Ticket,Pop,../data/raw/fma_small/108/108429.mp3
108456,Ahem,Pop,../data/raw/fma_small/108/108456.mp3
108457,Dear Pressure,Pop,../data/raw/fma_small/108/108457.mp3
108459,Don't You See?,Pop,../data/raw/fma_small/108/108459.mp3
108460,The Singularity,Pop,../data/raw/fma_small/108/108460.mp3
108461,Physics Is Our Business,Pop,../data/raw/fma_small/108/108461.mp3
108464,Astronomia,Electronic,../data/raw/fma_small/108/108464.mp3
108471,New Element,Instrumental,../data/raw/fma_small/108/108471.mp3
108472,The Inspiration,Instrumental,../data/raw/fma_small/108/108472.mp3
108473,Sunrise and Sunset,Instrumental,../data/raw/fma_small/108/108473.mp3
108474,Rise Of An Empire,Instrumental,../data/raw/fma_small/108/108474.mp3
108475,"No Hope, No Salvation",Instrumental,../data/raw/fma_small/108/108475.mp3
108476,Lost Planet,Instrumental,../data/raw/fma_small/108/108476.mp3
108477,Watchword,Instrumental,../data/raw/fma_small/108/108477.mp3
108478,We'll All Die,Instrumental,../data/raw/fma_small/108/108478.mp3
108487,About myself (outro),Hip-Hop,../data/raw/fma_small/108/108487.mp3
108488,Intro (ft. Alex East Block),Hip-Hop,../data/raw/fma_small/108/108488.mp3
108489,Schooner,Hip-Hop,../data/raw/fma_small/108/108489.mp3
108490,Everything in you,Hip-Hop,../data/raw/fma_small/108/108490.mp3
108491,Ball,Hip-Hop,../data/raw/fma_small/108/108491.mp3
108492,43-13,Hip-Hop,../data/raw/fma_small/108/108492.mp3
108493,Ladder (ft. DanBrown),Hip-Hop,../data/raw/fma_small/108/108493.mp3
108494,Life (ft. Marina Zakharchenko),Hip-Hop,../data/raw/fma_small/108/108494.mp3
108495,Toys (ft. DanBrown),Hip-Hop,../data/raw/fma_small/108/108495.mp3
108496,Pegasus,Hip-Hop,../data/raw/fma_small/108/108496.mp3
108497,Clock,Hip-Hop,../data/raw/fma_small/108/108497.mp3
108498,Coin (ft. Alex East Block),Hip-Hop,../data/raw/fma_small/108/108498.mp3
108499,Vulgar song,Hip-Hop,../data/raw/fma_small/108/108499.mp3
108500,I'd better (ft. Sunniq & Alex East Block),Hip-Hop,../data/raw/fma_small/108/108500.mp3
108501,Dozen,Hip-Hop,../data/raw/fma_small/108/108501.mp3
108502,Slender Man,Rock,../data/raw/fma_small/108/108502.mp3
108503,Electric Chair Blues,Rock,../data/raw/fma_small/108/108503.mp3
108504,Lewy,Rock,../data/raw/fma_small/108/108504.mp3
108505,Prawy,Rock,../data/raw/fma_small/108/108505.mp3
108524,Get Ready,Electronic,../data/raw/fma_small/108/108524.mp3
108525,Quest,Electronic,../data/raw/fma_small/108/108525.mp3
108526,Brain Tracker,Electronic,../data/raw/fma_small/108/108526.mp3
108527,Late Night In The Park,Electronic,../data/raw/fma_small/108/108527.mp3
108528,Funk Therapy,Electronic,../data/raw/fma_small/108/108528.mp3
108529,Firecracker,Electronic,../data/raw/fma_small/108/108529.mp3
108530,Skatter,Electronic,../data/raw/fma_small/108/108530.mp3
108531,Robot Builder,Electronic,../data/raw/fma_small/108/108531.mp3
108532,Open Box,Electronic,../data/raw/fma_small/108/108532.mp3
108533,The Prowler,Electronic,../data/raw/fma_small/108/108533.mp3
108745,Sad Ass Song,Hip-Hop,../data/raw/fma_small/108/108745.mp3
108774,Bloc Party (Instrumental),Hip-Hop,../data/raw/fma_small/108/108774.mp3
108799,ABCs,Hip-Hop,../data/raw/fma_small/108/108799.mp3
108808,The Trap,Hip-Hop,../data/raw/fma_small/108/108808.mp3
108809,The Zombies (Featuring T-Pick),Hip-Hop,../data/raw/fma_small/108/108809.mp3
108812,Wake Up,Hip-Hop,../data/raw/fma_small/108/108812.mp3
108836,Bollywood Funky Horror Music (Main Mix),Hip-Hop,../data/raw/fma_small/108/108836.mp3
108837,Slapped In The Old Country 3,Hip-Hop,../data/raw/fma_small/108/108837.mp3
108838,On Harry Love Drums,Hip-Hop,../data/raw/fma_small/108/108838.mp3
108839,Lemon (SO7 Edit),Hip-Hop,../data/raw/fma_small/108/108839.mp3
108840,Faraway (4 Mike & Annie),Hip-Hop,../data/raw/fma_small/108/108840.mp3
108841,Head Cold,Hip-Hop,../data/raw/fma_small/108/108841.mp3
108842,Subterranean Homesick Blues,Hip-Hop,../data/raw/fma_small/108/108842.mp3
108843,Doin Nothin (Deja Vu),Hip-Hop,../data/raw/fma_small/108/108843.mp3
108845,ReIntroduction,Hip-Hop,../data/raw/fma_small/108/108845.mp3
108846,Story (Telling),Hip-Hop,../data/raw/fma_small/108/108846.mp3
108847,Renaissance Era,Hip-Hop,../data/raw/fma_small/108/108847.mp3
108863,"Trendafilcheto, Karamfilcheto",International,../data/raw/fma_small/108/108863.mp3
108864,Sadila Jana,International,../data/raw/fma_small/108/108864.mp3
108865,Mori Dobro Vecher,International,../data/raw/fma_small/108/108865.mp3
108866,Ibish Aga,International,../data/raw/fma_small/108/108866.mp3
108867,Malka Moma Dvora Mela,International,../data/raw/fma_small/108/108867.mp3
108868,Snoshti Sum Libe,International,../data/raw/fma_small/108/108868.mp3
108878,This is based upon a true story,Instrumental,../data/raw/fma_small/108/108878.mp3
108879,Jail,Instrumental,../data/raw/fma_small/108/108879.mp3
108880,Piano song,Instrumental,../data/raw/fma_small/108/108880.mp3
108881,Dieter Rams,Instrumental,../data/raw/fma_small/108/108881.mp3
108882,Psycho,Instrumental,../data/raw/fma_small/108/108882.mp3
108883,Gentle Man,Instrumental,../data/raw/fma_small/108/108883.mp3
108884,Plantopia,Instrumental,../data/raw/fma_small/108/108884.mp3
108885,The Rolling Hills of England,Instrumental,../data/raw/fma_small/108/108885.mp3
108906,Did you know? (Curiouser and curiouser),Instrumental,../data/raw/fma_small/108/108906.mp3
108925,Epic Adventure,Rock,../data/raw/fma_small/108/108925.mp3
108957,Travels,Rock,../data/raw/fma_small/108/108957.mp3
108961,Mr. Person,Rock,../data/raw/fma_small/108/108961.mp3
108962,Unquietness,Rock,../data/raw/fma_small/108/108962.mp3
108967,Cast Away,Rock,../data/raw/fma_small/108/108967.mp3
108968,Double Life,Rock,../data/raw/fma_small/108/108968.mp3
108969,Eyes Laureen,Rock,../data/raw/fma_small/108/108969.mp3
108970,Universal Brain,Rock,../data/raw/fma_small/108/108970.mp3
108992,Loss Of Sensation,Rock,../data/raw/fma_small/108/108992.mp3
109068,Hip Bee,Experimental,../data/raw/fma_small/109/109068.mp3
109071,Barrel of Laughs,Experimental,../data/raw/fma_small/109/109071.mp3
109072,Constipation Boogie,Experimental,../data/raw/fma_small/109/109072.mp3
109106,100%/punk paradox,Experimental,../data/raw/fma_small/109/109106.mp3
109144,neziba,Experimental,../data/raw/fma_small/109/109144.mp3
109189,Solvet Cosmos In Favilla,Instrumental,../data/raw/fma_small/109/109189.mp3
109191,Erebus,Instrumental,../data/raw/fma_small/109/109191.mp3
109203,C'est la vie,Rock,../data/raw/fma_small/109/109203.mp3
109235,Sha Na,Rock,../data/raw/fma_small/109/109235.mp3
109276,Holopgraphic Riddance,Experimental,../data/raw/fma_small/109/109276.mp3
109349,Pride,Rock,../data/raw/fma_small/109/109349.mp3
109350,Lost Holiday,Rock,../data/raw/fma_small/109/109350.mp3
109355,Beautiful Day,Rock,../data/raw/fma_small/109/109355.mp3
109356,Tragic Magic,Rock,../data/raw/fma_small/109/109356.mp3
109357,Dumb,Rock,../data/raw/fma_small/109/109357.mp3
109445,Tonight We Will Rise,Folk,../data/raw/fma_small/109/109445.mp3
109446,Weary Blues,Folk,../data/raw/fma_small/109/109446.mp3
109447,Smoke In The Cupboard,Folk,../data/raw/fma_small/109/109447.mp3
109448,Brick Song,Folk,../data/raw/fma_small/109/109448.mp3
109449,Big Engine,Folk,../data/raw/fma_small/109/109449.mp3
109450,Wolf Song,Folk,../data/raw/fma_small/109/109450.mp3
109468,Ordinary Girl,Rock,../data/raw/fma_small/109/109468.mp3
109480,Ghost,Folk,../data/raw/fma_small/109/109480.mp3
109481,Sick Joke,Rock,../data/raw/fma_small/109/109481.mp3
109497,Police Bastard,Rock,../data/raw/fma_small/109/109497.mp3
109535,HyperSpaceAdventure,Electronic,../data/raw/fma_small/109/109535.mp3
109537,Planet Cruizer,Electronic,../data/raw/fma_small/109/109537.mp3
109538,NTD11,Electronic,../data/raw/fma_small/109/109538.mp3
109542,Air Born,Electronic,../data/raw/fma_small/109/109542.mp3
109543,Fallen Astronaut,Electronic,../data/raw/fma_small/109/109543.mp3
109548,alittlebitofjazz,Experimental,../data/raw/fma_small/109/109548.mp3
109670,Peaceful Garden,Hip-Hop,../data/raw/fma_small/109/109670.mp3
109681,My Place,Hip-Hop,../data/raw/fma_small/109/109681.mp3
109684,"Big, Bad, And Heavy (Intro)",Hip-Hop,../data/raw/fma_small/109/109684.mp3
109685,Hold It Down (Featuring Trus Real),Hip-Hop,../data/raw/fma_small/109/109685.mp3
109686,What's It All For,Hip-Hop,../data/raw/fma_small/109/109686.mp3
109687,Propaganda,Hip-Hop,../data/raw/fma_small/109/109687.mp3
109711,Soundscape 234,Experimental,../data/raw/fma_small/109/109711.mp3
109712,Symmetrical,Experimental,../data/raw/fma_small/109/109712.mp3
109896,What Strange Love,Folk,../data/raw/fma_small/109/109896.mp3
109900,London,Folk,../data/raw/fma_small/109/109900.mp3
109901,Dreaming New York City in the Middle of LA,Folk,../data/raw/fma_small/109/109901.mp3
109902,Arise,Folk,../data/raw/fma_small/109/109902.mp3
109903,My Hope,Folk,../data/raw/fma_small/109/109903.mp3
109904,All To Become Somebody,Folk,../data/raw/fma_small/109/109904.mp3
109905,Sitting In a Garden of My Own,Folk,../data/raw/fma_small/109/109905.mp3
109906,Hummingbird,Folk,../data/raw/fma_small/109/109906.mp3
109925,Blacklisted,Electronic,../data/raw/fma_small/109/109925.mp3
109957,"shanti devi golden child, bluhd",Pop,../data/raw/fma_small/109/109957.mp3
109958,"au retarde , ferox",Pop,../data/raw/fma_small/109/109958.mp3
109960,30,Pop,../data/raw/fma_small/109/109960.mp3
109962,Forever Yung,Pop,../data/raw/fma_small/109/109962.mp3
109963,P.O.T.P.,Pop,../data/raw/fma_small/109/109963.mp3
109971,Kind Stranger,Pop,../data/raw/fma_small/109/109971.mp3
109972,X,Pop,../data/raw/fma_small/109/109972.mp3
109973,Athanatos,Pop,../data/raw/fma_small/109/109973.mp3
109974,Plastination,Pop,../data/raw/fma_small/109/109974.mp3
109975,City Silk,Pop,../data/raw/fma_small/109/109975.mp3
109976,1/1/2013,Pop,../data/raw/fma_small/109/109976.mp3
109977,Two Horrible People,Pop,../data/raw/fma_small/109/109977.mp3
109978,Deeply Personal,Pop,../data/raw/fma_small/109/109978.mp3
110070,Road Warriors,Hip-Hop,../data/raw/fma_small/110/110070.mp3
110082,The GetBack,Hip-Hop,../data/raw/fma_small/110/110082.mp3
110084,The GetUp,Hip-Hop,../data/raw/fma_small/110/110084.mp3
110085,Bigger Than You,Hip-Hop,../data/raw/fma_small/110/110085.mp3
110086,Think (About It),Hip-Hop,../data/raw/fma_small/110/110086.mp3
110102,Final Sector,Electronic,../data/raw/fma_small/110/110102.mp3
110103,Popcorn Blast,Electronic,../data/raw/fma_small/110/110103.mp3
110104,Superbyte,Electronic,../data/raw/fma_small/110/110104.mp3
110105,Eat My Chips,Electronic,../data/raw/fma_small/110/110105.mp3
110106,Expedition,Electronic,../data/raw/fma_small/110/110106.mp3
110107,Catnip,Electronic,../data/raw/fma_small/110/110107.mp3
110108,Rainbow Ride,Electronic,../data/raw/fma_small/110/110108.mp3
110109,World 10 (Azureflux Remix),Electronic,../data/raw/fma_small/110/110109.mp3
110110,Journey (Azureflux Remix),Electronic,../data/raw/fma_small/110/110110.mp3
110111,Summer Wars (Azureflux Remix),Electronic,../data/raw/fma_small/110/110111.mp3
110166,Sixteen,Rock,../data/raw/fma_small/110/110166.mp3
110167,I Wish I Was Lonely,Rock,../data/raw/fma_small/110/110167.mp3
110171,Painting With Sound,Folk,../data/raw/fma_small/110/110171.mp3
110172,Blues For Big Red,Folk,../data/raw/fma_small/110/110172.mp3
110204,La tapa del domingo,Experimental,../data/raw/fma_small/110/110204.mp3
110205,La tapa del jueves,Experimental,../data/raw/fma_small/110/110205.mp3
110206,La tapa del lunes,Experimental,../data/raw/fma_small/110/110206.mp3
110207,La tapa del miércoles,Experimental,../data/raw/fma_small/110/110207.mp3
110208,La tapa del sábado,Experimental,../data/raw/fma_small/110/110208.mp3
110209,La tapa del viernes,Experimental,../data/raw/fma_small/110/110209.mp3
110230,First Ordeal,Experimental,../data/raw/fma_small/110/110230.mp3
110259,In Tune (J. Glaze Remix),Hip-Hop,../data/raw/fma_small/110/110259.mp3
110260,I Insist (J. Glaze Remix),Hip-Hop,../data/raw/fma_small/110/110260.mp3
110261,Mad Humans (J. Glaze Remix),Hip-Hop,../data/raw/fma_small/110/110261.mp3
110262,Big Plans (J. Glaze Remix),Hip-Hop,../data/raw/fma_small/110/110262.mp3
110263,Owl Time (J. Glaze and Udachi Remix),Hip-Hop,../data/raw/fma_small/110/110263.mp3
110264,Catch Me (J. Glaze Remix),Hip-Hop,../data/raw/fma_small/110/110264.mp3
110265,Fact Is Remix (J. Glaze and Udachi Remix),Hip-Hop,../data/raw/fma_small/110/110265.mp3
110266,Hasta Abajo Remix (J. Glaze and Mike Cash Remix),Hip-Hop,../data/raw/fma_small/110/110266.mp3
110267,In The Night - Game of Thrones Remake (J. Glaze Remix),Hip-Hop,../data/raw/fma_small/110/110267.mp3
110274,black hole mystery,Experimental,../data/raw/fma_small/110/110274.mp3
110384,Train Coming In,Folk,../data/raw/fma_small/110/110384.mp3
110410,Against The Gates,Rock,../data/raw/fma_small/110/110410.mp3
110417,The Great Show,Rock,../data/raw/fma_small/110/110417.mp3
110436,A Stranger's Map Of Texas,Folk,../data/raw/fma_small/110/110436.mp3
110437,Cado Lake,Folk,../data/raw/fma_small/110/110437.mp3
110438,Just Another Story,Folk,../data/raw/fma_small/110/110438.mp3
110439,Back In Fishtown,Folk,../data/raw/fma_small/110/110439.mp3
110440,Fahey's Flag,Folk,../data/raw/fma_small/110/110440.mp3
110441,Ponchatoula,Folk,../data/raw/fma_small/110/110441.mp3
110447,Feeling,International,../data/raw/fma_small/110/110447.mp3
110448,Demmadont,International,../data/raw/fma_small/110/110448.mp3
110449,Why wasting,International,../data/raw/fma_small/110/110449.mp3
110450,Warrior,International,../data/raw/fma_small/110/110450.mp3
110451,Linton,International,../data/raw/fma_small/110/110451.mp3
110452,Dubadont (chalart58 remix),International,../data/raw/fma_small/110/110452.mp3
110546,Two Maps And A Live Shot,Rock,../data/raw/fma_small/110/110546.mp3
110610,Power ON,Experimental,../data/raw/fma_small/110/110610.mp3
110611,Happy Birthday To You,Experimental,../data/raw/fma_small/110/110611.mp3
110623,Albertine,Experimental,../data/raw/fma_small/110/110623.mp3
110629,"Red, Like a Lock of Her Hair",Experimental,../data/raw/fma_small/110/110629.mp3
110630,Worried Notes,Experimental,../data/raw/fma_small/110/110630.mp3
110634,No Pilot,Rock,../data/raw/fma_small/110/110634.mp3
110636,It's Not Blood It's Gamelan,Rock,../data/raw/fma_small/110/110636.mp3
110637,Variations on a Reinterpretation of Lord Śiva,Rock,../data/raw/fma_small/110/110637.mp3
110647,Partisian Song,Instrumental,../data/raw/fma_small/110/110647.mp3
110648,Nanos' Waltz,Instrumental,../data/raw/fma_small/110/110648.mp3
110649,Animal Farm Tango,Instrumental,../data/raw/fma_small/110/110649.mp3
110650,Punkinhead Ahoy!,Instrumental,../data/raw/fma_small/110/110650.mp3
110651,Stucazz?!!,Instrumental,../data/raw/fma_small/110/110651.mp3
110652,Verse IX,Instrumental,../data/raw/fma_small/110/110652.mp3
110653,Il Sogno Del Fienile,Instrumental,../data/raw/fma_small/110/110653.mp3
110654,Skinny Cat,Instrumental,../data/raw/fma_small/110/110654.mp3
110681,Suspiciously Unhealing Tools,Experimental,../data/raw/fma_small/110/110681.mp3
110684,Fragile Jaws,Experimental,../data/raw/fma_small/110/110684.mp3
110687,Soaring Together,Electronic,../data/raw/fma_small/110/110687.mp3
110688,The Beating Sun,Electronic,../data/raw/fma_small/110/110688.mp3
110689,Gli Spiriti,Electronic,../data/raw/fma_small/110/110689.mp3
110690,Spirit of the Valley (feat. M-PeX),Electronic,../data/raw/fma_small/110/110690.mp3
110691,The Waning Moon,Electronic,../data/raw/fma_small/110/110691.mp3
110711,Fumi Distanti,Experimental,../data/raw/fma_small/110/110711.mp3
110735,Bloc Party 2 (Instrumental),Hip-Hop,../data/raw/fma_small/110/110735.mp3
110736,"Bloc Party 2 (Accapella) (Featuring CM aka Creative, C-Doc, The Honorable Sleaze, L-Mega & Pot-C)",Hip-Hop,../data/raw/fma_small/110/110736.mp3
110743,Textbook,Hip-Hop,../data/raw/fma_small/110/110743.mp3
110744,Textbook Response,Hip-Hop,../data/raw/fma_small/110/110744.mp3
110756,Mediaocrity,Hip-Hop,../data/raw/fma_small/110/110756.mp3
110764,Strictly Hiphop (Undertheunderground Mixx),Hip-Hop,../data/raw/fma_small/110/110764.mp3
110765,Hellidays (b/w Christmas in Hollis),Hip-Hop,../data/raw/fma_small/110/110765.mp3
110768,Strictly Hiphop (A Tribute to Rick James) LIVE,Hip-Hop,../data/raw/fma_small/110/110768.mp3
110771,For More Years (Instrumental),Hip-Hop,../data/raw/fma_small/110/110771.mp3
110772,Circle of Lies (Instrumental),Hip-Hop,../data/raw/fma_small/110/110772.mp3
110774,RSVP (Part 2),Hip-Hop,../data/raw/fma_small/110/110774.mp3
110775,Volume (Video Edit),Hip-Hop,../data/raw/fma_small/110/110775.mp3
110776,1Nation (One Fam) (MMC Remix),Hip-Hop,../data/raw/fma_small/110/110776.mp3
110777,Volume (Mad Apples Remix),Hip-Hop,../data/raw/fma_small/110/110777.mp3
110778,Circle of Lies (Mad Apples Remix),Hip-Hop,../data/raw/fma_small/110/110778.mp3
110779,Volume (Original Demo Instrumental),Hip-Hop,../data/raw/fma_small/110/110779.mp3
110923,Carnival Song,Folk,../data/raw/fma_small/110/110923.mp3
110927,Anchors,Folk,../data/raw/fma_small/110/110927.mp3
110928,Alice,Folk,../data/raw/fma_small/110/110928.mp3
110980,Time Forward,Rock,../data/raw/fma_small/110/110980.mp3
110982,This Game Has No Name,Rock,../data/raw/fma_small/110/110982.mp3
110983,Morning Glory,Rock,../data/raw/fma_small/110/110983.mp3
110985,Cheliuskin,Rock,../data/raw/fma_small/110/110985.mp3
111015,All is Lost is Found,Instrumental,../data/raw/fma_small/111/111015.mp3
111146,Prelude 1,Instrumental,../data/raw/fma_small/111/111146.mp3
111147,Dance 1-4,Instrumental,../data/raw/fma_small/111/111147.mp3
111148,Prelude 3,Instrumental,../data/raw/fma_small/111/111148.mp3
111149,Aqua 2,Instrumental,../data/raw/fma_small/111/111149.mp3
111150,Treppe 4,Instrumental,../data/raw/fma_small/111/111150.mp3
111151,Prelude 2,Instrumental,../data/raw/fma_small/111/111151.mp3
111153,Aqua 1,Instrumental,../data/raw/fma_small/111/111153.mp3
111154,Treppe 3,Instrumental,../data/raw/fma_small/111/111154.mp3
111182,The Light Resides,Folk,../data/raw/fma_small/111/111182.mp3
111186,Paradise,Folk,../data/raw/fma_small/111/111186.mp3
111187,Oaks,Folk,../data/raw/fma_small/111/111187.mp3
111188,Moved By Joy,Folk,../data/raw/fma_small/111/111188.mp3
111216,Un quintero normal,Experimental,../data/raw/fma_small/111/111216.mp3
111220,Traveller Theme,Instrumental,../data/raw/fma_small/111/111220.mp3
111221,Running From An Evil Force,Instrumental,../data/raw/fma_small/111/111221.mp3
111222,Spooky Theme,Instrumental,../data/raw/fma_small/111/111222.mp3
111223,Stalker Theme,Instrumental,../data/raw/fma_small/111/111223.mp3
111224,Calm Before The Storm,Instrumental,../data/raw/fma_small/111/111224.mp3
111225,Zombie Theme,Instrumental,../data/raw/fma_small/111/111225.mp3
111226,Alien Mayor Theme,Instrumental,../data/raw/fma_small/111/111226.mp3
111227,Space Traveller Theme,Instrumental,../data/raw/fma_small/111/111227.mp3
111228,Detective Theme,Instrumental,../data/raw/fma_small/111/111228.mp3
111229,Searching Streets,Instrumental,../data/raw/fma_small/111/111229.mp3
111230,Vortex Theme,Instrumental,../data/raw/fma_small/111/111230.mp3
111306,Where Is My Jaw?,Rock,../data/raw/fma_small/111/111306.mp3
111311,+4294 69 -1427,Rock,../data/raw/fma_small/111/111311.mp3
111335,springtide,Rock,../data/raw/fma_small/111/111335.mp3
111367,Anger Lavanda,Pop,../data/raw/fma_small/111/111367.mp3
111368,Chinese Sister,Pop,../data/raw/fma_small/111/111368.mp3
111371,Did You Miss Me,Pop,../data/raw/fma_small/111/111371.mp3
111372,Disco,Pop,../data/raw/fma_small/111/111372.mp3
111375,Fire,Pop,../data/raw/fma_small/111/111375.mp3
111376,Gold,Pop,../data/raw/fma_small/111/111376.mp3
111377,I Want to Reach the Stars With You,Pop,../data/raw/fma_small/111/111377.mp3
111378,Keep Walking Away,Pop,../data/raw/fma_small/111/111378.mp3
111379,Killing Me With Your Love,Pop,../data/raw/fma_small/111/111379.mp3
111382,Love Will Keep Us Rocking,Pop,../data/raw/fma_small/111/111382.mp3
111385,Modest Valhala,Pop,../data/raw/fma_small/111/111385.mp3
111386,Monsterina,Pop,../data/raw/fma_small/111/111386.mp3
111387,Negotiable Start,Pop,../data/raw/fma_small/111/111387.mp3
111388,No Knights In Armour,Pop,../data/raw/fma_small/111/111388.mp3
111389,One Day,Pop,../data/raw/fma_small/111/111389.mp3
111390,Partners,Pop,../data/raw/fma_small/111/111390.mp3
111391,Ramirez,Pop,../data/raw/fma_small/111/111391.mp3
111392,Sumatran Tiger,Pop,../data/raw/fma_small/111/111392.mp3
111393,Sweet Punx,Pop,../data/raw/fma_small/111/111393.mp3
111394,"Thank You, Mr. Spot",Pop,../data/raw/fma_small/111/111394.mp3
111395,The Beast Is A Computer In Luxemburg,Pop,../data/raw/fma_small/111/111395.mp3
111396,The Cop,Pop,../data/raw/fma_small/111/111396.mp3
111397,Think I Fall In Love,Pop,../data/raw/fma_small/111/111397.mp3
111398,TX12NO1,Pop,../data/raw/fma_small/111/111398.mp3
111399,Unaware,Pop,../data/raw/fma_small/111/111399.mp3
111400,Vegas,Pop,../data/raw/fma_small/111/111400.mp3
111401,We Wanna Change The World,Pop,../data/raw/fma_small/111/111401.mp3
111402,Yvelines,Pop,../data/raw/fma_small/111/111402.mp3
111413,Jungle Simple,Electronic,../data/raw/fma_small/111/111413.mp3
111416,Zoeloe,Electronic,../data/raw/fma_small/111/111416.mp3
111460,Jaguar Witch,Experimental,../data/raw/fma_small/111/111460.mp3
111579,ready for the tomatoes,Experimental,../data/raw/fma_small/111/111579.mp3
111658,awake,Rock,../data/raw/fma_small/111/111658.mp3
111747,We Might Be Dead By Tomorrow,Rock,../data/raw/fma_small/111/111747.mp3
111793,hobhor,Instrumental,../data/raw/fma_small/111/111793.mp3
111819,Ad Astra,Electronic,../data/raw/fma_small/111/111819.mp3
111871,Taint,Instrumental,../data/raw/fma_small/111/111871.mp3
111872,"Between / Associated (live in Cogitatur Theatre, Katowice, 23.03.2002)",Instrumental,../data/raw/fma_small/111/111872.mp3
111873,Sin By Sin (severe illusions - MOAN remix),Instrumental,../data/raw/fma_small/111/111873.mp3
111911,"Darling, Applaud",Rock,../data/raw/fma_small/111/111911.mp3
111933,P25,Electronic,../data/raw/fma_small/111/111933.mp3
111934,A Thing or Two,Hip-Hop,../data/raw/fma_small/111/111934.mp3
111935,Hustle Legit,Hip-Hop,../data/raw/fma_small/111/111935.mp3
111936,Like it or Not,Hip-Hop,../data/raw/fma_small/111/111936.mp3
111937,Remain Resolute,Hip-Hop,../data/raw/fma_small/111/111937.mp3
111938,Not Without a Fight,Hip-Hop,../data/raw/fma_small/111/111938.mp3
111974,Earthquake,Rock,../data/raw/fma_small/111/111974.mp3
111982,Eat Your Heart Out,Rock,../data/raw/fma_small/111/111982.mp3
111994,Aego,Instrumental,../data/raw/fma_small/111/111994.mp3
112000,Green,Instrumental,../data/raw/fma_small/112/112000.mp3
112001,Blue,Instrumental,../data/raw/fma_small/112/112001.mp3
112020,Cherry Trees,Rock,../data/raw/fma_small/112/112020.mp3
112065,She,Rock,../data/raw/fma_small/112/112065.mp3
112066,Lullaby,Rock,../data/raw/fma_small/112/112066.mp3
112088,Anxious,Experimental,../data/raw/fma_small/112/112088.mp3
112133,1+i,Experimental,../data/raw/fma_small/112/112133.mp3
112196,A Nice Phat Juicy One,Experimental,../data/raw/fma_small/112/112196.mp3
112197,Fairies at the Bottom of Our Garden,Experimental,../data/raw/fma_small/112/112197.mp3
112198,I Think We'd Better Wire You Up,Experimental,../data/raw/fma_small/112/112198.mp3
112199,Me!,Experimental,../data/raw/fma_small/112/112199.mp3
112209,Flurry,Instrumental,../data/raw/fma_small/112/112209.mp3
112210,Willow,Instrumental,../data/raw/fma_small/112/112210.mp3
112211,Drifts,Instrumental,../data/raw/fma_small/112/112211.mp3
112215,Tried Tree,Experimental,../data/raw/fma_small/112/112215.mp3
112252,Capullo,Folk,../data/raw/fma_small/112/112252.mp3
112314,Chameleon,Rock,../data/raw/fma_small/112/112314.mp3
112315,Digital Lightning,Rock,../data/raw/fma_small/112/112315.mp3
112316,Hassan,Rock,../data/raw/fma_small/112/112316.mp3
112317,Signal/Noise,Rock,../data/raw/fma_small/112/112317.mp3
112318,Sky Guide,Rock,../data/raw/fma_small/112/112318.mp3
112468,Think (About It) (Plead the 5th Dimension Mixx),Hip-Hop,../data/raw/fma_small/112/112468.mp3
112481,Runnin' With The Bulls (Instrumental),Hip-Hop,../data/raw/fma_small/112/112481.mp3
112483,Bigger Than You (Instrumental),Hip-Hop,../data/raw/fma_small/112/112483.mp3
112484,The Breath I Got Left (Instrumental),Hip-Hop,../data/raw/fma_small/112/112484.mp3
112485,Erykah & Jean (Instrumental),Hip-Hop,../data/raw/fma_small/112/112485.mp3
112486,HaveNots Mascot (Instrumental),Hip-Hop,../data/raw/fma_small/112/112486.mp3
112487,Breaker 1-2 (Instrumental),Hip-Hop,../data/raw/fma_small/112/112487.mp3
112488,FreeSpit (Instrumental),Hip-Hop,../data/raw/fma_small/112/112488.mp3
112490,Dockin' around the Christmas tree,Electronic,../data/raw/fma_small/112/112490.mp3
112526,Time bomb,Rock,../data/raw/fma_small/112/112526.mp3
112527,While you're waiting for the revolution,Rock,../data/raw/fma_small/112/112527.mp3
112528,Fix yourself,Rock,../data/raw/fma_small/112/112528.mp3
112529,Remix 1,Rock,../data/raw/fma_small/112/112529.mp3
112583,Snowflakes Falling Down,Experimental,../data/raw/fma_small/112/112583.mp3
112584,Everyone Is Sleeping,Experimental,../data/raw/fma_small/112/112584.mp3
112585,"Happy Christmas, You Guys!",Experimental,../data/raw/fma_small/112/112585.mp3
112586,Leave My Nuts Alone,Experimental,../data/raw/fma_small/112/112586.mp3
112587,Stacks Of Stuff,Experimental,../data/raw/fma_small/112/112587.mp3
112588,"Christmas Time, I Love You",Experimental,../data/raw/fma_small/112/112588.mp3
112668,45,Experimental,../data/raw/fma_small/112/112668.mp3
112733,Forsaken,Rock,../data/raw/fma_small/112/112733.mp3
112734,Summoning,Rock,../data/raw/fma_small/112/112734.mp3
112735,Reign of Incontestable Greatness,Rock,../data/raw/fma_small/112/112735.mp3
112767,wake up punk ass,Electronic,../data/raw/fma_small/112/112767.mp3
112768,w8 4 the dark 4ce!!,Electronic,../data/raw/fma_small/112/112768.mp3
112769,snelle asswiper,Electronic,../data/raw/fma_small/112/112769.mp3
112770,iks rated,Electronic,../data/raw/fma_small/112/112770.mp3
112780,CRISIS WAR,Experimental,../data/raw/fma_small/112/112780.mp3
112781,WAR ON CRISIS,Experimental,../data/raw/fma_small/112/112781.mp3
112785,GLOBAL DEATH MATCH,Experimental,../data/raw/fma_small/112/112785.mp3
112788,BROKEN NEWS,Experimental,../data/raw/fma_small/112/112788.mp3
112789,FACT-FREE INFORMATION,Experimental,../data/raw/fma_small/112/112789.mp3
112790,Counting Sundays,Experimental,../data/raw/fma_small/112/112790.mp3
112821,I% откровение ... ...... .. ..   ...   ...  .. by Kosta T,Experimental,../data/raw/fma_small/112/112821.mp3
112975,All Eventualities,Instrumental,../data/raw/fma_small/112/112975.mp3
112976,Bending The Reed,Instrumental,../data/raw/fma_small/112/112976.mp3
112977,Fudge,Instrumental,../data/raw/fma_small/112/112977.mp3
112978,That Old Harpoon,Instrumental,../data/raw/fma_small/112/112978.mp3
113016,Spanish BEEEYYAAACHHH,Pop,../data/raw/fma_small/113/113016.mp3
113017,Nostalgia,Pop,../data/raw/fma_small/113/113017.mp3
113018,Troubles I've seen,Pop,../data/raw/fma_small/113/113018.mp3
113019,Agora,Pop,../data/raw/fma_small/113/113019.mp3
113020,Polinesia,Pop,../data/raw/fma_small/113/113020.mp3
113021,El Burrito,Pop,../data/raw/fma_small/113/113021.mp3
113022,Let's the kids play,Pop,../data/raw/fma_small/113/113022.mp3
113023,The plot,Pop,../data/raw/fma_small/113/113023.mp3
113024,Soleares&beats,Pop,../data/raw/fma_small/113/113024.mp3
113025,Breeze Funk,Pop,../data/raw/fma_small/113/113025.mp3
113026,Space is my pace,Pop,../data/raw/fma_small/113/113026.mp3
113027,The Queen,Pop,../data/raw/fma_small/113/113027.mp3
113028,Convicted Jazz Drones,Pop,../data/raw/fma_small/113/113028.mp3
113030,Poetikal Refugee ft. Mikey Krumins aka Dyems,Hip-Hop,../data/raw/fma_small/113/113030.mp3
113031,Red Weed ft. DJ Swiss Cheez,Hip-Hop,../data/raw/fma_small/113/113031.mp3
113032,I Told Jesus ft. Sharam Shahbazi,Hip-Hop,../data/raw/fma_small/113/113032.mp3
113033,I Told Jesus ft. Sharam Shahbazi (Asthmatic Astronaut Remix),Hip-Hop,../data/raw/fma_small/113/113033.mp3
113034,The Drop (Asthmatic Astronaut Version),Hip-Hop,../data/raw/fma_small/113/113034.mp3
113035,The Drop (Thomas The Search Engine Version),Hip-Hop,../data/raw/fma_small/113/113035.mp3
113036,The Drop (Gung Who Version),Hip-Hop,../data/raw/fma_small/113/113036.mp3
113037,The Drop (Dalai Dahmer & Brad Manners Version),Hip-Hop,../data/raw/fma_small/113/113037.mp3
113063,Lust,Rock,../data/raw/fma_small/113/113063.mp3
113110,The Tragedy of Loss,Instrumental,../data/raw/fma_small/113/113110.mp3
113164,Il Re del Surf,Rock,../data/raw/fma_small/113/113164.mp3
113165,Un' Ultima Carezza,Rock,../data/raw/fma_small/113/113165.mp3
113166,Nano Riflesso,Rock,../data/raw/fma_small/113/113166.mp3
113167,Life on Earth,Folk,../data/raw/fma_small/113/113167.mp3
113203,"Miss Roth, This Is Your 5 Minute Call",Experimental,../data/raw/fma_small/113/113203.mp3
113259,Povo Que Caís Descalço,International,../data/raw/fma_small/113/113259.mp3
113260,Verde Sonambulo,International,../data/raw/fma_small/113/113260.mp3
113261,Enxugando o Gelo,International,../data/raw/fma_small/113/113261.mp3
113262,Volcán,International,../data/raw/fma_small/113/113262.mp3
113263,Pasadinha,International,../data/raw/fma_small/113/113263.mp3
113264,Sweet Mother,International,../data/raw/fma_small/113/113264.mp3
113265,Why,International,../data/raw/fma_small/113/113265.mp3
113266,YEIZON,International,../data/raw/fma_small/113/113266.mp3
113267,1 A. I (with Danish National Symphony Orchestra),International,../data/raw/fma_small/113/113267.mp3
113268,Saviour,International,../data/raw/fma_small/113/113268.mp3
113269,Demons,International,../data/raw/fma_small/113/113269.mp3
113270,Kofein i CO2,International,../data/raw/fma_small/113/113270.mp3
113271,Takeru Ishikawa & Anji Bee - Favor Tweet,International,../data/raw/fma_small/113/113271.mp3
113272,Planet Shakers (The Paragraph Remix),International,../data/raw/fma_small/113/113272.mp3
113273,Ubogi Poeta,International,../data/raw/fma_small/113/113273.mp3
113274,Dados con el Diablo,International,../data/raw/fma_small/113/113274.mp3
113275,"Find, Fix & Save",International,../data/raw/fma_small/113/113275.mp3
113276,Sweet,International,../data/raw/fma_small/113/113276.mp3
113277,Flowers Tell,International,../data/raw/fma_small/113/113277.mp3
113278,Choice,International,../data/raw/fma_small/113/113278.mp3
113279,Hope for Rebirth,International,../data/raw/fma_small/113/113279.mp3
113280,You Are My Mansion,International,../data/raw/fma_small/113/113280.mp3
113281,Άλλες Ζωές,International,../data/raw/fma_small/113/113281.mp3
113282,Žiletky,International,../data/raw/fma_small/113/113282.mp3
113284,Not Enough,International,../data/raw/fma_small/113/113284.mp3
113294,Super Bestias,Rock,../data/raw/fma_small/113/113294.mp3
113303,Disparales!!! (Post apocalipsis),Rock,../data/raw/fma_small/113/113303.mp3
113304,Dios anda pedo,Rock,../data/raw/fma_small/113/113304.mp3
113305,Dios anda pedo (DJ Edwin Remix),Rock,../data/raw/fma_small/113/113305.mp3
113311,Tarta pop,Rock,../data/raw/fma_small/113/113311.mp3
113334,Tick Blood,Electronic,../data/raw/fma_small/113/113334.mp3
113335,Like a Fish,Electronic,../data/raw/fma_small/113/113335.mp3
113336,Sloth Step,Electronic,../data/raw/fma_small/113/113336.mp3
113342,Paraty,Folk,../data/raw/fma_small/113/113342.mp3
113343,The RisingTide,Folk,../data/raw/fma_small/113/113343.mp3
113344,Wainiha Valley,Folk,../data/raw/fma_small/113/113344.mp3
113357,Hurt,Folk,../data/raw/fma_small/113/113357.mp3
113359,Coucou,Folk,../data/raw/fma_small/113/113359.mp3
113360,My Head Of Curls,Folk,../data/raw/fma_small/113/113360.mp3
113453,Lucky Dip,Electronic,../data/raw/fma_small/113/113453.mp3
113511,Dark Spots,Rock,../data/raw/fma_small/113/113511.mp3
113512,Once the Sky,Rock,../data/raw/fma_small/113/113512.mp3
113513,Distorted Course,Rock,../data/raw/fma_small/113/113513.mp3
113530,Apparitions Under Glass (Alternate Version),Rock,../data/raw/fma_small/113/113530.mp3
113558,La voie lactée,Experimental,../data/raw/fma_small/113/113558.mp3
113564,"Danzad, Danzad, Malditos",Experimental,../data/raw/fma_small/113/113564.mp3
113574,I Never Wanted To Say,Rock,../data/raw/fma_small/113/113574.mp3
113696,Immigrantes #1,International,../data/raw/fma_small/113/113696.mp3
113697,Fuego Fatal #1,International,../data/raw/fma_small/113/113697.mp3
113698,Nada #1,International,../data/raw/fma_small/113/113698.mp3
113699,¿Que? #1,International,../data/raw/fma_small/113/113699.mp3
113700,Horas Habiles #1,International,../data/raw/fma_small/113/113700.mp3
113701,Ocho Octubre #1,International,../data/raw/fma_small/113/113701.mp3
113702,Why Just A Bunch Of Noise?,Experimental,../data/raw/fma_small/113/113702.mp3
113787,Kraken in the harbor of Primston,Instrumental,../data/raw/fma_small/113/113787.mp3
113788,Deeper,Instrumental,../data/raw/fma_small/113/113788.mp3
113789,Krakens eye,Instrumental,../data/raw/fma_small/113/113789.mp3
113790,Obey the Sun,Instrumental,../data/raw/fma_small/113/113790.mp3
113808,Next Life,Pop,../data/raw/fma_small/113/113808.mp3
113809,Lovers Like Neon,Pop,../data/raw/fma_small/113/113809.mp3
113810,Soul Rising,Pop,../data/raw/fma_small/113/113810.mp3
113822,Local News,Rock,../data/raw/fma_small/113/113822.mp3
113932,Unsunny Sundays,Pop,../data/raw/fma_small/113/113932.mp3
113933,The Self-Induced Lap Dance,Pop,../data/raw/fma_small/113/113933.mp3
113934,Skyvory,Pop,../data/raw/fma_small/113/113934.mp3
113935,Kindsein (Reprise),Pop,../data/raw/fma_small/113/113935.mp3
113946,From The Living Room,Folk,../data/raw/fma_small/113/113946.mp3
113949,One Thing,Folk,../data/raw/fma_small/113/113949.mp3
113950,Atavistic,Folk,../data/raw/fma_small/113/113950.mp3
113969,An Unearthly Child,Instrumental,../data/raw/fma_small/113/113969.mp3
113970,Clover,Electronic,../data/raw/fma_small/113/113970.mp3
113971,Dream Blaze,Electronic,../data/raw/fma_small/113/113971.mp3
113972,Your Pulse,Electronic,../data/raw/fma_small/113/113972.mp3
113973,Spontaneous Existence,Electronic,../data/raw/fma_small/113/113973.mp3
114006,Halo Hand,Instrumental,../data/raw/fma_small/114/114006.mp3
114007,DAM,Instrumental,../data/raw/fma_small/114/114007.mp3
114036,Beets,Hip-Hop,../data/raw/fma_small/114/114036.mp3
114037,Late Nights,Hip-Hop,../data/raw/fma_small/114/114037.mp3
114040,Whatever You Want (Feat. Crystal Tokyo),Hip-Hop,../data/raw/fma_small/114/114040.mp3
114041,Mountains (Feat. T),Hip-Hop,../data/raw/fma_small/114/114041.mp3
114042,The Darkest Hour,Hip-Hop,../data/raw/fma_small/114/114042.mp3
114044,Stuck In Dreamland,Hip-Hop,../data/raw/fma_small/114/114044.mp3
114045,Gotta Believe,Hip-Hop,../data/raw/fma_small/114/114045.mp3
114047,Keeping It Real,Hip-Hop,../data/raw/fma_small/114/114047.mp3
114048,Us,Hip-Hop,../data/raw/fma_small/114/114048.mp3
114049,Zaduu (Feat. Crystal Tokyo),Hip-Hop,../data/raw/fma_small/114/114049.mp3
114050,Stay Positive Babe,Hip-Hop,../data/raw/fma_small/114/114050.mp3
114051,The End Of The Show,Hip-Hop,../data/raw/fma_small/114/114051.mp3
114061,New Horizons (Raw Mix),Electronic,../data/raw/fma_small/114/114061.mp3
114062,Union Square (Anthony Seeha Remix),Electronic,../data/raw/fma_small/114/114062.mp3
114063,Transcendence (Decktonic Remix),Electronic,../data/raw/fma_small/114/114063.mp3
114064,Any Time Any Place,Electronic,../data/raw/fma_small/114/114064.mp3
114065,This Love Is Faux Real (Raw Mix),Electronic,../data/raw/fma_small/114/114065.mp3
114066,NEStonic,Electronic,../data/raw/fma_small/114/114066.mp3
114067,Dancing is Permitted,Electronic,../data/raw/fma_small/114/114067.mp3
114069,Deathly Recitation,Instrumental,../data/raw/fma_small/114/114069.mp3
114070,Grand Fell,Instrumental,../data/raw/fma_small/114/114070.mp3
114072,Sweetly,Instrumental,../data/raw/fma_small/114/114072.mp3
114073,The Crossing,Instrumental,../data/raw/fma_small/114/114073.mp3
114074,This Passage,Instrumental,../data/raw/fma_small/114/114074.mp3
114076,Uneasy,Instrumental,../data/raw/fma_small/114/114076.mp3
114077,Winter Theme,Instrumental,../data/raw/fma_small/114/114077.mp3
114198,"From The Outside, Looking In",Rock,../data/raw/fma_small/114/114198.mp3
114199,Living With The Pain,Rock,../data/raw/fma_small/114/114199.mp3
114200,Relapse,Rock,../data/raw/fma_small/114/114200.mp3
114201,Disenchanted,Rock,../data/raw/fma_small/114/114201.mp3
114212,Old Fashioned Lullaby,Instrumental,../data/raw/fma_small/114/114212.mp3
114222,Ukulele Blues,Instrumental,../data/raw/fma_small/114/114222.mp3
114223,Ukulele Rising,Instrumental,../data/raw/fma_small/114/114223.mp3
114231,We Drive 3 Days,Instrumental,../data/raw/fma_small/114/114231.mp3
114232,Waypost,Instrumental,../data/raw/fma_small/114/114232.mp3
114233,Sandstorm,Instrumental,../data/raw/fma_small/114/114233.mp3
114234,Pacing,Instrumental,../data/raw/fma_small/114/114234.mp3
114235,Micro,Instrumental,../data/raw/fma_small/114/114235.mp3
114236,Master,Instrumental,../data/raw/fma_small/114/114236.mp3
114237,Lonely Pub,Instrumental,../data/raw/fma_small/114/114237.mp3
114238,Grand Caravan,Instrumental,../data/raw/fma_small/114/114238.mp3
114239,Horizontal Glow,Instrumental,../data/raw/fma_small/114/114239.mp3
114242,Disco Time,Electronic,../data/raw/fma_small/114/114242.mp3
114245,Lavanda (We Are Not Dj's Nu Disco Remix),Electronic,../data/raw/fma_small/114/114245.mp3
114265,Ruggles (ft epsilon not),Hip-Hop,../data/raw/fma_small/114/114265.mp3
114266,On two hours sleep,Hip-Hop,../data/raw/fma_small/114/114266.mp3
114268,poison ivy yard work,Hip-Hop,../data/raw/fma_small/114/114268.mp3
114272,Travelor _.sinh remix,Hip-Hop,../data/raw/fma_small/114/114272.mp3
114274,Kalaarmari,Hip-Hop,../data/raw/fma_small/114/114274.mp3
114275,eat it with a fork,Hip-Hop,../data/raw/fma_small/114/114275.mp3
114279,Bipolar Bear,Electronic,../data/raw/fma_small/114/114279.mp3
114282,Boss Ass Bits,Electronic,../data/raw/fma_small/114/114282.mp3
114283,Quantum Leaper (feat. Lady Parsec),Electronic,../data/raw/fma_small/114/114283.mp3
114289,Dancing Til Dawn,Electronic,../data/raw/fma_small/114/114289.mp3
114290,Elevation,Electronic,../data/raw/fma_small/114/114290.mp3
114291,In Deep Soul,Electronic,../data/raw/fma_small/114/114291.mp3
114292,Meet Me On The Dancefloor,Electronic,../data/raw/fma_small/114/114292.mp3
114293,Night In Chicago,Electronic,../data/raw/fma_small/114/114293.mp3
114294,Questions Answered,Electronic,../data/raw/fma_small/114/114294.mp3
114295,Smooth Sailing,Electronic,../data/raw/fma_small/114/114295.mp3
114296,"Soul, Funk, & Disco",Electronic,../data/raw/fma_small/114/114296.mp3
114297,Time For The New Jack,Electronic,../data/raw/fma_small/114/114297.mp3
114298,Track Jack Yo Body Now,Electronic,../data/raw/fma_small/114/114298.mp3
114371,Wind,Instrumental,../data/raw/fma_small/114/114371.mp3
114372,Humming,Instrumental,../data/raw/fma_small/114/114372.mp3
114373,Explore,Instrumental,../data/raw/fma_small/114/114373.mp3
114374,Thinking,Instrumental,../data/raw/fma_small/114/114374.mp3
114375,Calmness,Instrumental,../data/raw/fma_small/114/114375.mp3
114384,Back to the Fire,Electronic,../data/raw/fma_small/114/114384.mp3
114385,Black Radiations,Electronic,../data/raw/fma_small/114/114385.mp3
114386,Lost,Electronic,../data/raw/fma_small/114/114386.mp3
114387,Mutter (Instrumental),Electronic,../data/raw/fma_small/114/114387.mp3
114388,Mutter,Electronic,../data/raw/fma_small/114/114388.mp3
114389,Nidra,Electronic,../data/raw/fma_small/114/114389.mp3
114390,Poison,Electronic,../data/raw/fma_small/114/114390.mp3
114391,Psion,Electronic,../data/raw/fma_small/114/114391.mp3
114392,Summon,Electronic,../data/raw/fma_small/114/114392.mp3
114393,Yojimbo,Electronic,../data/raw/fma_small/114/114393.mp3
114395,Reflections Across The Sky,Rock,../data/raw/fma_small/114/114395.mp3
114396,Breathe New Life,Rock,../data/raw/fma_small/114/114396.mp3
114397,Chasing Shadows,Rock,../data/raw/fma_small/114/114397.mp3
114398,Uninvited,Rock,../data/raw/fma_small/114/114398.mp3
114399,Origin l,Rock,../data/raw/fma_small/114/114399.mp3
114400,Origin ll,Rock,../data/raw/fma_small/114/114400.mp3
114401,Wash Away,Rock,../data/raw/fma_small/114/114401.mp3
114402,Remember The Archer,Rock,../data/raw/fma_small/114/114402.mp3
114403,Close To The Distance,Rock,../data/raw/fma_small/114/114403.mp3
114404,Colossal Stillness,Rock,../data/raw/fma_small/114/114404.mp3
114405,Reminiscence,Rock,../data/raw/fma_small/114/114405.mp3
114406,Breathe New Life ll,Rock,../data/raw/fma_small/114/114406.mp3
114408,Feather,Rock,../data/raw/fma_small/114/114408.mp3
114409,Always The Last To Know,Rock,../data/raw/fma_small/114/114409.mp3
114410,Ascension,Rock,../data/raw/fma_small/114/114410.mp3
114411,Levels Of Greatness,Rock,../data/raw/fma_small/114/114411.mp3
114412,October,Rock,../data/raw/fma_small/114/114412.mp3
114413,Signals,Rock,../data/raw/fma_small/114/114413.mp3
114414,We Used To Paint Stars In The Sky,Rock,../data/raw/fma_small/114/114414.mp3
114415,Death Of An Orchid,Rock,../data/raw/fma_small/114/114415.mp3
114416,Beyond Something Beautiful,Rock,../data/raw/fma_small/114/114416.mp3
114430,Warming Days,Rock,../data/raw/fma_small/114/114430.mp3
114532,Diner Gothic - Bottomless,Instrumental,../data/raw/fma_small/114/114532.mp3
114533,Diner Gothic - Closing,Instrumental,../data/raw/fma_small/114/114533.mp3
114534,Diner Gothic - Dasher,Instrumental,../data/raw/fma_small/114/114534.mp3
114535,Diner Gothic - Doubled,Instrumental,../data/raw/fma_small/114/114535.mp3
114536,Diner Gothic - Intercept,Instrumental,../data/raw/fma_small/114/114536.mp3
114538,Liquor Files - Hickory,Instrumental,../data/raw/fma_small/114/114538.mp3
114539,Liquor Files - Limon,Instrumental,../data/raw/fma_small/114/114539.mp3
114541,Liquor Files - Treacle,Instrumental,../data/raw/fma_small/114/114541.mp3
114544,other side of the wave,Electronic,../data/raw/fma_small/114/114544.mp3
114545,shmoove,Electronic,../data/raw/fma_small/114/114545.mp3
114556,keep the money,Electronic,../data/raw/fma_small/114/114556.mp3
114558,delete_me,Electronic,../data/raw/fma_small/114/114558.mp3
114559,space funk systems 199X,Electronic,../data/raw/fma_small/114/114559.mp3
114879,Shto Mi E Milo,International,../data/raw/fma_small/114/114879.mp3
114880,Erghen Deda,International,../data/raw/fma_small/114/114880.mp3
114884,Prexvruxna Pfichlea,International,../data/raw/fma_small/114/114884.mp3
114936,Ikn hob ongehoybn shplin a libe,International,../data/raw/fma_small/114/114936.mp3
114937,Viglid far zikh aleyn,International,../data/raw/fma_small/114/114937.mp3
114938,Vus geyst arim many kind azoy batsornt,International,../data/raw/fma_small/114/114938.mp3
114939,"Oy vey mame, ikh shpil a libe",International,../data/raw/fma_small/114/114939.mp3
114940,Di fishelekh in vaser,International,../data/raw/fma_small/114/114940.mp3
114941,Lullaby - Song of the French Revolution,International,../data/raw/fma_small/114/114941.mp3
114942,Who Will Plant the Seeds of Peace,International,../data/raw/fma_small/114/114942.mp3
114943,Hob ikh mir a mantl,International,../data/raw/fma_small/114/114943.mp3
114974,stormy castles (past),Experimental,../data/raw/fma_small/114/114974.mp3
114976,stormy castles (future),Experimental,../data/raw/fma_small/114/114976.mp3
115002,Squire Tuck - Get on the Funky Train to Groove Town,Instrumental,../data/raw/fma_small/115/115002.mp3
115011,"Squire Tuck - Funk In, Funk Out",Instrumental,../data/raw/fma_small/115/115011.mp3
115125,Time To Climb,Experimental,../data/raw/fma_small/115/115125.mp3
115176,Squire Tuck - Homage to John Carpenter,Instrumental,../data/raw/fma_small/115/115176.mp3
115262,Mace Mace,International,../data/raw/fma_small/115/115262.mp3
115263,Taya Vecher,International,../data/raw/fma_small/115/115263.mp3
115267,Neli Storime,International,../data/raw/fma_small/115/115267.mp3
115268,Salzi Ronya/Snoshti Sum Libe,International,../data/raw/fma_small/115/115268.mp3
115269,Snoshti Ti Dojdovna Gosti,International,../data/raw/fma_small/115/115269.mp3
115271,Čoček of Vranje,International,../data/raw/fma_small/115/115271.mp3
115272,Ilčovice mlada nevesta,International,../data/raw/fma_small/115/115272.mp3
115273,Palma Il,International,../data/raw/fma_small/115/115273.mp3
115288,Squire Tuck - Tongue-Tied & Twisted (for Your Love),Instrumental,../data/raw/fma_small/115/115288.mp3
115289,Squire Tuck - Overjoyed,Instrumental,../data/raw/fma_small/115/115289.mp3
115290,Squire Tuck - Ukulele Rising,Instrumental,../data/raw/fma_small/115/115290.mp3
115292,Squire Tuck - Ukulele Blues,Instrumental,../data/raw/fma_small/115/115292.mp3
115293,Squire Tuck - Rush to the Head,Instrumental,../data/raw/fma_small/115/115293.mp3
115294,Squire Tuck - Old Fashioned Lullaby,Instrumental,../data/raw/fma_small/115/115294.mp3
115321,Desert Castles,Electronic,../data/raw/fma_small/115/115321.mp3
115339,Whiteout,Electronic,../data/raw/fma_small/115/115339.mp3
115391,Yaataaru,Electronic,../data/raw/fma_small/115/115391.mp3
115392,Z,Electronic,../data/raw/fma_small/115/115392.mp3
115470,Farsical - Interlude,Instrumental,../data/raw/fma_small/115/115470.mp3
115471,Farsical - Pieces,Instrumental,../data/raw/fma_small/115/115471.mp3
115472,Farsical - Slow Driver,Instrumental,../data/raw/fma_small/115/115472.mp3
115473,Farsical - The PI Sleeps,Instrumental,../data/raw/fma_small/115/115473.mp3
115474,Farsical - Thematic,Instrumental,../data/raw/fma_small/115/115474.mp3
115475,Farsical - Then a Gambling Problem,Instrumental,../data/raw/fma_small/115/115475.mp3
115591,Coming Down,Experimental,../data/raw/fma_small/115/115591.mp3
115592,RUDA,Experimental,../data/raw/fma_small/115/115592.mp3
115597,ARTEMESIA PONTICA,Experimental,../data/raw/fma_small/115/115597.mp3
115697,Emphase feat. Cansu,Electronic,../data/raw/fma_small/115/115697.mp3
115698,Emphase (Mseq Remix),Electronic,../data/raw/fma_small/115/115698.mp3
115699,Burn it down girl,Electronic,../data/raw/fma_small/115/115699.mp3
115700,Limmatrausch,Electronic,../data/raw/fma_small/115/115700.mp3
115721,Blue Pill,Electronic,../data/raw/fma_small/115/115721.mp3
115722,Sunrise,Electronic,../data/raw/fma_small/115/115722.mp3
115723,Acidamine,Electronic,../data/raw/fma_small/115/115723.mp3
115724,Theme for a Raven,Electronic,../data/raw/fma_small/115/115724.mp3
115735,Rage (feat Vosmoy),Rock,../data/raw/fma_small/115/115735.mp3
115761,Roland Garros 2048,Rock,../data/raw/fma_small/115/115761.mp3
115762,Poincare Conjecture,Rock,../data/raw/fma_small/115/115762.mp3
115764,Hangovered,Rock,../data/raw/fma_small/115/115764.mp3
115765,To Balagopalan Ganapathy,Rock,../data/raw/fma_small/115/115765.mp3
115766,The Call of the Polar Star,Rock,../data/raw/fma_small/115/115766.mp3
115767,The Last Whale,Instrumental,../data/raw/fma_small/115/115767.mp3
115768,Lost Star,Instrumental,../data/raw/fma_small/115/115768.mp3
115769,Moonsea,Instrumental,../data/raw/fma_small/115/115769.mp3
115771,Saying Goodbye In The Rain (piano),Instrumental,../data/raw/fma_small/115/115771.mp3
115772,The Returning,Instrumental,../data/raw/fma_small/115/115772.mp3
115773,Theme For An Unmade Space Film,Instrumental,../data/raw/fma_small/115/115773.mp3
115774,Time Is Picking Away,Instrumental,../data/raw/fma_small/115/115774.mp3
115775,Vapour Trails,Instrumental,../data/raw/fma_small/115/115775.mp3
115811,OST 01 Tutorial,Electronic,../data/raw/fma_small/115/115811.mp3
115812,OST 02 Splash,Electronic,../data/raw/fma_small/115/115812.mp3
115813,OST 03 Ship,Electronic,../data/raw/fma_small/115/115813.mp3
115814,OST 04 Ship under attack,Electronic,../data/raw/fma_small/115/115814.mp3
115815,OST 05 Go Go Go,Electronic,../data/raw/fma_small/115/115815.mp3
115816,OST 06 Go Go Faster Faster,Electronic,../data/raw/fma_small/115/115816.mp3
115817,On Axis,Experimental,../data/raw/fma_small/115/115817.mp3
115849,8am,Experimental,../data/raw/fma_small/115/115849.mp3
115850,11am,Experimental,../data/raw/fma_small/115/115850.mp3
115852,8pm,Experimental,../data/raw/fma_small/115/115852.mp3
115888,Story Four - Fellows,Instrumental,../data/raw/fma_small/115/115888.mp3
115891,Story Four - The Method,Instrumental,../data/raw/fma_small/115/115891.mp3
115892,Story Four - Theme,Instrumental,../data/raw/fma_small/115/115892.mp3
115922,Te quiero,Folk,../data/raw/fma_small/115/115922.mp3
115923,Lacrimosa golondrina,Folk,../data/raw/fma_small/115/115923.mp3
115925,Para Tomás,Folk,../data/raw/fma_small/115/115925.mp3
115926,Brian de Palma,Folk,../data/raw/fma_small/115/115926.mp3
115927,Río,Folk,../data/raw/fma_small/115/115927.mp3
115930,Pony Feelings,Folk,../data/raw/fma_small/115/115930.mp3
115932,Al Revés,Folk,../data/raw/fma_small/115/115932.mp3
115935,You are so apricot,Folk,../data/raw/fma_small/115/115935.mp3
115944,Threnody,Folk,../data/raw/fma_small/115/115944.mp3
115948,Solace,Folk,../data/raw/fma_small/115/115948.mp3
116029,In a Heart of Jade,Electronic,../data/raw/fma_small/116/116029.mp3
116068,Daybreak (feat. Henk),Electronic,../data/raw/fma_small/116/116068.mp3
116098,Stingray - Dangerous Thought,Instrumental,../data/raw/fma_small/116/116098.mp3
116099,Stingray - On the Court,Instrumental,../data/raw/fma_small/116/116099.mp3
116101,Stingray - Theme,Instrumental,../data/raw/fma_small/116/116101.mp3
116116,Commercial Industrial,Experimental,../data/raw/fma_small/116/116116.mp3
116119,Electric Skeleton,Experimental,../data/raw/fma_small/116/116119.mp3
116175,Misty Mountain Rendezvous,Instrumental,../data/raw/fma_small/116/116175.mp3
116176,Add Another Log to the Funeral Pyre,Instrumental,../data/raw/fma_small/116/116176.mp3
116177,A Mexican Love Affair,Instrumental,../data/raw/fma_small/116/116177.mp3
116235,Walpurgis Night,Electronic,../data/raw/fma_small/116/116235.mp3
116236,Deep Window,Electronic,../data/raw/fma_small/116/116236.mp3
116237,Voight-Kampff,Electronic,../data/raw/fma_small/116/116237.mp3
116238,In Between Moments (Motëm's Poser Mix),Electronic,../data/raw/fma_small/116/116238.mp3
116239,Bonus Life,Electronic,../data/raw/fma_small/116/116239.mp3
116240,Rah Rah Rah,Electronic,../data/raw/fma_small/116/116240.mp3
116241,Space Cop,Electronic,../data/raw/fma_small/116/116241.mp3
116242,Cellularr,Electronic,../data/raw/fma_small/116/116242.mp3
116243,South Shore Strut,Electronic,../data/raw/fma_small/116/116243.mp3
116261,000010KSQFT00564-T4,Experimental,../data/raw/fma_small/116/116261.mp3
116344,Bitstrain,Electronic,../data/raw/fma_small/116/116344.mp3
116345,Should've Been a Hidden Track,Electronic,../data/raw/fma_small/116/116345.mp3
116372,Cornstalkers CBC Is a Liar,Experimental,../data/raw/fma_small/116/116372.mp3
116383,The Flight of the Bumblebee (Nikolai Andrejewitsch Rimski-Korsakow),Experimental,../data/raw/fma_small/116/116383.mp3
116388,Electronica 3,Hip-Hop,../data/raw/fma_small/116/116388.mp3
116389,My heart beats to the break,Hip-Hop,../data/raw/fma_small/116/116389.mp3
116390,Jazz soul,Hip-Hop,../data/raw/fma_small/116/116390.mp3
116407,Dub step next left (feat Tom Wilkinson),Hip-Hop,../data/raw/fma_small/116/116407.mp3
116446,Gringo Flamenco,Folk,../data/raw/fma_small/116/116446.mp3
116447,Malaguena (live),Folk,../data/raw/fma_small/116/116447.mp3
116448,L.C.P. (Locomotion Commotion Potion) pre-mastered,Folk,../data/raw/fma_small/116/116448.mp3
116449,Lift (with six string electric cello),Folk,../data/raw/fma_small/116/116449.mp3
116451,December Mourning,Folk,../data/raw/fma_small/116/116451.mp3
116452,The Edge of Night,Folk,../data/raw/fma_small/116/116452.mp3
116453,House of the Rising Sun (live),Folk,../data/raw/fma_small/116/116453.mp3
116454,Tunnels,Folk,../data/raw/fma_small/116/116454.mp3
116455,Montana Skies,Folk,../data/raw/fma_small/116/116455.mp3
116456,Canyon Breeze,Folk,../data/raw/fma_small/116/116456.mp3
116457,Canyon Breeze (live),Folk,../data/raw/fma_small/116/116457.mp3
116458,Gringo Flamenco (live),Folk,../data/raw/fma_small/116/116458.mp3
116464,Tango Anal,Experimental,../data/raw/fma_small/116/116464.mp3
116465,Max Hardcore's Chainsaw Party,Experimental,../data/raw/fma_small/116/116465.mp3
116466,Anders,Instrumental,../data/raw/fma_small/116/116466.mp3
116467,Enders,Instrumental,../data/raw/fma_small/116/116467.mp3
116468,Theme,Instrumental,../data/raw/fma_small/116/116468.mp3
116487,Scraper,Instrumental,../data/raw/fma_small/116/116487.mp3
116488,Slider,Instrumental,../data/raw/fma_small/116/116488.mp3
116489,Tossed,Instrumental,../data/raw/fma_small/116/116489.mp3
116490,Transit,Instrumental,../data/raw/fma_small/116/116490.mp3
116491,Wistful,Instrumental,../data/raw/fma_small/116/116491.mp3
116514,R.A.H.M.A.V.N. [221],Experimental,../data/raw/fma_small/116/116514.mp3
116517,1-player zero-sum game,Experimental,../data/raw/fma_small/116/116517.mp3
116525,ghost cat glitch,Experimental,../data/raw/fma_small/116/116525.mp3
116526,My Magnificent Melancholy Muse,Instrumental,../data/raw/fma_small/116/116526.mp3
116527,Declaration of Love,Instrumental,../data/raw/fma_small/116/116527.mp3
116528,Passing of Friends & Past True Loves,Instrumental,../data/raw/fma_small/116/116528.mp3
116547,Waiting,Rock,../data/raw/fma_small/116/116547.mp3
116549,Charge into 2015,Instrumental,../data/raw/fma_small/116/116549.mp3
116586,Morceau de Fantaisie Elegie in E-min (Serguéi Vasilievich Rachmaninoff),Experimental,../data/raw/fma_small/116/116586.mp3
116587,Toccata and Fugue (Johann Sebastian Bach),Experimental,../data/raw/fma_small/116/116587.mp3
116704,Deep Blue Sea (with Jean Ritchie),Folk,../data/raw/fma_small/116/116704.mp3
116706,Henry Martin,Folk,../data/raw/fma_small/116/116706.mp3
116707,About Dulcimers,Folk,../data/raw/fma_small/116/116707.mp3
116709,Gnossiennes No.1 (Éric Alfred Leslie Satie),Experimental,../data/raw/fma_small/116/116709.mp3
116733,The Nocturne - Mandel,Instrumental,../data/raw/fma_small/116/116733.mp3
116735,The Nocturne - Castillo,Instrumental,../data/raw/fma_small/116/116735.mp3
116736,The Nocturne - Eleven,Instrumental,../data/raw/fma_small/116/116736.mp3
116753,It's Time To Go,Instrumental,../data/raw/fma_small/116/116753.mp3
116755,Emptiness,Instrumental,../data/raw/fma_small/116/116755.mp3
116756,Inexplicable Fear,Instrumental,../data/raw/fma_small/116/116756.mp3
116757,Rebels Are Close,Instrumental,../data/raw/fma_small/116/116757.mp3
116758,Deserted House,Instrumental,../data/raw/fma_small/116/116758.mp3
116759,Raid On The Camp,Instrumental,../data/raw/fma_small/116/116759.mp3
116760,The Run,Instrumental,../data/raw/fma_small/116/116760.mp3
116833,Sad,Rock,../data/raw/fma_small/116/116833.mp3
116868,Ray Gun - Take a Tiny Train,Instrumental,../data/raw/fma_small/116/116868.mp3
116869,Ray Gun - Lull,Instrumental,../data/raw/fma_small/116/116869.mp3
116870,Ray Gun - FasterFasterBrighter,Instrumental,../data/raw/fma_small/116/116870.mp3
116871,Ray Gun - Chrome and Wax,Instrumental,../data/raw/fma_small/116/116871.mp3
116872,Sky Ride,Folk,../data/raw/fma_small/116/116872.mp3
116873,After Dawn,Folk,../data/raw/fma_small/116/116873.mp3
116874,Marcy Rain,Folk,../data/raw/fma_small/116/116874.mp3
116876,At The Table,Folk,../data/raw/fma_small/116/116876.mp3
116877,8-bit Love Machine,Electronic,../data/raw/fma_small/116/116877.mp3
116878,Tapes,Electronic,../data/raw/fma_small/116/116878.mp3
116879,El Siniestro Y La Velóz,Electronic,../data/raw/fma_small/116/116879.mp3
116880,Levels,Electronic,../data/raw/fma_small/116/116880.mp3
116881,Killing Bosses,Electronic,../data/raw/fma_small/116/116881.mp3
116882,Fortsetzung Folgt,Electronic,../data/raw/fma_small/116/116882.mp3
116883,Something Small,Folk,../data/raw/fma_small/116/116883.mp3
117057,Nulla in Mundo Pax Sincera (Vivaldi),Experimental,../data/raw/fma_small/117/117057.mp3
117159,The Answer,Instrumental,../data/raw/fma_small/117/117159.mp3
117160,The Stasis,Instrumental,../data/raw/fma_small/117/117160.mp3
117161,Reptile Theme,Instrumental,../data/raw/fma_small/117/117161.mp3
117169,An Introduction to Beetles,Instrumental,../data/raw/fma_small/117/117169.mp3
117170,Insatiable Toad,Instrumental,../data/raw/fma_small/117/117170.mp3
117171,Inside the Origami Violin,Instrumental,../data/raw/fma_small/117/117171.mp3
117172,Inside the Paper Crane,Instrumental,../data/raw/fma_small/117/117172.mp3
117173,Nesting,Instrumental,../data/raw/fma_small/117/117173.mp3
117251,Unrequited Love,Instrumental,../data/raw/fma_small/117/117251.mp3
117252,Music Box,Instrumental,../data/raw/fma_small/117/117252.mp3
117253,The Consequences of Others,Instrumental,../data/raw/fma_small/117/117253.mp3
117287,Wee Bird,Electronic,../data/raw/fma_small/117/117287.mp3
117288,Ponky McFonky,Electronic,../data/raw/fma_small/117/117288.mp3
117450,Don't Play Chicken at Snake Hill!,Rock,../data/raw/fma_small/117/117450.mp3
117472,Patty Cake,Pop,../data/raw/fma_small/117/117472.mp3
117473,I Dont Mind,Pop,../data/raw/fma_small/117/117473.mp3
117609,Periodicals,Instrumental,../data/raw/fma_small/117/117609.mp3
117610,Outside the Terminal,Instrumental,../data/raw/fma_small/117/117610.mp3
117611,More Weather,Instrumental,../data/raw/fma_small/117/117611.mp3
117612,Mobile,Instrumental,../data/raw/fma_small/117/117612.mp3
117613,City Limits,Instrumental,../data/raw/fma_small/117/117613.mp3
117614,Red City Theme,Instrumental,../data/raw/fma_small/117/117614.mp3
117626,bonus - La jeune Pierre - alt piano mix,Instrumental,../data/raw/fma_small/117/117626.mp3
117627,Phantasmagoric Sheeps Of The World,Folk,../data/raw/fma_small/117/117627.mp3
117628,Cool Blues,Folk,../data/raw/fma_small/117/117628.mp3
117629,The New Chance,Folk,../data/raw/fma_small/117/117629.mp3
117630,Story Of A Breath,Folk,../data/raw/fma_small/117/117630.mp3
117631,The Answer,Folk,../data/raw/fma_small/117/117631.mp3
117632,Array Of Concerns,Folk,../data/raw/fma_small/117/117632.mp3
117666,Fayah,International,../data/raw/fma_small/117/117666.mp3
117667,No Se Queja,International,../data/raw/fma_small/117/117667.mp3
117668,Pa Viejitos,International,../data/raw/fma_small/117/117668.mp3
117669,Atento,International,../data/raw/fma_small/117/117669.mp3
117670,Chicha Chicha,International,../data/raw/fma_small/117/117670.mp3
117846,C,Experimental,../data/raw/fma_small/117/117846.mp3
117883,Cruise Control,Rock,../data/raw/fma_small/117/117883.mp3
117884,Green Skull,Rock,../data/raw/fma_small/117/117884.mp3
117885,Cul de Sac/Tough City,Rock,../data/raw/fma_small/117/117885.mp3
117886,You Won't Forget It/Low Low Low,Rock,../data/raw/fma_small/117/117886.mp3
117887,Month 2 Month/Love St.,Rock,../data/raw/fma_small/117/117887.mp3
117942,L'amour est enfant dub,International,../data/raw/fma_small/117/117942.mp3
117943,Comment - Sulitu in dub,International,../data/raw/fma_small/117/117943.mp3
117944,Whispers remix,International,../data/raw/fma_small/117/117944.mp3
117945,Como - Amigos Adubados,International,../data/raw/fma_small/117/117945.mp3
117946,Not too late,International,../data/raw/fma_small/117/117946.mp3
117961,"Marcel Duchamp, Frank Zappa, Jean Cocteau",Experimental,../data/raw/fma_small/117/117961.mp3
117966,Marcel Duchamp,Experimental,../data/raw/fma_small/117/117966.mp3
117967,The Interviews,Experimental,../data/raw/fma_small/117/117967.mp3
117970,The Interviews,Experimental,../data/raw/fma_small/117/117970.mp3
117991,Anthony Donovan,Experimental,../data/raw/fma_small/117/117991.mp3
118000,"Anthony Donovan, Marcel Duchamp, Georges Bataille",Experimental,../data/raw/fma_small/118/118000.mp3
118012,"Georges Bataille, Paul Éluard",Experimental,../data/raw/fma_small/118/118012.mp3
118058,Black Ballots,Instrumental,../data/raw/fma_small/118/118058.mp3
118059,Front Runner,Instrumental,../data/raw/fma_small/118/118059.mp3
118060,Janitor,Instrumental,../data/raw/fma_small/118/118060.mp3
118061,Masonry,Instrumental,../data/raw/fma_small/118/118061.mp3
118062,Tanguedo,Instrumental,../data/raw/fma_small/118/118062.mp3
118063,Union Hall Melody,Instrumental,../data/raw/fma_small/118/118063.mp3
118068,IIIII - ОНИ ПОПЛАТЯТСЯ by Kosta T,Instrumental,../data/raw/fma_small/118/118068.mp3
118070,After Dark,Electronic,../data/raw/fma_small/118/118070.mp3
118084,Only All,Experimental,../data/raw/fma_small/118/118084.mp3
118085,Pause,Experimental,../data/raw/fma_small/118/118085.mp3
118087,Too Much To Never,Experimental,../data/raw/fma_small/118/118087.mp3
118195,Ave,Experimental,../data/raw/fma_small/118/118195.mp3
118196,The Blues With No Horizon,Experimental,../data/raw/fma_small/118/118196.mp3
118222,The March,Experimental,../data/raw/fma_small/118/118222.mp3
118223,Baptism,Experimental,../data/raw/fma_small/118/118223.mp3
118257,don't care bar,Experimental,../data/raw/fma_small/118/118257.mp3
118276,Love Is The Happiest Way,Experimental,../data/raw/fma_small/118/118276.mp3
118277,Dreams In Overdrive,Experimental,../data/raw/fma_small/118/118277.mp3
118279,crucial,Rock,../data/raw/fma_small/118/118279.mp3
118327,Or Does It Explode?,Rock,../data/raw/fma_small/118/118327.mp3
118384,Horse Helpers Reprise,Rock,../data/raw/fma_small/118/118384.mp3
118478,XI,Experimental,../data/raw/fma_small/118/118478.mp3
118484,I,Experimental,../data/raw/fma_small/118/118484.mp3
118489,II,Experimental,../data/raw/fma_small/118/118489.mp3
118496,2,Experimental,../data/raw/fma_small/118/118496.mp3
118498,10,Experimental,../data/raw/fma_small/118/118498.mp3
118499,8,Experimental,../data/raw/fma_small/118/118499.mp3
118500,3,Experimental,../data/raw/fma_small/118/118500.mp3
118502,7,Experimental,../data/raw/fma_small/118/118502.mp3
118503,5,Experimental,../data/raw/fma_small/118/118503.mp3
118504,6,Experimental,../data/raw/fma_small/118/118504.mp3
118505,B,Experimental,../data/raw/fma_small/118/118505.mp3
118507,A,Experimental,../data/raw/fma_small/118/118507.mp3
118569,Hey You Guys,Hip-Hop,../data/raw/fma_small/118/118569.mp3
118618,Hanami Matsuri (花見祭り),Instrumental,../data/raw/fma_small/118/118618.mp3
118629,Black Diamond,Electronic,../data/raw/fma_small/118/118629.mp3
118670,When The Rains,Folk,../data/raw/fma_small/118/118670.mp3
118671,Butterfly Shield,Folk,../data/raw/fma_small/118/118671.mp3
118672,Mountain,Folk,../data/raw/fma_small/118/118672.mp3
118674,Driving Just To Drive,Folk,../data/raw/fma_small/118/118674.mp3
118734,Eu Octa 7 8 14bounce,Electronic,../data/raw/fma_small/118/118734.mp3
118735,Moonlight,Folk,../data/raw/fma_small/118/118735.mp3
118738,Enjoy the nature,Folk,../data/raw/fma_small/118/118738.mp3
118739,Seagull,Folk,../data/raw/fma_small/118/118739.mp3
118886,Sugary Sweet,Folk,../data/raw/fma_small/118/118886.mp3
118891,This Little Light of Mine,Folk,../data/raw/fma_small/118/118891.mp3
118920,Golden,Electronic,../data/raw/fma_small/118/118920.mp3
118921,Westside Chillers,Electronic,../data/raw/fma_small/118/118921.mp3
118922,Modulation of the Spirit,Electronic,../data/raw/fma_small/118/118922.mp3
118923,Blackout & Blue,Electronic,../data/raw/fma_small/118/118923.mp3
118950,Fall,Instrumental,../data/raw/fma_small/118/118950.mp3
118951,Rise,Instrumental,../data/raw/fma_small/118/118951.mp3
118952,Run,Instrumental,../data/raw/fma_small/118/118952.mp3
118953,Stay,Instrumental,../data/raw/fma_small/118/118953.mp3
118954,Try,Instrumental,../data/raw/fma_small/118/118954.mp3
118955,Wait,Instrumental,../data/raw/fma_small/118/118955.mp3
118957,AVIATION CRAB ORCHESTRA (JAAN PATTERSON - 05 - GI),Experimental,../data/raw/fma_small/118/118957.mp3
118958,AVIATION CRAB ORCHESTRA (WAGNER),Experimental,../data/raw/fma_small/118/118958.mp3
118972,AVIATION CRAB ORCHESTRA (INTANGIBLE 23 RADIO),Experimental,../data/raw/fma_small/118/118972.mp3
118986,Mana,Experimental,../data/raw/fma_small/118/118986.mp3
118987,Ventus,Experimental,../data/raw/fma_small/118/118987.mp3
118988,Coda,Experimental,../data/raw/fma_small/118/118988.mp3
119025,The Sun Has Wings,Experimental,../data/raw/fma_small/119/119025.mp3
119026,Colourdome,Experimental,../data/raw/fma_small/119/119026.mp3
119027,How Do I Say Goodbye To Myself,Experimental,../data/raw/fma_small/119/119027.mp3
119063,Nature World Love,Experimental,../data/raw/fma_small/119/119063.mp3
119086,Battle Hymn Of The Children,Experimental,../data/raw/fma_small/119/119086.mp3
119095,Hip Hip Hop,Experimental,../data/raw/fma_small/119/119095.mp3
119097,A Happy Little Song,Experimental,../data/raw/fma_small/119/119097.mp3
119118,human nature is nature nature,Experimental,../data/raw/fma_small/119/119118.mp3
119134,i want the princess!,Experimental,../data/raw/fma_small/119/119134.mp3
119187,The I love you song,Pop,../data/raw/fma_small/119/119187.mp3
119193,Tangerine cream,Pop,../data/raw/fma_small/119/119193.mp3
119257,like love,Rock,../data/raw/fma_small/119/119257.mp3
119369,calm,Experimental,../data/raw/fma_small/119/119369.mp3
119379,Not_re_Da_me,Experimental,../data/raw/fma_small/119/119379.mp3
119413,Waiting For Enlightenment Blues,Experimental,../data/raw/fma_small/119/119413.mp3
119545,Jungle Conflict,Experimental,../data/raw/fma_small/119/119545.mp3
119569,Devil Hell,Rock,../data/raw/fma_small/119/119569.mp3
119571,Rock on the Hole - Side 1,Rock,../data/raw/fma_small/119/119571.mp3
119574,Rock on the Hole - Side 4,Rock,../data/raw/fma_small/119/119574.mp3
119575,A. Ross Perot With A Disturbing Story / B. Operation Brittany,Experimental,../data/raw/fma_small/119/119575.mp3
119578,A. Darkness... Smile / B. Commercial Break,Experimental,../data/raw/fma_small/119/119578.mp3
119579,"A. And Now! More News, Debate, And Let's Not Forget Their Opinions / B. Commercial Break",Experimental,../data/raw/fma_small/119/119579.mp3
119580,"A. Integrated Love Circle / B. You ""R"" Electronic / C. And Image: - Girls Rule The Earth / D. Economic Isolationism, For Responsolationism, For Response",Experimental,../data/raw/fma_small/119/119580.mp3
119582,A Good Note To End On,Experimental,../data/raw/fma_small/119/119582.mp3
119583,Satan Speaks English,Experimental,../data/raw/fma_small/119/119583.mp3
119584,Dildo Saga,Pop,../data/raw/fma_small/119/119584.mp3
119592,Free,Pop,../data/raw/fma_small/119/119592.mp3
119715,Side 2,Rock,../data/raw/fma_small/119/119715.mp3
119719,imensa prece,Folk,../data/raw/fma_small/119/119719.mp3
119725,il vecchio francesco,Folk,../data/raw/fma_small/119/119725.mp3
119726,o pescador,Folk,../data/raw/fma_small/119/119726.mp3
119727,999,Experimental,../data/raw/fma_small/119/119727.mp3
119745,fire music,Experimental,../data/raw/fma_small/119/119745.mp3
119828,Song of Hope in a World Without Care,Instrumental,../data/raw/fma_small/119/119828.mp3
119830,Future Past,Instrumental,../data/raw/fma_small/119/119830.mp3
119831,To Absent Friends,Instrumental,../data/raw/fma_small/119/119831.mp3
119893,Xandre,Instrumental,../data/raw/fma_small/119/119893.mp3
119894,Villa,Instrumental,../data/raw/fma_small/119/119894.mp3
119895,McKrary,Instrumental,../data/raw/fma_small/119/119895.mp3
119896,Illway,Instrumental,../data/raw/fma_small/119/119896.mp3
119897,Jefferson,Instrumental,../data/raw/fma_small/119/119897.mp3
119898,Ferry Landing,Instrumental,../data/raw/fma_small/119/119898.mp3
119899,Dash and Slope,Instrumental,../data/raw/fma_small/119/119899.mp3
119900,Ballast,Instrumental,../data/raw/fma_small/119/119900.mp3
119901,Chalk,Instrumental,../data/raw/fma_small/119/119901.mp3
119922,The Exit to the Rainbow,Rock,../data/raw/fma_small/119/119922.mp3
119938,Showtime,Hip-Hop,../data/raw/fma_small/119/119938.mp3
119939,Riding Music,Hip-Hop,../data/raw/fma_small/119/119939.mp3
119940,Be Yourself,Hip-Hop,../data/raw/fma_small/119/119940.mp3
119941,Winners,Hip-Hop,../data/raw/fma_small/119/119941.mp3
119942,Goals,Hip-Hop,../data/raw/fma_small/119/119942.mp3
119979,Hey You Guys (Acapella),Hip-Hop,../data/raw/fma_small/119/119979.mp3
119985,Director's Cut,Hip-Hop,../data/raw/fma_small/119/119985.mp3
119988,Spot Rockers,Hip-Hop,../data/raw/fma_small/119/119988.mp3
119991,You Lost On Price Is Right,Hip-Hop,../data/raw/fma_small/119/119991.mp3
119992,Kids Say The Darndest Things,Hip-Hop,../data/raw/fma_small/119/119992.mp3
119993,ET The Extra Testicle,Hip-Hop,../data/raw/fma_small/119/119993.mp3
119994,Bird Up!,Hip-Hop,../data/raw/fma_small/119/119994.mp3
120099,Do The Food,Pop,../data/raw/fma_small/120/120099.mp3
120105,Happy Boccherini,Pop,../data/raw/fma_small/120/120105.mp3
120109,Accidental Beatnik,Pop,../data/raw/fma_small/120/120109.mp3
120111,Bicycle Fascism,Pop,../data/raw/fma_small/120/120111.mp3
120112,Very Happy Encounters,Pop,../data/raw/fma_small/120/120112.mp3
120150,Old Long Sin,Experimental,../data/raw/fma_small/120/120150.mp3
120160,Excelsior Lang Syne,Experimental,../data/raw/fma_small/120/120160.mp3
120161,Abchied Bruder (Happy Little Auld Lang Syne),Experimental,../data/raw/fma_small/120/120161.mp3
120171,One Minute To Midnight (Or: How I Spent New Year's Eve 2005),Experimental,../data/raw/fma_small/120/120171.mp3
120172,Come Back,Folk,../data/raw/fma_small/120/120172.mp3
120177,Daniel Bloom,Folk,../data/raw/fma_small/120/120177.mp3
120178,Fix This,Folk,../data/raw/fma_small/120/120178.mp3
120179,Intro Monstro Crescendo,Pop,../data/raw/fma_small/120/120179.mp3
120183,Graduation Day,Pop,../data/raw/fma_small/120/120183.mp3
120184,Lavender Hip Mob,Pop,../data/raw/fma_small/120/120184.mp3
120188,New Years Party by Toptygin (live),Pop,../data/raw/fma_small/120/120188.mp3
120189,Rock'n Roll Boy,Pop,../data/raw/fma_small/120/120189.mp3
120194,Devil Exit From Fashion,Pop,../data/raw/fma_small/120/120194.mp3
120196,Alien Pops Trilogy (featuring Midas),Pop,../data/raw/fma_small/120/120196.mp3
120199,Tegwar,Pop,../data/raw/fma_small/120/120199.mp3
120200,Polivox Box + Garage,Pop,../data/raw/fma_small/120/120200.mp3
120201,"So Be It Soviet, The Undertow",Pop,../data/raw/fma_small/120/120201.mp3
120203,Birthday Party,Pop,../data/raw/fma_small/120/120203.mp3
120206,Just Believe (We'll Get There),Pop,../data/raw/fma_small/120/120206.mp3
120207,Like A Virgin,Pop,../data/raw/fma_small/120/120207.mp3
120208,Comfort Stand Records Remix Project : Song #2,Pop,../data/raw/fma_small/120/120208.mp3
120296,All My Light,Instrumental,../data/raw/fma_small/120/120296.mp3
120297,Anthills,Instrumental,../data/raw/fma_small/120/120297.mp3
120298,Attic,Instrumental,../data/raw/fma_small/120/120298.mp3
120299,Build A View,Instrumental,../data/raw/fma_small/120/120299.mp3
120300,Call In Sick,Instrumental,../data/raw/fma_small/120/120300.mp3
120302,Coast To Coast,Instrumental,../data/raw/fma_small/120/120302.mp3
120303,Concrete Clock,Instrumental,../data/raw/fma_small/120/120303.mp3
120304,Doctor 1,Instrumental,../data/raw/fma_small/120/120304.mp3
120305,Doctor 2,Instrumental,../data/raw/fma_small/120/120305.mp3
120306,Down To The Street,Instrumental,../data/raw/fma_small/120/120306.mp3
120307,Driveway Chunk,Instrumental,../data/raw/fma_small/120/120307.mp3
120308,Dudes On A Roof,Instrumental,../data/raw/fma_small/120/120308.mp3
120309,Follow The Trail,Instrumental,../data/raw/fma_small/120/120309.mp3
120310,Gold Sunset,Instrumental,../data/raw/fma_small/120/120310.mp3
120312,House Arrest,Instrumental,../data/raw/fma_small/120/120312.mp3
120313,Interstate Prelude,Instrumental,../data/raw/fma_small/120/120313.mp3
120314,Killingsworth Drop,Instrumental,../data/raw/fma_small/120/120314.mp3
120315,Life Size Head,Instrumental,../data/raw/fma_small/120/120315.mp3
120316,Mountains 2,Instrumental,../data/raw/fma_small/120/120316.mp3
120317,Mountains,Instrumental,../data/raw/fma_small/120/120317.mp3
120318,Nothing More Than Something,Instrumental,../data/raw/fma_small/120/120318.mp3
120319,One Shot Charlie,Instrumental,../data/raw/fma_small/120/120319.mp3
120320,Plans For The Day,Instrumental,../data/raw/fma_small/120/120320.mp3
120321,Quoting Dead Comedians,Instrumental,../data/raw/fma_small/120/120321.mp3
120322,Rosie,Instrumental,../data/raw/fma_small/120/120322.mp3
120323,Someone Kill Jt,Instrumental,../data/raw/fma_small/120/120323.mp3
120324,Spit Off The Bridge,Instrumental,../data/raw/fma_small/120/120324.mp3
120325,Tell The Future,Instrumental,../data/raw/fma_small/120/120325.mp3
120326,The Sink,Instrumental,../data/raw/fma_small/120/120326.mp3
120327,Walls Of A Cave,Instrumental,../data/raw/fma_small/120/120327.mp3
120328,Walls Of The World,Instrumental,../data/raw/fma_small/120/120328.mp3
120329,When The New Line Finds You,Instrumental,../data/raw/fma_small/120/120329.mp3
120330,Wind Tunnel,Instrumental,../data/raw/fma_small/120/120330.mp3
120331,Wrecking Ball,Instrumental,../data/raw/fma_small/120/120331.mp3
120332,WTS,Instrumental,../data/raw/fma_small/120/120332.mp3
120333,Clear Your Head,Instrumental,../data/raw/fma_small/120/120333.mp3
120462,Gravity,Electronic,../data/raw/fma_small/120/120462.mp3
120466,Stratoskop,Electronic,../data/raw/fma_small/120/120466.mp3
120467,Space Night,Electronic,../data/raw/fma_small/120/120467.mp3
120468,Amal,Electronic,../data/raw/fma_small/120/120468.mp3
120469,Dust,Electronic,../data/raw/fma_small/120/120469.mp3
120470,Legend,Electronic,../data/raw/fma_small/120/120470.mp3
120471,Sphere,Electronic,../data/raw/fma_small/120/120471.mp3
120504,Explosion,Instrumental,../data/raw/fma_small/120/120504.mp3
120513,Nesco Gloss,Instrumental,../data/raw/fma_small/120/120513.mp3
120514,Upside Crown,Instrumental,../data/raw/fma_small/120/120514.mp3
120515,Rai,Instrumental,../data/raw/fma_small/120/120515.mp3
120518,Zaczek,Rock,../data/raw/fma_small/120/120518.mp3
120769,Wait For Me,Instrumental,../data/raw/fma_small/120/120769.mp3
120770,Nuclear Ashes,Instrumental,../data/raw/fma_small/120/120770.mp3
120771,They Made Me Monster,Instrumental,../data/raw/fma_small/120/120771.mp3
120772,Burning Forest,Instrumental,../data/raw/fma_small/120/120772.mp3
120773,Revenge,Instrumental,../data/raw/fma_small/120/120773.mp3
120774,Be The Light,Instrumental,../data/raw/fma_small/120/120774.mp3
120775,I Want You'll be Proud of Me,Instrumental,../data/raw/fma_small/120/120775.mp3
120776,Whales Inside,Instrumental,../data/raw/fma_small/120/120776.mp3
120777,Rainmaker,Instrumental,../data/raw/fma_small/120/120777.mp3
120778,Through the ages,Instrumental,../data/raw/fma_small/120/120778.mp3
120779,what hath god wrought,Experimental,../data/raw/fma_small/120/120779.mp3
120782,things are not as they seem,Experimental,../data/raw/fma_small/120/120782.mp3
121251,El Horror Sucesivo del Vacío,Rock,../data/raw/fma_small/121/121251.mp3
121256,Shake the Dust,Rock,../data/raw/fma_small/121/121256.mp3
121257,Never Spoken (Extended Edit),Rock,../data/raw/fma_small/121/121257.mp3
121273,Winter Vines,Experimental,../data/raw/fma_small/121/121273.mp3
121288,Time-Scene #2,Experimental,../data/raw/fma_small/121/121288.mp3
121312,cloud cover,Hip-Hop,../data/raw/fma_small/121/121312.mp3
121313,zentropa,Hip-Hop,../data/raw/fma_small/121/121313.mp3
121314,anxiety,Hip-Hop,../data/raw/fma_small/121/121314.mp3
121315,sollerod fascists,Hip-Hop,../data/raw/fma_small/121/121315.mp3
121316,prometheus,Hip-Hop,../data/raw/fma_small/121/121316.mp3
121317,return to malice,Hip-Hop,../data/raw/fma_small/121/121317.mp3
121318,something brewing,Hip-Hop,../data/raw/fma_small/121/121318.mp3
121319,the monorail,Hip-Hop,../data/raw/fma_small/121/121319.mp3
121320,goldheart,Hip-Hop,../data/raw/fma_small/121/121320.mp3
121321,annabelle,Hip-Hop,../data/raw/fma_small/121/121321.mp3
121322,crumbs,Hip-Hop,../data/raw/fma_small/121/121322.mp3
121323,idiotik,Hip-Hop,../data/raw/fma_small/121/121323.mp3
121346,AVIATION CRAB ORCHESTRA (HARSH NOISE POSER),Experimental,../data/raw/fma_small/121/121346.mp3
121366,Pedro Sousa - Pós Africanismos Redundantes,Experimental,../data/raw/fma_small/121/121366.mp3
121415,The Western Front,Rock,../data/raw/fma_small/121/121415.mp3
121449,Happy Feelings,Electronic,../data/raw/fma_small/121/121449.mp3
121450,Kalimba Funk,Electronic,../data/raw/fma_small/121/121450.mp3
121451,Make It Funky,Electronic,../data/raw/fma_small/121/121451.mp3
121452,Strawberry Boogie,Electronic,../data/raw/fma_small/121/121452.mp3
121453,The Look In Your Eyes,Electronic,../data/raw/fma_small/121/121453.mp3
121454,Thinking About Your Love,Electronic,../data/raw/fma_small/121/121454.mp3
121472,Archival (Emergence),Instrumental,../data/raw/fma_small/121/121472.mp3
121473,Duets,Instrumental,../data/raw/fma_small/121/121473.mp3
121474,Three Pianos,Instrumental,../data/raw/fma_small/121/121474.mp3
121475,Time=Pain,Instrumental,../data/raw/fma_small/121/121475.mp3
121570,Japanese Vacation,Rock,../data/raw/fma_small/121/121570.mp3
121589,Weekend Girls / Can't Have Her Back,Pop,../data/raw/fma_small/121/121589.mp3
121590,Why You Gotta Lie,Pop,../data/raw/fma_small/121/121590.mp3
121591,Everybody Knows,Pop,../data/raw/fma_small/121/121591.mp3
121592,Partied Out,Pop,../data/raw/fma_small/121/121592.mp3
121593,Don't Go Falling In Love,Pop,../data/raw/fma_small/121/121593.mp3
121594,I Can't Wait,Pop,../data/raw/fma_small/121/121594.mp3
121595,'85s,Electronic,../data/raw/fma_small/121/121595.mp3
121651,Her History of Water,Instrumental,../data/raw/fma_small/121/121651.mp3
121652,The Silent World,Instrumental,../data/raw/fma_small/121/121652.mp3
121653,Voyage of the Pequod,Instrumental,../data/raw/fma_small/121/121653.mp3
121654,An Ocean Like The Others,Instrumental,../data/raw/fma_small/121/121654.mp3
121655,The Dream Room,Instrumental,../data/raw/fma_small/121/121655.mp3
121656,Of Sargasso Sea,Instrumental,../data/raw/fma_small/121/121656.mp3
121657,Je suis Partout,Instrumental,../data/raw/fma_small/121/121657.mp3
121658,The Encantadas,Instrumental,../data/raw/fma_small/121/121658.mp3
121659,The Isle of Lost Ships,Instrumental,../data/raw/fma_small/121/121659.mp3
121660,Paper Moons,Instrumental,../data/raw/fma_small/121/121660.mp3
121661,A Black Obelisk In A Narrow Sea,Instrumental,../data/raw/fma_small/121/121661.mp3
121662,Kyoko's House,Instrumental,../data/raw/fma_small/121/121662.mp3
121663,Bridgewater Triangle,Instrumental,../data/raw/fma_small/121/121663.mp3
121664,Sunken Lighthouse,Instrumental,../data/raw/fma_small/121/121664.mp3
121665,Wayward Docks,Instrumental,../data/raw/fma_small/121/121665.mp3
121666,Upstream Harbour,Instrumental,../data/raw/fma_small/121/121666.mp3
121734,Stars on the Boulevard,Pop,../data/raw/fma_small/121/121734.mp3
121735,Trouble Outside,Pop,../data/raw/fma_small/121/121735.mp3
121736,Listen,Pop,../data/raw/fma_small/121/121736.mp3
121737,Back On The Train,Pop,../data/raw/fma_small/121/121737.mp3
121738,Hummingbird,Pop,../data/raw/fma_small/121/121738.mp3
121739,Birmingham Road Birthday Song featuring Lucy Hill,Pop,../data/raw/fma_small/121/121739.mp3
121740,finished enconomic survivor,Pop,../data/raw/fma_small/121/121740.mp3
121813,"Blood, Devastation, Death, War and Horror",Rock,../data/raw/fma_small/121/121813.mp3
121866,Perfect Day,Rock,../data/raw/fma_small/121/121866.mp3
121867,Shot Down,Rock,../data/raw/fma_small/121/121867.mp3
121869,Sick Of You,Rock,../data/raw/fma_small/121/121869.mp3
121913,Dubbing into di wild,International,../data/raw/fma_small/121/121913.mp3
121915,Dub Kontrol Skank,International,../data/raw/fma_small/121/121915.mp3
121922,Babylon fall dubwize ft Jam York,International,../data/raw/fma_small/121/121922.mp3
121926,Youthman Stepwise (Bass cut),International,../data/raw/fma_small/121/121926.mp3
121929,Dubbing time,International,../data/raw/fma_small/121/121929.mp3
121930,Guetto Rockers in dub,International,../data/raw/fma_small/121/121930.mp3
121976,Every Day is a Celebration,Experimental,../data/raw/fma_small/121/121976.mp3
121985,Broken Shadows,Experimental,../data/raw/fma_small/121/121985.mp3
121987,Good For You (Piano Phase),Experimental,../data/raw/fma_small/121/121987.mp3
121998,Leftover Skin,Experimental,../data/raw/fma_small/121/121998.mp3
122001,Blues For Puck,Experimental,../data/raw/fma_small/122/122001.mp3
122003,No Brainium in de Cranium,Experimental,../data/raw/fma_small/122/122003.mp3
122004,For Ornette,Experimental,../data/raw/fma_small/122/122004.mp3
122066,A Message,Rock,../data/raw/fma_small/122/122066.mp3
122077,1000 Miles,Rock,../data/raw/fma_small/122/122077.mp3
122079,Black Jar,Rock,../data/raw/fma_small/122/122079.mp3
122080,Dory Honey,Rock,../data/raw/fma_small/122/122080.mp3
122081,Eyewitness,Rock,../data/raw/fma_small/122/122081.mp3
122082,Gonzo,Rock,../data/raw/fma_small/122/122082.mp3
122083,In my pocket,Rock,../data/raw/fma_small/122/122083.mp3
122084,March Madness,Rock,../data/raw/fma_small/122/122084.mp3
122085,Placeholder,Rock,../data/raw/fma_small/122/122085.mp3
122086,Sometimes,Rock,../data/raw/fma_small/122/122086.mp3
122087,Wastecnology,Rock,../data/raw/fma_small/122/122087.mp3
122088,What?,Rock,../data/raw/fma_small/122/122088.mp3
122106,"Gentle, Cruel Orb",Experimental,../data/raw/fma_small/122/122106.mp3
122107,A Cheetah Grimly Grooms,Experimental,../data/raw/fma_small/122/122107.mp3
122132,Woman of the Rain,Experimental,../data/raw/fma_small/122/122132.mp3
122143,Genome Chomsky (pt I),Experimental,../data/raw/fma_small/122/122143.mp3
122153,daRundada Sys,Experimental,../data/raw/fma_small/122/122153.mp3
122155,Destroyer,Experimental,../data/raw/fma_small/122/122155.mp3
122166,Grimaces and other useful techniques,Experimental,../data/raw/fma_small/122/122166.mp3
122168,Victim of Dreams,Experimental,../data/raw/fma_small/122/122168.mp3
122190,I Am Ed Sullivan,Rock,../data/raw/fma_small/122/122190.mp3
122199,Nudo de cables en la garganta,Experimental,../data/raw/fma_small/122/122199.mp3
122201,Film noir,Experimental,../data/raw/fma_small/122/122201.mp3
122204,Piano de cola suspendido en el aire,Experimental,../data/raw/fma_small/122/122204.mp3
122247,AVIATION CRAB ORCHESTRA (BEEATZ V2 0 NOISEBERG 9),Experimental,../data/raw/fma_small/122/122247.mp3
122261,thirtyone,Experimental,../data/raw/fma_small/122/122261.mp3
122352,Lover,Folk,../data/raw/fma_small/122/122352.mp3
122353,Walking In The Country,Folk,../data/raw/fma_small/122/122353.mp3
122354,Mockingbird,Folk,../data/raw/fma_small/122/122354.mp3
122355,Light On In My Heart,Folk,../data/raw/fma_small/122/122355.mp3
122356,Wayfaring Stranger,Folk,../data/raw/fma_small/122/122356.mp3
122357,Singing In The Rain,Folk,../data/raw/fma_small/122/122357.mp3
122358,Night Without Sleep,Folk,../data/raw/fma_small/122/122358.mp3
122359,The Wilderness / Ghosts,Folk,../data/raw/fma_small/122/122359.mp3
122360,The Path,Folk,../data/raw/fma_small/122/122360.mp3
122362,Twinkle Twinkle,Folk,../data/raw/fma_small/122/122362.mp3
122363,Bonfire Music,Folk,../data/raw/fma_small/122/122363.mp3
122364,Hannahlove,Folk,../data/raw/fma_small/122/122364.mp3
122365,Meet Me In The Morning,Folk,../data/raw/fma_small/122/122365.mp3
122395,Intro,Rock,../data/raw/fma_small/122/122395.mp3
122397,Cocaine Girl,Rock,../data/raw/fma_small/122/122397.mp3
122398,Outta Sight,Rock,../data/raw/fma_small/122/122398.mp3
122399,You're Not A Fighter,Rock,../data/raw/fma_small/122/122399.mp3
122400,Problems,Rock,../data/raw/fma_small/122/122400.mp3
122456,Ghost By Nature - Soul Inspector,Electronic,../data/raw/fma_small/122/122456.mp3
122457,Ghost By Nature - Pushing Situation,Electronic,../data/raw/fma_small/122/122457.mp3
122472,Merry-Go-Round Heart,Rock,../data/raw/fma_small/122/122472.mp3
122473,"""Nina Goes Abroad""",Pop,../data/raw/fma_small/122/122473.mp3
122474,"""nu pop2""",Pop,../data/raw/fma_small/122/122474.mp3
122475,"""Where has she gone""",Pop,../data/raw/fma_small/122/122475.mp3
122498,"""Ibuki""",Pop,../data/raw/fma_small/122/122498.mp3
122499,"""Wheel of time""",Pop,../data/raw/fma_small/122/122499.mp3
122500,"""Outsider girl""",Pop,../data/raw/fma_small/122/122500.mp3
122503,"""Early bird""",Pop,../data/raw/fma_small/122/122503.mp3
122504,"""Lost umbrella""",Pop,../data/raw/fma_small/122/122504.mp3
122510,Solitude Amongst the Wild Meadow Flowers,Instrumental,../data/raw/fma_small/122/122510.mp3
122511,What Price Love?,Instrumental,../data/raw/fma_small/122/122511.mp3
122533,"""Lucy's headphones""",Pop,../data/raw/fma_small/122/122533.mp3
122534,"""Young at Heart""",Pop,../data/raw/fma_small/122/122534.mp3
122578,"""Per uomini in pensione""",Pop,../data/raw/fma_small/122/122578.mp3
122579,"""Point of no return""",Pop,../data/raw/fma_small/122/122579.mp3
122620,Sadly Yes,Rock,../data/raw/fma_small/122/122620.mp3
122621,Jonah's Message for New York,Instrumental,../data/raw/fma_small/122/122621.mp3
122622,Leap Second,Instrumental,../data/raw/fma_small/122/122622.mp3
122623,Two Hat Rag,Instrumental,../data/raw/fma_small/122/122623.mp3
122624,We Are;,Instrumental,../data/raw/fma_small/122/122624.mp3
122625,Withering Trash Receptacle,Instrumental,../data/raw/fma_small/122/122625.mp3
122626,Cosmic Sound Waves Rule,Instrumental,../data/raw/fma_small/122/122626.mp3
122627,Nest,Instrumental,../data/raw/fma_small/122/122627.mp3
122628,Nallikari,Instrumental,../data/raw/fma_small/122/122628.mp3
122630,The Infinite,Instrumental,../data/raw/fma_small/122/122630.mp3
122631,Miu,Instrumental,../data/raw/fma_small/122/122631.mp3
122632,The Glance,Instrumental,../data/raw/fma_small/122/122632.mp3
122633,Inside,Instrumental,../data/raw/fma_small/122/122633.mp3
122634,Morsa (One Week),Instrumental,../data/raw/fma_small/122/122634.mp3
122635,Eden Bloom,Instrumental,../data/raw/fma_small/122/122635.mp3
122644,Ghost Wife,Instrumental,../data/raw/fma_small/122/122644.mp3
122645,In The End,Instrumental,../data/raw/fma_small/122/122645.mp3
122646,Little Strings,Instrumental,../data/raw/fma_small/122/122646.mp3
122647,Loaded,Instrumental,../data/raw/fma_small/122/122647.mp3
122648,Marianne,Instrumental,../data/raw/fma_small/122/122648.mp3
122649,Rivers And Mountains,Instrumental,../data/raw/fma_small/122/122649.mp3
122650,Sports!,Instrumental,../data/raw/fma_small/122/122650.mp3
122651,Starting Over,Instrumental,../data/raw/fma_small/122/122651.mp3
122654,"Young, Tough And Terrible",Instrumental,../data/raw/fma_small/122/122654.mp3
122671,The Whisper,Instrumental,../data/raw/fma_small/122/122671.mp3
122673,Onistwave,Instrumental,../data/raw/fma_small/122/122673.mp3
122675,Snoday,Instrumental,../data/raw/fma_small/122/122675.mp3
122683,L'intermede,Rock,../data/raw/fma_small/122/122683.mp3
122685,Kaos o MoMa,Rock,../data/raw/fma_small/122/122685.mp3
122686,69 la dernière seconde,Rock,../data/raw/fma_small/122/122686.mp3
122798,singaling,Pop,../data/raw/fma_small/122/122798.mp3
122799,impossible,Pop,../data/raw/fma_small/122/122799.mp3
122800,jumpy,Pop,../data/raw/fma_small/122/122800.mp3
122803,wildly unexpected,Pop,../data/raw/fma_small/122/122803.mp3
122804,smelliest,Pop,../data/raw/fma_small/122/122804.mp3
122805,having fun,Pop,../data/raw/fma_small/122/122805.mp3
122806,bearded,Pop,../data/raw/fma_small/122/122806.mp3
122807,nitemare,Pop,../data/raw/fma_small/122/122807.mp3
122808,lions,Pop,../data/raw/fma_small/122/122808.mp3
122809,foolsgame,Pop,../data/raw/fma_small/122/122809.mp3
122810,no smilage,Pop,../data/raw/fma_small/122/122810.mp3
122832,Mount Rey,Electronic,../data/raw/fma_small/122/122832.mp3
122901,Zeffa,International,../data/raw/fma_small/122/122901.mp3
122910,GOODNIGHT ZUKI,Experimental,../data/raw/fma_small/122/122910.mp3
122911,Hibernation Sickness / Replicate,Rock,../data/raw/fma_small/122/122911.mp3
122932,Long Gone,Folk,../data/raw/fma_small/122/122932.mp3
122934,All You Need,Folk,../data/raw/fma_small/122/122934.mp3
122935,The Mother,Folk,../data/raw/fma_small/122/122935.mp3
122936,Exit at 63,Folk,../data/raw/fma_small/122/122936.mp3
122959,Ups and Downs (Single Version),Experimental,../data/raw/fma_small/122/122959.mp3
122999,Overlooking Eternity,Electronic,../data/raw/fma_small/122/122999.mp3
123000,Incubating In Ice,Electronic,../data/raw/fma_small/123/123000.mp3
123001,The Rain Dance,Electronic,../data/raw/fma_small/123/123001.mp3
123002,You Are Truth,Electronic,../data/raw/fma_small/123/123002.mp3
123003,Convalescence I: Walk Again,Electronic,../data/raw/fma_small/123/123003.mp3
123004,Convalescence II: Love Again,Electronic,../data/raw/fma_small/123/123004.mp3
123094,A Country Dance,Folk,../data/raw/fma_small/123/123094.mp3
123096,The Love I Give,Folk,../data/raw/fma_small/123/123096.mp3
123097,Lullaby To Myself,Folk,../data/raw/fma_small/123/123097.mp3
123099,I'll Make You Mine,Folk,../data/raw/fma_small/123/123099.mp3
123147,One Million Ways,Hip-Hop,../data/raw/fma_small/123/123147.mp3
123273,Relax,Rock,../data/raw/fma_small/123/123273.mp3
123278,Turf (Raw - Live),Rock,../data/raw/fma_small/123/123278.mp3
123333,They Don't Want My Blood,Experimental,../data/raw/fma_small/123/123333.mp3
123342,Seen,Experimental,../data/raw/fma_small/123/123342.mp3
123427,Don't Wanna Lose,Rock,../data/raw/fma_small/123/123427.mp3
123438,Mustard Sally,Hip-Hop,../data/raw/fma_small/123/123438.mp3
123439,Permission,Hip-Hop,../data/raw/fma_small/123/123439.mp3
123440,Staring At The Sun,Hip-Hop,../data/raw/fma_small/123/123440.mp3
123441,Thrashin,Hip-Hop,../data/raw/fma_small/123/123441.mp3
123442,Wheels Of Fortune (411),Hip-Hop,../data/raw/fma_small/123/123442.mp3
123458,Vincent - Demo Tape Track 5,Instrumental,../data/raw/fma_small/123/123458.mp3
123461,Acoustic Douchedick - Demo Tape Bonus Track 3,Instrumental,../data/raw/fma_small/123/123461.mp3
123467,Let Her Go - Studio Tape Track 4,Instrumental,../data/raw/fma_small/123/123467.mp3
123468,Carol Annes Crunch - Studio Tape Track 5,Instrumental,../data/raw/fma_small/123/123468.mp3
123474,Dificult Landscapes,Rock,../data/raw/fma_small/123/123474.mp3
123484,A Home in a Lighthouse,Instrumental,../data/raw/fma_small/123/123484.mp3
123485,Footsteps,Instrumental,../data/raw/fma_small/123/123485.mp3
123486,Good Will Come,Instrumental,../data/raw/fma_small/123/123486.mp3
123487,In Our Hands,Instrumental,../data/raw/fma_small/123/123487.mp3
123488,Lanterns,Instrumental,../data/raw/fma_small/123/123488.mp3
123490,Ketchup,Folk,../data/raw/fma_small/123/123490.mp3
123494,The Right Train Meet / Meet Me Tomorrow,Folk,../data/raw/fma_small/123/123494.mp3
123501,Bit Bossa,Electronic,../data/raw/fma_small/123/123501.mp3
123502,Pocket Mirror Main Theme,Electronic,../data/raw/fma_small/123/123502.mp3
123503,shine (Azureflux Remix),Electronic,../data/raw/fma_small/123/123503.mp3
123504,Sustos (Azureflux Remix),Electronic,../data/raw/fma_small/123/123504.mp3
123505,Reformat The Planet (Azureflux Remix),Electronic,../data/raw/fma_small/123/123505.mp3
123506,About 10 Hours Looking At The Ceiling (Azureflux Arrange),Electronic,../data/raw/fma_small/123/123506.mp3
123509,"""Woman""",Pop,../data/raw/fma_small/123/123509.mp3
123523,Here At Last,Instrumental,../data/raw/fma_small/123/123523.mp3
123614,Number 1 Good Time Rap Song (A Mixx for '86),Hip-Hop,../data/raw/fma_small/123/123614.mp3
123641,Pop Tart,Hip-Hop,../data/raw/fma_small/123/123641.mp3
123645,Simon Pegg,Hip-Hop,../data/raw/fma_small/123/123645.mp3
123647,Side B: Hall Of Dope / Chaos On The One (Part 2) / Old Snow,Hip-Hop,../data/raw/fma_small/123/123647.mp3
123760,Woods,Instrumental,../data/raw/fma_small/123/123760.mp3
123761,Week 1 - rain,Instrumental,../data/raw/fma_small/123/123761.mp3
123762,Week 2 - reminder,Instrumental,../data/raw/fma_small/123/123762.mp3
123763,Week 3 - star,Instrumental,../data/raw/fma_small/123/123763.mp3
123764,Week 4 - clarity,Instrumental,../data/raw/fma_small/123/123764.mp3
123821,...E Você Espera Por Tanto Tempo Que Já Não Lembra Mais o Porquê,Rock,../data/raw/fma_small/123/123821.mp3
123825,Strength,Rock,../data/raw/fma_small/123/123825.mp3
123832,Drawn by the Stars,Rock,../data/raw/fma_small/123/123832.mp3
123834,Three Times,Rock,../data/raw/fma_small/123/123834.mp3
123835,Ocean,Rock,../data/raw/fma_small/123/123835.mp3
123866,Nasty Boots,Rock,../data/raw/fma_small/123/123866.mp3
123867,Cut Me Loose,Rock,../data/raw/fma_small/123/123867.mp3
123868,Promises,Rock,../data/raw/fma_small/123/123868.mp3
123899,Rebel Angels,Folk,../data/raw/fma_small/123/123899.mp3
123932,Dekotoraaaa!,Electronic,../data/raw/fma_small/123/123932.mp3
123933,Birds of Paradise Marching Band,Electronic,../data/raw/fma_small/123/123933.mp3
123934,Honk Kong,Electronic,../data/raw/fma_small/123/123934.mp3
123935,Lorry,Electronic,../data/raw/fma_small/123/123935.mp3
123936,Shiny Stainless Steel,Electronic,../data/raw/fma_small/123/123936.mp3
123937,Love of a Neon Girl,Electronic,../data/raw/fma_small/123/123937.mp3
123938,Eagle Over Mount Fuji,Electronic,../data/raw/fma_small/123/123938.mp3
123964,5-11-15,Hip-Hop,../data/raw/fma_small/123/123964.mp3
123965,Freestlye 30,Hip-Hop,../data/raw/fma_small/123/123965.mp3
123966,Bruce Wayne,Hip-Hop,../data/raw/fma_small/123/123966.mp3
123968,Michael Van Allen,Hip-Hop,../data/raw/fma_small/123/123968.mp3
123969,Ric Flair,Hip-Hop,../data/raw/fma_small/123/123969.mp3
123970,Agoge,Hip-Hop,../data/raw/fma_small/123/123970.mp3
123971,Freestyle 32,Hip-Hop,../data/raw/fma_small/123/123971.mp3
123972,Awkward Romance,Hip-Hop,../data/raw/fma_small/123/123972.mp3
123973,Ric Flair 1.5,Hip-Hop,../data/raw/fma_small/123/123973.mp3
123974,Everything New (2015),Hip-Hop,../data/raw/fma_small/123/123974.mp3
123975,AYYYYYYYYYYYYYY,Hip-Hop,../data/raw/fma_small/123/123975.mp3
123976,Big Gete Star,Hip-Hop,../data/raw/fma_small/123/123976.mp3
123977,Freestyle 33,Hip-Hop,../data/raw/fma_small/123/123977.mp3
123978,"Fuck Yall, Im Goin Pop",Hip-Hop,../data/raw/fma_small/123/123978.mp3
123979,Moments,Hip-Hop,../data/raw/fma_small/123/123979.mp3
123980,Ric Flair 2,Hip-Hop,../data/raw/fma_small/123/123980.mp3
123981,Shine Bright,Hip-Hop,../data/raw/fma_small/123/123981.mp3
123986,Dreaming of Banjos,Hip-Hop,../data/raw/fma_small/123/123986.mp3
124154,не осуждайте Гитлера (он болен) ...,Experimental,../data/raw/fma_small/124/124154.mp3
124175,Breeeze,Instrumental,../data/raw/fma_small/124/124175.mp3
124176,Lost Longing,Instrumental,../data/raw/fma_small/124/124176.mp3
124177,Darkling Skies,Instrumental,../data/raw/fma_small/124/124177.mp3
124178,Seasong,Instrumental,../data/raw/fma_small/124/124178.mp3
124179,Another Brilliant Age,Instrumental,../data/raw/fma_small/124/124179.mp3
124180,No Doubt,Instrumental,../data/raw/fma_small/124/124180.mp3
124181,Haven,Instrumental,../data/raw/fma_small/124/124181.mp3
124183,Saying Goodbye In The Rain (string),Instrumental,../data/raw/fma_small/124/124183.mp3
124184,Heist,Rock,../data/raw/fma_small/124/124184.mp3
124185,Wrecking Ball Surprise,Rock,../data/raw/fma_small/124/124185.mp3
124186,Bloodgod,Rock,../data/raw/fma_small/124/124186.mp3
124201,Sungazers,Rock,../data/raw/fma_small/124/124201.mp3
124231,AVIATION CRAB ORCHESTRA (PACHELBELS CANNON),Experimental,../data/raw/fma_small/124/124231.mp3
124391,Impulsion pt.1,Rock,../data/raw/fma_small/124/124391.mp3
124392,Into Orbit,Rock,../data/raw/fma_small/124/124392.mp3
124393,Impulsion pt.2,Rock,../data/raw/fma_small/124/124393.mp3
124394,Not Coming Back,Rock,../data/raw/fma_small/124/124394.mp3
124409,Race Against Time,Experimental,../data/raw/fma_small/124/124409.mp3
124411,Get A Haircut,Experimental,../data/raw/fma_small/124/124411.mp3
124424,Variations On A Theme by V-Effect,Folk,../data/raw/fma_small/124/124424.mp3
124425,One Tortured Winter,Folk,../data/raw/fma_small/124/124425.mp3
124426,House Was On Fire,Folk,../data/raw/fma_small/124/124426.mp3
124460,Devil's Own Strumpet,Rock,../data/raw/fma_small/124/124460.mp3
124461,Inheritance From The Classical World,Rock,../data/raw/fma_small/124/124461.mp3
124470,Poppers,Rock,../data/raw/fma_small/124/124470.mp3
124474,Funny Ways,Pop,../data/raw/fma_small/124/124474.mp3
124477,Ring Goes The Phone,Pop,../data/raw/fma_small/124/124477.mp3
124479,Sounds Of Sold,Pop,../data/raw/fma_small/124/124479.mp3
124480,The Black Condor,Pop,../data/raw/fma_small/124/124480.mp3
124481,Farmer John,Pop,../data/raw/fma_small/124/124481.mp3
124482,Went To Sea,Pop,../data/raw/fma_small/124/124482.mp3
124483,Stilts,Pop,../data/raw/fma_small/124/124483.mp3
124484,Adios,Pop,../data/raw/fma_small/124/124484.mp3
124485,Hopper's Encore,Pop,../data/raw/fma_small/124/124485.mp3
124509,'n Wind fuatan,Experimental,../data/raw/fma_small/124/124509.mp3
124517,Sad Songs Pt.I - Bells,Experimental,../data/raw/fma_small/124/124517.mp3
124518,Sad Songs Pt.II - Unverklaerte Nacht,Experimental,../data/raw/fma_small/124/124518.mp3
124519,Sad Songs Pt.III - A Simple Etude For Overdriven Bass,Experimental,../data/raw/fma_small/124/124519.mp3
124554,The Need,Electronic,../data/raw/fma_small/124/124554.mp3
124555,To Survive,Electronic,../data/raw/fma_small/124/124555.mp3
124702,Campus News Set Back Bill Interlude,Hip-Hop,../data/raw/fma_small/124/124702.mp3
124752,Aitken Basin,Electronic,../data/raw/fma_small/124/124752.mp3
124753,Kyoketsu Shoge,Electronic,../data/raw/fma_small/124/124753.mp3
124754,Carry A Nation,Electronic,../data/raw/fma_small/124/124754.mp3
124755,The Void,Electronic,../data/raw/fma_small/124/124755.mp3
124756,Ninja,Electronic,../data/raw/fma_small/124/124756.mp3
124870,"Five-O (Improvisation for Five Police Scanners, Three Synthesizers, and Sound Effects Tape)",Experimental,../data/raw/fma_small/124/124870.mp3
124872,Drown in Mirrors,Instrumental,../data/raw/fma_small/124/124872.mp3
124873,Crystal Echoes,Instrumental,../data/raw/fma_small/124/124873.mp3
124874,Mindship,Instrumental,../data/raw/fma_small/124/124874.mp3
124875,Sea & Night,Instrumental,../data/raw/fma_small/124/124875.mp3
124876,Fragile Ice,Instrumental,../data/raw/fma_small/124/124876.mp3
124877,North,Instrumental,../data/raw/fma_small/124/124877.mp3
124891,Proyecto U-90,Experimental,../data/raw/fma_small/124/124891.mp3
124892,Proyecto U-4 (coda U-20),Experimental,../data/raw/fma_small/124/124892.mp3
124912,Runner,Electronic,../data/raw/fma_small/124/124912.mp3
124913,Monster,Electronic,../data/raw/fma_small/124/124913.mp3
124915,Monument,Electronic,../data/raw/fma_small/124/124915.mp3
124916,Zombie Disco,Electronic,../data/raw/fma_small/124/124916.mp3
124917,The And Of The World,Electronic,../data/raw/fma_small/124/124917.mp3
124918,She Does Her Best (feat. Small Colin),Electronic,../data/raw/fma_small/124/124918.mp3
124971,AVIATION CRAB ORCHESTRA (KOPER BUSKING),Experimental,../data/raw/fma_small/124/124971.mp3
124992,Intro,Rock,../data/raw/fma_small/124/124992.mp3
124996,Life's A Beach,Rock,../data/raw/fma_small/124/124996.mp3
125001,899 Seconds,Rock,../data/raw/fma_small/125/125001.mp3
125002,Maiden Voyage,Rock,../data/raw/fma_small/125/125002.mp3
125003,Thanks A Million,Rock,../data/raw/fma_small/125/125003.mp3
125004,Outro,Rock,../data/raw/fma_small/125/125004.mp3
125154,Hipster's Call,Electronic,../data/raw/fma_small/125/125154.mp3
125156,Big Fatty,Electronic,../data/raw/fma_small/125/125156.mp3
125157,The Far Land,Electronic,../data/raw/fma_small/125/125157.mp3
125158,Rhubarb,Electronic,../data/raw/fma_small/125/125158.mp3
125159,Reel Life,Electronic,../data/raw/fma_small/125/125159.mp3
125160,Stargate Pumpin,Electronic,../data/raw/fma_small/125/125160.mp3
125161,Love Is All,Electronic,../data/raw/fma_small/125/125161.mp3
125182,Loose Fur,Folk,../data/raw/fma_small/125/125182.mp3
125183,Marvelous,Folk,../data/raw/fma_small/125/125183.mp3
125185,Life Unfolds,Folk,../data/raw/fma_small/125/125185.mp3
125186,Summer,Folk,../data/raw/fma_small/125/125186.mp3
125187,Too Late,Folk,../data/raw/fma_small/125/125187.mp3
125188,Be Free,Folk,../data/raw/fma_small/125/125188.mp3
125189,I'd Rather Take the Old Way,Folk,../data/raw/fma_small/125/125189.mp3
125190,Lucky,Folk,../data/raw/fma_small/125/125190.mp3
125191,Alive,Folk,../data/raw/fma_small/125/125191.mp3
125192,The Mountains Will Collide,Folk,../data/raw/fma_small/125/125192.mp3
125193,Fall In Love Again,Folk,../data/raw/fma_small/125/125193.mp3
125194,Found It All,Folk,../data/raw/fma_small/125/125194.mp3
125195,Deck Of Cards,Folk,../data/raw/fma_small/125/125195.mp3
125196,Who We Are,Folk,../data/raw/fma_small/125/125196.mp3
125237,Teo,Experimental,../data/raw/fma_small/125/125237.mp3
125238,Palmillas,Experimental,../data/raw/fma_small/125/125238.mp3
125239,Iglesia de Nuestra Señora de Fatima,Experimental,../data/raw/fma_small/125/125239.mp3
125240,Allende,Experimental,../data/raw/fma_small/125/125240.mp3
125286,Tonight (Beat Doctor edit),Electronic,../data/raw/fma_small/125/125286.mp3
125287,Follow Me (edit),Electronic,../data/raw/fma_small/125/125287.mp3
125288,Lava Lamp (Blastculture 3:28AM remix),Electronic,../data/raw/fma_small/125/125288.mp3
125289,Sands Of Time,Electronic,../data/raw/fma_small/125/125289.mp3
125291,The Piano Tune,Electronic,../data/raw/fma_small/125/125291.mp3
125293,Against The Grain (Phish Funk remix),Electronic,../data/raw/fma_small/125/125293.mp3
125298,Liquid Nitrogen,Electronic,../data/raw/fma_small/125/125298.mp3
125299,Organic (electric edit),Electronic,../data/raw/fma_small/125/125299.mp3
125312,Girl From The North,International,../data/raw/fma_small/125/125312.mp3
125313,No Sudden Moves,International,../data/raw/fma_small/125/125313.mp3
125314,Tokay,International,../data/raw/fma_small/125/125314.mp3
125315,Blacknote,Electronic,../data/raw/fma_small/125/125315.mp3
125333,trASh piANo 1,Experimental,../data/raw/fma_small/125/125333.mp3
125337,traSH piaNO thEMe,Experimental,../data/raw/fma_small/125/125337.mp3
125375,Climbing Up,Pop,../data/raw/fma_small/125/125375.mp3
125377,Hopper's Encore,Pop,../data/raw/fma_small/125/125377.mp3
125432,Haunted Beach Party,Rock,../data/raw/fma_small/125/125432.mp3
125551,Cyber-nez-tiques,Rock,../data/raw/fma_small/125/125551.mp3
125612,Chain Link,Instrumental,../data/raw/fma_small/125/125612.mp3
125614,Smooth Stone,Instrumental,../data/raw/fma_small/125/125614.mp3
125616,Waypoint 7,Instrumental,../data/raw/fma_small/125/125616.mp3
125617,Drifting Spade,Instrumental,../data/raw/fma_small/125/125617.mp3
125618,Flitless,Instrumental,../data/raw/fma_small/125/125618.mp3
125620,Likin,Instrumental,../data/raw/fma_small/125/125620.mp3
125621,Tranceless,Instrumental,../data/raw/fma_small/125/125621.mp3
125622,Interm,Instrumental,../data/raw/fma_small/125/125622.mp3
125657,Demalion - Copper Halls,Instrumental,../data/raw/fma_small/125/125657.mp3
125659,Demalion - Theme,Instrumental,../data/raw/fma_small/125/125659.mp3
125680,Comma,Instrumental,../data/raw/fma_small/125/125680.mp3
125681,Eventual Victory,Instrumental,../data/raw/fma_small/125/125681.mp3
125721,Swims,Pop,../data/raw/fma_small/125/125721.mp3
125722,Stutter,Pop,../data/raw/fma_small/125/125722.mp3
125723,Vacation,Pop,../data/raw/fma_small/125/125723.mp3
125774,Bone Rattle,Rock,../data/raw/fma_small/125/125774.mp3
125776,Vices / So Long,Rock,../data/raw/fma_small/125/125776.mp3
125777,Bed Bugs,Rock,../data/raw/fma_small/125/125777.mp3
125778,Weekend,Rock,../data/raw/fma_small/125/125778.mp3
125779,Acid Rain,Rock,../data/raw/fma_small/125/125779.mp3
125809,Alchemical,Instrumental,../data/raw/fma_small/125/125809.mp3
125812,Marble Chase,Instrumental,../data/raw/fma_small/125/125812.mp3
125813,Marble Transit,Instrumental,../data/raw/fma_small/125/125813.mp3
125814,Shadow Play,Instrumental,../data/raw/fma_small/125/125814.mp3
125815,Bouncing,Instrumental,../data/raw/fma_small/125/125815.mp3
125816,Grimmer,Instrumental,../data/raw/fma_small/125/125816.mp3
125817,Indirect,Instrumental,../data/raw/fma_small/125/125817.mp3
125818,Lowbrow,Instrumental,../data/raw/fma_small/125/125818.mp3
125819,Lubber,Instrumental,../data/raw/fma_small/125/125819.mp3
125820,Master,Instrumental,../data/raw/fma_small/125/125820.mp3
125821,Micro,Instrumental,../data/raw/fma_small/125/125821.mp3
125822,Slimm,Instrumental,../data/raw/fma_small/125/125822.mp3
125823,Delicious,Instrumental,../data/raw/fma_small/125/125823.mp3
125824,Festering,Instrumental,../data/raw/fma_small/125/125824.mp3
125825,Gondola Blue,Instrumental,../data/raw/fma_small/125/125825.mp3
125826,Theme,Instrumental,../data/raw/fma_small/125/125826.mp3
125827,Transit Alias,Instrumental,../data/raw/fma_small/125/125827.mp3
125999,Zon,Electronic,../data/raw/fma_small/125/125999.mp3
126014,Domina Transit,Instrumental,../data/raw/fma_small/126/126014.mp3
126015,Flower,Instrumental,../data/raw/fma_small/126/126015.mp3
126016,Midday,Instrumental,../data/raw/fma_small/126/126016.mp3
126017,Pickers,Instrumental,../data/raw/fma_small/126/126017.mp3
126018,Tripoli,Instrumental,../data/raw/fma_small/126/126018.mp3
126047,"""I'm Eating Plastic""",Rock,../data/raw/fma_small/126/126047.mp3
126055,Temporal Parallax,Experimental,../data/raw/fma_small/126/126055.mp3
126102,Conscience Down,Pop,../data/raw/fma_small/126/126102.mp3
126103,Extra Pay,Pop,../data/raw/fma_small/126/126103.mp3
126104,Just Fine,Pop,../data/raw/fma_small/126/126104.mp3
126105,Nice,Pop,../data/raw/fma_small/126/126105.mp3
126180,Heavy Falling Feather,Instrumental,../data/raw/fma_small/126/126180.mp3
126181,Hope,Instrumental,../data/raw/fma_small/126/126181.mp3
126182,Funkymeter,Instrumental,../data/raw/fma_small/126/126182.mp3
126183,The Rise and The Fall,Instrumental,../data/raw/fma_small/126/126183.mp3
126185,Third Floor,Instrumental,../data/raw/fma_small/126/126185.mp3
126186,Frustration,Instrumental,../data/raw/fma_small/126/126186.mp3
126187,Palavras do Silencio,Instrumental,../data/raw/fma_small/126/126187.mp3
126188,Just Dream,Instrumental,../data/raw/fma_small/126/126188.mp3
126189,Joy,Instrumental,../data/raw/fma_small/126/126189.mp3
126214,Andelo,Instrumental,../data/raw/fma_small/126/126214.mp3
126215,Cab Ride,Instrumental,../data/raw/fma_small/126/126215.mp3
126216,Cach,Instrumental,../data/raw/fma_small/126/126216.mp3
126217,Helado,Instrumental,../data/raw/fma_small/126/126217.mp3
126218,La Focsa,Instrumental,../data/raw/fma_small/126/126218.mp3
126219,Minutes,Instrumental,../data/raw/fma_small/126/126219.mp3
126220,Monder,Instrumental,../data/raw/fma_small/126/126220.mp3
126221,Naram​-​Sin,Experimental,../data/raw/fma_small/126/126221.mp3
126223,Cumbia Masonica,Experimental,../data/raw/fma_small/126/126223.mp3
126224,Estela Tractus,Experimental,../data/raw/fma_small/126/126224.mp3
126225,Medusa Mayorina,Experimental,../data/raw/fma_small/126/126225.mp3
126226,الغول,Experimental,../data/raw/fma_small/126/126226.mp3
126227,La Barcaza,Experimental,../data/raw/fma_small/126/126227.mp3
126229,Javan,Instrumental,../data/raw/fma_small/126/126229.mp3
126230,Mosic,Instrumental,../data/raw/fma_small/126/126230.mp3
126231,Silky,Instrumental,../data/raw/fma_small/126/126231.mp3
126232,Thread Indigo,Instrumental,../data/raw/fma_small/126/126232.mp3
126233,Thread Magenta,Instrumental,../data/raw/fma_small/126/126233.mp3
126234,Three for Julia,Instrumental,../data/raw/fma_small/126/126234.mp3
126240,Speaking in Hushed Tones,Instrumental,../data/raw/fma_small/126/126240.mp3
126241,Walking in the Boots of Old Cowboys,Instrumental,../data/raw/fma_small/126/126241.mp3
126242,What Happened to the Way We Were?,Instrumental,../data/raw/fma_small/126/126242.mp3
126243,"Wherever You Are, Whatever You Do, Please Remember Me As I Do You?",Instrumental,../data/raw/fma_small/126/126243.mp3
126276,Lights Out,Instrumental,../data/raw/fma_small/126/126276.mp3
126283,On Three Legs,Instrumental,../data/raw/fma_small/126/126283.mp3
126289,Thread Caramb,Instrumental,../data/raw/fma_small/126/126289.mp3
126290,Thread Ceylon,Instrumental,../data/raw/fma_small/126/126290.mp3
126291,Thread Jessup,Instrumental,../data/raw/fma_small/126/126291.mp3
126292,Universal Warrior (Special Edition),Electronic,../data/raw/fma_small/126/126292.mp3
126294,Sheffield Hall,Rock,../data/raw/fma_small/126/126294.mp3
126295,Living on the Wind,Rock,../data/raw/fma_small/126/126295.mp3
126297,Sprocket,Rock,../data/raw/fma_small/126/126297.mp3
126300,Scramby Eggs,Rock,../data/raw/fma_small/126/126300.mp3
126316,Humajataritee,Instrumental,../data/raw/fma_small/126/126316.mp3
126317,Silent Passing,Instrumental,../data/raw/fma_small/126/126317.mp3
126318,Jeemo,Instrumental,../data/raw/fma_small/126/126318.mp3
126319,Distress Call,Instrumental,../data/raw/fma_small/126/126319.mp3
126320,Juha's Kantele,Instrumental,../data/raw/fma_small/126/126320.mp3
126321,Kiitos,Instrumental,../data/raw/fma_small/126/126321.mp3
126354,birthday,Pop,../data/raw/fma_small/126/126354.mp3
126357,wuzzah monster,Pop,../data/raw/fma_small/126/126357.mp3
126362,deathstar,Pop,../data/raw/fma_small/126/126362.mp3
126398,Spirituals,Pop,../data/raw/fma_small/126/126398.mp3
126400,Terminally in Love With You,Pop,../data/raw/fma_small/126/126400.mp3
126401,Flow Thru Another,Pop,../data/raw/fma_small/126/126401.mp3
126402,Baldwin,Pop,../data/raw/fma_small/126/126402.mp3
126403,Forest Friends,Pop,../data/raw/fma_small/126/126403.mp3
126404,Which Wine?,Pop,../data/raw/fma_small/126/126404.mp3
126405,® o c k e t s,Pop,../data/raw/fma_small/126/126405.mp3
126406,Noodie,Pop,../data/raw/fma_small/126/126406.mp3
126407,Junk Mail,Pop,../data/raw/fma_small/126/126407.mp3
126408,A Simple Shroud,Instrumental,../data/raw/fma_small/126/126408.mp3
126409,Catcher Textile,Instrumental,../data/raw/fma_small/126/126409.mp3
126410,Chase and We Follow,Instrumental,../data/raw/fma_small/126/126410.mp3
126411,Chromium Blush,Instrumental,../data/raw/fma_small/126/126411.mp3
126412,Lesser Gods of Metal,Instrumental,../data/raw/fma_small/126/126412.mp3
126413,Reflectors,Instrumental,../data/raw/fma_small/126/126413.mp3
126414,Myrian,Instrumental,../data/raw/fma_small/126/126414.mp3
126415,Pavement Hack,Instrumental,../data/raw/fma_small/126/126415.mp3
126416,Stakes and Things,Instrumental,../data/raw/fma_small/126/126416.mp3
126417,Tyrano Theme,Instrumental,../data/raw/fma_small/126/126417.mp3
126425,First the bird fell,Pop,../data/raw/fma_small/126/126425.mp3
126426,"Pick a subject, let's have an argument",Pop,../data/raw/fma_small/126/126426.mp3
126427,Stop motion,Pop,../data/raw/fma_small/126/126427.mp3
126428,Here the sea speaks in whispers,Pop,../data/raw/fma_small/126/126428.mp3
126429,It's the end of the world... shhh don't tell the kids,Pop,../data/raw/fma_small/126/126429.mp3
126430,-,Pop,../data/raw/fma_small/126/126430.mp3
126431,I'd rather you lied,Pop,../data/raw/fma_small/126/126431.mp3
126455,black walnut vigil,Folk,../data/raw/fma_small/126/126455.mp3
126489,Friends All Around,Folk,../data/raw/fma_small/126/126489.mp3
126490,Just Like You,Folk,../data/raw/fma_small/126/126490.mp3
126491,I Will Devour,Folk,../data/raw/fma_small/126/126491.mp3
126505,Anaximander Fragment,Experimental,../data/raw/fma_small/126/126505.mp3
126506,Anakrosmix,Experimental,../data/raw/fma_small/126/126506.mp3
126507,Okružen mrtvima (Hymne de Soleil),Experimental,../data/raw/fma_small/126/126507.mp3
126508,Cultures All In Harmony,Experimental,../data/raw/fma_small/126/126508.mp3
126510,Anakrousis,Experimental,../data/raw/fma_small/126/126510.mp3
126512,Pythian Chant,Experimental,../data/raw/fma_small/126/126512.mp3
126516,Ancient Greece Noise,Experimental,../data/raw/fma_small/126/126516.mp3
126519,Agia Kore,Experimental,../data/raw/fma_small/126/126519.mp3
126520,Αρχαία Μουσική Για Σύγχρονη Φορές (Ancient Music For Modern Times),Experimental,../data/raw/fma_small/126/126520.mp3
126521,Hymne de apophia,Experimental,../data/raw/fma_small/126/126521.mp3
126522,Phrygian Alure (Γιαάν Πάτερσον),Experimental,../data/raw/fma_small/126/126522.mp3
126550,Matter001,Experimental,../data/raw/fma_small/126/126550.mp3
126557,Matter008,Experimental,../data/raw/fma_small/126/126557.mp3
126559,Matter003,Experimental,../data/raw/fma_small/126/126559.mp3
126584,Touch The Send,Instrumental,../data/raw/fma_small/126/126584.mp3
126585,Autumnal Time,Instrumental,../data/raw/fma_small/126/126585.mp3
126586,The Mountain Breeze of Nostalgia,Instrumental,../data/raw/fma_small/126/126586.mp3
126587,After Midnight,Instrumental,../data/raw/fma_small/126/126587.mp3
126588,Look Out The Window At The Rain,Instrumental,../data/raw/fma_small/126/126588.mp3
126589,The Galactic Cluster In A Burning Fireplace,Instrumental,../data/raw/fma_small/126/126589.mp3
126598,Sixes Are Silent (Alternate Version),Rock,../data/raw/fma_small/126/126598.mp3
126600,Follow An Ar Christ Rabbit,Experimental,../data/raw/fma_small/126/126600.mp3
126601,The Taylor Swift Capitalist Death Cult,Experimental,../data/raw/fma_small/126/126601.mp3
126602,Neon Hippies,Experimental,../data/raw/fma_small/126/126602.mp3
126603,Hipster Cop,Experimental,../data/raw/fma_small/126/126603.mp3
126605,Urban Coyote,Experimental,../data/raw/fma_small/126/126605.mp3
126606,Drugged Pedestrians,Experimental,../data/raw/fma_small/126/126606.mp3
126607,Rogue Owl,Experimental,../data/raw/fma_small/126/126607.mp3
126608,Wolf Dunes,Experimental,../data/raw/fma_small/126/126608.mp3
126646,LifeCycle,Instrumental,../data/raw/fma_small/126/126646.mp3
126666,Graceland Cemetery,Rock,../data/raw/fma_small/126/126666.mp3
126667,Halloween Parade,Rock,../data/raw/fma_small/126/126667.mp3
126668,I'll Take Care Of It,Rock,../data/raw/fma_small/126/126668.mp3
126669,Lake On Draft,Rock,../data/raw/fma_small/126/126669.mp3
126670,Not Even Dust,Rock,../data/raw/fma_small/126/126670.mp3
126671,Ross Sea Party,Rock,../data/raw/fma_small/126/126671.mp3
126672,Three Towns,Rock,../data/raw/fma_small/126/126672.mp3
126673,To Ruin,Rock,../data/raw/fma_small/126/126673.mp3
126674,We Keep The Same Hours,Rock,../data/raw/fma_small/126/126674.mp3
126675,You Look Pale,Rock,../data/raw/fma_small/126/126675.mp3
126676,You Wouldn't Lie To Me,Rock,../data/raw/fma_small/126/126676.mp3
126716,Slow Slow Sky,Instrumental,../data/raw/fma_small/126/126716.mp3
126717,Nuthatch,Instrumental,../data/raw/fma_small/126/126717.mp3
126718,Jackbird,Instrumental,../data/raw/fma_small/126/126718.mp3
126719,Cottonwoods,Instrumental,../data/raw/fma_small/126/126719.mp3
126720,Blue Jay,Instrumental,../data/raw/fma_small/126/126720.mp3
126743,Last Chance,Folk,../data/raw/fma_small/126/126743.mp3
126746,Best Of Me,Folk,../data/raw/fma_small/126/126746.mp3
126747,Child of the 70's,Folk,../data/raw/fma_small/126/126747.mp3
126748,Crooked Ears,Folk,../data/raw/fma_small/126/126748.mp3
126749,Malorie,Folk,../data/raw/fma_small/126/126749.mp3
126773,Emu In The Bass,Electronic,../data/raw/fma_small/126/126773.mp3
126778,I Miss You Already,Folk,../data/raw/fma_small/126/126778.mp3
126781,Pop Boy,Folk,../data/raw/fma_small/126/126781.mp3
126782,Happy Harlem (explicit),Folk,../data/raw/fma_small/126/126782.mp3
126786,Leaping Frogs,Folk,../data/raw/fma_small/126/126786.mp3
126789,Art School Lover,Folk,../data/raw/fma_small/126/126789.mp3
126790,Golden Success,Folk,../data/raw/fma_small/126/126790.mp3
126882,Heliotrope,Instrumental,../data/raw/fma_small/126/126882.mp3
126883,In Paler Skies,Instrumental,../data/raw/fma_small/126/126883.mp3
126884,Surly Bonds,Instrumental,../data/raw/fma_small/126/126884.mp3
126885,The Envelope,Instrumental,../data/raw/fma_small/126/126885.mp3
126886,The Zeppelin,Instrumental,../data/raw/fma_small/126/126886.mp3
126887,Vittoro,Instrumental,../data/raw/fma_small/126/126887.mp3
126899,Kuma,Electronic,../data/raw/fma_small/126/126899.mp3
126900,Lesath,Electronic,../data/raw/fma_small/126/126900.mp3
126944,Here They Come,Rock,../data/raw/fma_small/126/126944.mp3
126979,Listening for Sounds,Folk,../data/raw/fma_small/126/126979.mp3
127036,Cousin Silas - View from a stationary train,Instrumental,../data/raw/fma_small/127/127036.mp3
127037,Bonus track: Cousin Silas & Black Hill - Sand of the South,Instrumental,../data/raw/fma_small/127/127037.mp3
127062,When I'm Gone,Folk,../data/raw/fma_small/127/127062.mp3
127066,Mirror,Folk,../data/raw/fma_small/127/127066.mp3
127155,So Sad,Experimental,../data/raw/fma_small/127/127155.mp3
127159,Rooter (Happy'n Deep Mix),Electronic,../data/raw/fma_small/127/127159.mp3
127180,Le Paradis,Pop,../data/raw/fma_small/127/127180.mp3
127181,Sharks,Pop,../data/raw/fma_small/127/127181.mp3
127182,Springtime,Pop,../data/raw/fma_small/127/127182.mp3
127183,Birds,Pop,../data/raw/fma_small/127/127183.mp3
127184,I Saw A Ghost,Pop,../data/raw/fma_small/127/127184.mp3
127185,Oceans Apart,Pop,../data/raw/fma_small/127/127185.mp3
127186,People Of The Eternal Sun,Pop,../data/raw/fma_small/127/127186.mp3
127187,Careful,Pop,../data/raw/fma_small/127/127187.mp3
127188,Basquiat,Pop,../data/raw/fma_small/127/127188.mp3
127189,A La Fraîche,Pop,../data/raw/fma_small/127/127189.mp3
127190,Tag med på landet,Folk,../data/raw/fma_small/127/127190.mp3
127191,Hvis du ser mig går det skidt,Folk,../data/raw/fma_small/127/127191.mp3
127192,Højt op,Folk,../data/raw/fma_small/127/127192.mp3
127193,Darwinisme,Folk,../data/raw/fma_small/127/127193.mp3
127194,Mareridt,Folk,../data/raw/fma_small/127/127194.mp3
127203,Total Nightmare,Pop,../data/raw/fma_small/127/127203.mp3
127204,Chop Chop,Pop,../data/raw/fma_small/127/127204.mp3
127205,Everything Fell Into Place,Pop,../data/raw/fma_small/127/127205.mp3
127206,Annie in Luck,Pop,../data/raw/fma_small/127/127206.mp3
127207,Marichi,Instrumental,../data/raw/fma_small/127/127207.mp3
127208,Sequoia,Instrumental,../data/raw/fma_small/127/127208.mp3
127209,The Abyss,Instrumental,../data/raw/fma_small/127/127209.mp3
127210,The Chamber,Instrumental,../data/raw/fma_small/127/127210.mp3
127211,Sonar,Instrumental,../data/raw/fma_small/127/127211.mp3
127212,Una bella,Instrumental,../data/raw/fma_small/127/127212.mp3
127263,OST 08 Rescued :-),Electronic,../data/raw/fma_small/127/127263.mp3
127265,Every Time,Folk,../data/raw/fma_small/127/127265.mp3
127266,Come Back to Nashville,Folk,../data/raw/fma_small/127/127266.mp3
127267,All of Everything,Folk,../data/raw/fma_small/127/127267.mp3
127268,Bad Kisingen,Pop,../data/raw/fma_small/127/127268.mp3
127269,Shine and Hum,Pop,../data/raw/fma_small/127/127269.mp3
127271,Do You Like Forces of Nature?,Pop,../data/raw/fma_small/127/127271.mp3
127273,Appeal To,Pop,../data/raw/fma_small/127/127273.mp3
127274,This Turkey Town,Pop,../data/raw/fma_small/127/127274.mp3
127275,Do You Want To Talk About It?,Pop,../data/raw/fma_small/127/127275.mp3
127276,Shin A-lam,Pop,../data/raw/fma_small/127/127276.mp3
127277,Chasy Trapman,Pop,../data/raw/fma_small/127/127277.mp3
127278,Distant Lover,Pop,../data/raw/fma_small/127/127278.mp3
127279,Don't Fall Asleep,Pop,../data/raw/fma_small/127/127279.mp3
127280,Muscle Memory,Pop,../data/raw/fma_small/127/127280.mp3
127281,Magic Tool,Pop,../data/raw/fma_small/127/127281.mp3
127285,Oceans Now,Pop,../data/raw/fma_small/127/127285.mp3
127286,Napapiiri,Pop,../data/raw/fma_small/127/127286.mp3
127287,Tide Rising,Pop,../data/raw/fma_small/127/127287.mp3
127288,Colloquial,Pop,../data/raw/fma_small/127/127288.mp3
127289,Please Let Me Stay,Pop,../data/raw/fma_small/127/127289.mp3
127290,Bruxelles,Pop,../data/raw/fma_small/127/127290.mp3
127294,Autopsy,Pop,../data/raw/fma_small/127/127294.mp3
127295,Hungry,Pop,../data/raw/fma_small/127/127295.mp3
127296,First Glance,Pop,../data/raw/fma_small/127/127296.mp3
127297,The Pursuit of Unintentional Humor,Pop,../data/raw/fma_small/127/127297.mp3
127298,Lovedreams,Pop,../data/raw/fma_small/127/127298.mp3
127299,With the Summer,Pop,../data/raw/fma_small/127/127299.mp3
127300,Lackadaisical,Pop,../data/raw/fma_small/127/127300.mp3
127301,New Brave Face,Pop,../data/raw/fma_small/127/127301.mp3
127302,Roundtrip,Pop,../data/raw/fma_small/127/127302.mp3
127303,Snowday,Pop,../data/raw/fma_small/127/127303.mp3
127330,In A Dream,Rock,../data/raw/fma_small/127/127330.mp3
127331,Alone Again,Instrumental,../data/raw/fma_small/127/127331.mp3
127339,Nine Stones,Rock,../data/raw/fma_small/127/127339.mp3
127343,O2,Electronic,../data/raw/fma_small/127/127343.mp3
127349,P.Mantium,Electronic,../data/raw/fma_small/127/127349.mp3
127350,恐怖,Electronic,../data/raw/fma_small/127/127350.mp3
127356,I Apologize (Medley),International,../data/raw/fma_small/127/127356.mp3
127357,Crazy U,International,../data/raw/fma_small/127/127357.mp3
127358,Push Button Generation,International,../data/raw/fma_small/127/127358.mp3
127359,Come When You Can,International,../data/raw/fma_small/127/127359.mp3
127360,My Soul,International,../data/raw/fma_small/127/127360.mp3
127402,C8H11NO2,Experimental,../data/raw/fma_small/127/127402.mp3
127422,Violoncello Intermezzo,Experimental,../data/raw/fma_small/127/127422.mp3
127469,Mama Medusa,Experimental,../data/raw/fma_small/127/127469.mp3
127484,Under the Labyrinth,Experimental,../data/raw/fma_small/127/127484.mp3
127494,Begrudge,Instrumental,../data/raw/fma_small/127/127494.mp3
127495,Distill,Instrumental,../data/raw/fma_small/127/127495.mp3
127496,Entrap,Instrumental,../data/raw/fma_small/127/127496.mp3
127497,In Other Times,Instrumental,../data/raw/fma_small/127/127497.mp3
127498,Scratcher,Instrumental,../data/raw/fma_small/127/127498.mp3
127499,Stale Case,Instrumental,../data/raw/fma_small/127/127499.mp3
127519,A Journey In To The Great Unknown,Instrumental,../data/raw/fma_small/127/127519.mp3
127520,Unfinished Business,Instrumental,../data/raw/fma_small/127/127520.mp3
127532,No Brain,Experimental,../data/raw/fma_small/127/127532.mp3
127541,The Trap Door,Experimental,../data/raw/fma_small/127/127541.mp3
127542,Alike After All,Experimental,../data/raw/fma_small/127/127542.mp3
127559,High Hopes,Rock,../data/raw/fma_small/127/127559.mp3
127620,Ein Art Einleitung,Pop,../data/raw/fma_small/127/127620.mp3
127623,Space Kreuzfahrt,Pop,../data/raw/fma_small/127/127623.mp3
127648,Bkls,Instrumental,../data/raw/fma_small/127/127648.mp3
127660,Mknt,Instrumental,../data/raw/fma_small/127/127660.mp3
127661,Krok,Instrumental,../data/raw/fma_small/127/127661.mp3
127662,Gtks,Instrumental,../data/raw/fma_small/127/127662.mp3
127663,Drch,Instrumental,../data/raw/fma_small/127/127663.mp3
127720,Rich Albertoni / Stinge,Rock,../data/raw/fma_small/127/127720.mp3
127722,Aus,Folk,../data/raw/fma_small/127/127722.mp3
127726,Schankeshaus,Folk,../data/raw/fma_small/127/127726.mp3
127798,FÜSSGANGER,Experimental,../data/raw/fma_small/127/127798.mp3
127804,Starlight,Electronic,../data/raw/fma_small/127/127804.mp3
127806,The Dead Of Night,Electronic,../data/raw/fma_small/127/127806.mp3
127865,Accordion Dirge,International,../data/raw/fma_small/127/127865.mp3
127866,Paris Ballade,International,../data/raw/fma_small/127/127866.mp3
127867,Rainy Night (accordion),International,../data/raw/fma_small/127/127867.mp3
127868,Clichy Waltz,International,../data/raw/fma_small/127/127868.mp3
127869,Sad French Accordion,International,../data/raw/fma_small/127/127869.mp3
127870,Tomorrow Comes (accordion),International,../data/raw/fma_small/127/127870.mp3
127871,Swinging in the 7th,International,../data/raw/fma_small/127/127871.mp3
127878,Reaper,Experimental,../data/raw/fma_small/127/127878.mp3
127908,Jump Rope,Pop,../data/raw/fma_small/127/127908.mp3
127909,Playgrounds,Pop,../data/raw/fma_small/127/127909.mp3
127910,Set You Off,Pop,../data/raw/fma_small/127/127910.mp3
127911,Elsewhere,Pop,../data/raw/fma_small/127/127911.mp3
127912,Incandescent,Pop,../data/raw/fma_small/127/127912.mp3
127913,See You Cry,Pop,../data/raw/fma_small/127/127913.mp3
127914,Turtle Doves,Pop,../data/raw/fma_small/127/127914.mp3
127915,Purple Sunshine,Pop,../data/raw/fma_small/127/127915.mp3
127916,Hurry,Folk,../data/raw/fma_small/127/127916.mp3
127936,Armageddon,Electronic,../data/raw/fma_small/127/127936.mp3
127996,Labyrinth,Instrumental,../data/raw/fma_small/127/127996.mp3
128441,The More Things Change,Hip-Hop,../data/raw/fma_small/128/128441.mp3
128443,a night lost,Hip-Hop,../data/raw/fma_small/128/128443.mp3
128448,Low,Rock,../data/raw/fma_small/128/128448.mp3
128469,The Shoes They Wear,Instrumental,../data/raw/fma_small/128/128469.mp3
128470,Over the Fence,Instrumental,../data/raw/fma_small/128/128470.mp3
128471,Flattered,Instrumental,../data/raw/fma_small/128/128471.mp3
128472,At All Ends,Instrumental,../data/raw/fma_small/128/128472.mp3
128473,A Burst of Light,Instrumental,../data/raw/fma_small/128/128473.mp3
128476,Memories=Lies,Pop,../data/raw/fma_small/128/128476.mp3
128477,GO!GO!GO!,Pop,../data/raw/fma_small/128/128477.mp3
128482,Wild Waste,Pop,../data/raw/fma_small/128/128482.mp3
128484,Wrists Like Little Branches (Basement Skylights Remix),Pop,../data/raw/fma_small/128/128484.mp3
128494,You Ain't Nothin (Featuring Drano & Joey Ripps),Hip-Hop,../data/raw/fma_small/128/128494.mp3
128500,Turnin Clouds into Mountains,Folk,../data/raw/fma_small/128/128500.mp3
128504,Ocean,Rock,../data/raw/fma_small/128/128504.mp3
128619,Chillout Arena,Instrumental,../data/raw/fma_small/128/128619.mp3
128666,We Can Talk About That (Instrumental),Hip-Hop,../data/raw/fma_small/128/128666.mp3
128668,Blue Steel (Instrumental),Hip-Hop,../data/raw/fma_small/128/128668.mp3
128699,Could it be so Hard,Rock,../data/raw/fma_small/128/128699.mp3
128709,Ate A Pizza,Rock,../data/raw/fma_small/128/128709.mp3
128710,Ghost Baby,Rock,../data/raw/fma_small/128/128710.mp3
128711,Junky Magician,Rock,../data/raw/fma_small/128/128711.mp3
128758,Here Come The Horses,Electronic,../data/raw/fma_small/128/128758.mp3
128759,Atrusion Fusion,Electronic,../data/raw/fma_small/128/128759.mp3
128760,AT1,Electronic,../data/raw/fma_small/128/128760.mp3
128799,a.,Experimental,../data/raw/fma_small/128/128799.mp3
128811,Hidden Tiles,Instrumental,../data/raw/fma_small/128/128811.mp3
128812,Lathe,Instrumental,../data/raw/fma_small/128/128812.mp3
128813,Seamless,Instrumental,../data/raw/fma_small/128/128813.mp3
128814,Tar and Spackle,Instrumental,../data/raw/fma_small/128/128814.mp3
128815,Toppler,Instrumental,../data/raw/fma_small/128/128815.mp3
128816,The big out there,Instrumental,../data/raw/fma_small/128/128816.mp3
128825,Nephew Playing Happy Wheels,Experimental,../data/raw/fma_small/128/128825.mp3
128827,"Gas, Opera, Guitars",Experimental,../data/raw/fma_small/128/128827.mp3
128828,"Laughing, Cheering, Sobbing, Selling",Experimental,../data/raw/fma_small/128/128828.mp3
128835,I,Experimental,../data/raw/fma_small/128/128835.mp3
128845,XI,Experimental,../data/raw/fma_small/128/128845.mp3
128878,Festive Felicitations,Experimental,../data/raw/fma_small/128/128878.mp3
128879,Bringing Joy at Christmas,Experimental,../data/raw/fma_small/128/128879.mp3
128880,To Absent Friends this Christmas,Experimental,../data/raw/fma_small/128/128880.mp3
128881,Alone Again at Christmas,Experimental,../data/raw/fma_small/128/128881.mp3
128882,"New Year, New Beginning",Experimental,../data/raw/fma_small/128/128882.mp3
128885,Why?,Instrumental,../data/raw/fma_small/128/128885.mp3
128886,Sad Times,Instrumental,../data/raw/fma_small/128/128886.mp3
128887,Love will Conquer All,Instrumental,../data/raw/fma_small/128/128887.mp3
128888,The Last Goodbyes of Planet Earth,Instrumental,../data/raw/fma_small/128/128888.mp3
128927,Lose None (Featuring Noah O.),Hip-Hop,../data/raw/fma_small/128/128927.mp3
128992,Dawn Breaking,Experimental,../data/raw/fma_small/128/128992.mp3
129039,Parade Shoes,Instrumental,../data/raw/fma_small/129/129039.mp3
129040,Slow Strutt,Instrumental,../data/raw/fma_small/129/129040.mp3
129042,Third in Line,Instrumental,../data/raw/fma_small/129/129042.mp3
129043,When We Set Out,Instrumental,../data/raw/fma_small/129/129043.mp3
129044,Streamer,Instrumental,../data/raw/fma_small/129/129044.mp3
129046,Say You Are Mine,Rock,../data/raw/fma_small/129/129046.mp3
129048,Hanuman,Pop,../data/raw/fma_small/129/129048.mp3
129049,ICUu,Pop,../data/raw/fma_small/129/129049.mp3
129051,Whole Lot Of Louvre,Pop,../data/raw/fma_small/129/129051.mp3
129052,(o)(o)(o),Pop,../data/raw/fma_small/129/129052.mp3
129053,Approaching the Surface,Pop,../data/raw/fma_small/129/129053.mp3
129054,You're Stealing Sound,Pop,../data/raw/fma_small/129/129054.mp3
129055,Xtal Saturation,Pop,../data/raw/fma_small/129/129055.mp3
129056,^!^!^,Pop,../data/raw/fma_small/129/129056.mp3
129088,Vodka And Beer,Rock,../data/raw/fma_small/129/129088.mp3
129089,Loco Banana,Rock,../data/raw/fma_small/129/129089.mp3
129090,Happy Halloween,Rock,../data/raw/fma_small/129/129090.mp3
129091,Cemetery Dance,Rock,../data/raw/fma_small/129/129091.mp3
129092,Beach Boogie,Rock,../data/raw/fma_small/129/129092.mp3
129093,Duane Stomp,Rock,../data/raw/fma_small/129/129093.mp3
129094,Tsunamy,Rock,../data/raw/fma_small/129/129094.mp3
129095,Cowboy Surfer,Rock,../data/raw/fma_small/129/129095.mp3
129096,Black Angel,Rock,../data/raw/fma_small/129/129096.mp3
129097,Blood On Pavement,Rock,../data/raw/fma_small/129/129097.mp3
129098,One Is Always Right,Rock,../data/raw/fma_small/129/129098.mp3
129184,Great is the Contessa,Instrumental,../data/raw/fma_small/129/129184.mp3
129185,Headlights/Mountain Road,Instrumental,../data/raw/fma_small/129/129185.mp3
129186,Paper Napkin,Instrumental,../data/raw/fma_small/129/129186.mp3
129187,Paving Stones,Instrumental,../data/raw/fma_small/129/129187.mp3
129188,Threads and Veils,Instrumental,../data/raw/fma_small/129/129188.mp3
129189,When the Guests Have Left,Instrumental,../data/raw/fma_small/129/129189.mp3
129190,Wisteria,Instrumental,../data/raw/fma_small/129/129190.mp3
129268,Under The Sea,Rock,../data/raw/fma_small/129/129268.mp3
129362,Sous La Mansarde,Pop,../data/raw/fma_small/129/129362.mp3
129372,Le Styliste,Pop,../data/raw/fma_small/129/129372.mp3
129374,L'Universitaire,Pop,../data/raw/fma_small/129/129374.mp3
129375,L'Ecrivaine,Pop,../data/raw/fma_small/129/129375.mp3
129391,Mountaintop,Pop,../data/raw/fma_small/129/129391.mp3
129392,To The Wind,Pop,../data/raw/fma_small/129/129392.mp3
129393,New Leaves,Pop,../data/raw/fma_small/129/129393.mp3
129395,Spreading All Over,International,../data/raw/fma_small/129/129395.mp3
129396,Just A Little Love We Need,International,../data/raw/fma_small/129/129396.mp3
129397,I'm So Glad,International,../data/raw/fma_small/129/129397.mp3
129398,Rock This Session,International,../data/raw/fma_small/129/129398.mp3
129399,Don't You Think It's Time?,Rock,../data/raw/fma_small/129/129399.mp3
129400,Homeland,International,../data/raw/fma_small/129/129400.mp3
129401,Nightmare,International,../data/raw/fma_small/129/129401.mp3
129402,Slow Down,International,../data/raw/fma_small/129/129402.mp3
129403,Should I,International,../data/raw/fma_small/129/129403.mp3
129404,Jehovah,International,../data/raw/fma_small/129/129404.mp3
129405,Satisfaction,International,../data/raw/fma_small/129/129405.mp3
129406,Make It With You,International,../data/raw/fma_small/129/129406.mp3
129407,Mandingo Tribe,International,../data/raw/fma_small/129/129407.mp3
129439,The Hole In Your Heart,Folk,../data/raw/fma_small/129/129439.mp3
129442,Fly High,Folk,../data/raw/fma_small/129/129442.mp3
129444,Song One,Folk,../data/raw/fma_small/129/129444.mp3
129620,Jesus Punk,Experimental,../data/raw/fma_small/129/129620.mp3
129622,no title,Experimental,../data/raw/fma_small/129/129622.mp3
129624,Tentacle Hentaij - Core Noisetone,Experimental,../data/raw/fma_small/129/129624.mp3
129674,The True Black (Instrumental),Hip-Hop,../data/raw/fma_small/129/129674.mp3
129675,You Don't See (Instrumental),Hip-Hop,../data/raw/fma_small/129/129675.mp3
129683,Child of the 70's,Folk,../data/raw/fma_small/129/129683.mp3
129694,The One We Love the Most,Folk,../data/raw/fma_small/129/129694.mp3
129695,All of My Love Resides in Paris,Folk,../data/raw/fma_small/129/129695.mp3
129696,Laws,Folk,../data/raw/fma_small/129/129696.mp3
129742,Eclipsi - anular,Electronic,../data/raw/fma_small/129/129742.mp3
129806,Oak Bloke,Hip-Hop,../data/raw/fma_small/129/129806.mp3
129807,Penny17,Hip-Hop,../data/raw/fma_small/129/129807.mp3
129808,Sitting On A Song,Hip-Hop,../data/raw/fma_small/129/129808.mp3
129816,Fam Martinia Dou,International,../data/raw/fma_small/129/129816.mp3
129874,I,International,../data/raw/fma_small/129/129874.mp3
129875,Enchant Down Babylon,International,../data/raw/fma_small/129/129875.mp3
129876,Cali,International,../data/raw/fma_small/129/129876.mp3
129879,Apparent,International,../data/raw/fma_small/129/129879.mp3
129880,Wheel,International,../data/raw/fma_small/129/129880.mp3
129882,Jah-I-full,International,../data/raw/fma_small/129/129882.mp3
129883,Albayan,International,../data/raw/fma_small/129/129883.mp3
129884,Om,International,../data/raw/fma_small/129/129884.mp3
129885,Ras Amlak,International,../data/raw/fma_small/129/129885.mp3
129886,WhoShall I Lah,International,../data/raw/fma_small/129/129886.mp3
129887,Hoy,International,../data/raw/fma_small/129/129887.mp3
129889,Sidov,International,../data/raw/fma_small/129/129889.mp3
129904,Trap Niggaz,Hip-Hop,../data/raw/fma_small/129/129904.mp3
129910,In Da Trap,Hip-Hop,../data/raw/fma_small/129/129910.mp3
129914,King Of Da City,Hip-Hop,../data/raw/fma_small/129/129914.mp3
129915,Spit Yo Shit,Hip-Hop,../data/raw/fma_small/129/129915.mp3
129918,Soul Survivor,Hip-Hop,../data/raw/fma_small/129/129918.mp3
129919,Stay Fly,Hip-Hop,../data/raw/fma_small/129/129919.mp3
129920,My City,Hip-Hop,../data/raw/fma_small/129/129920.mp3
129922,Coco,International,../data/raw/fma_small/129/129922.mp3
129923,Guacamaya,International,../data/raw/fma_small/129/129923.mp3
129924,Misterio,International,../data/raw/fma_small/129/129924.mp3
129925,Morena,International,../data/raw/fma_small/129/129925.mp3
129926,Vieja,International,../data/raw/fma_small/129/129926.mp3
129927,'Colas,International,../data/raw/fma_small/129/129927.mp3
129962,Lights Up,Rock,../data/raw/fma_small/129/129962.mp3
129968,Infinite Light,Rock,../data/raw/fma_small/129/129968.mp3
129969,Sonzis FM,Rock,../data/raw/fma_small/129/129969.mp3
129970,On Axis,Rock,../data/raw/fma_small/129/129970.mp3
129972,Mettle,Rock,../data/raw/fma_small/129/129972.mp3
129973,Savior,Rock,../data/raw/fma_small/129/129973.mp3
129997,Bright Sunny End,Rock,../data/raw/fma_small/129/129997.mp3
130016,A Sport & A Pastime,Rock,../data/raw/fma_small/130/130016.mp3
130084,Days Gone By,Rock,../data/raw/fma_small/130/130084.mp3
130129,Artificial anxiety,Electronic,../data/raw/fma_small/130/130129.mp3
130130,Atmo,Electronic,../data/raw/fma_small/130/130130.mp3
130131,Brood,Electronic,../data/raw/fma_small/130/130131.mp3
130132,Droids in a bar,Electronic,../data/raw/fma_small/130/130132.mp3
130133,Minora,Electronic,../data/raw/fma_small/130/130133.mp3
130134,Oceanic,Electronic,../data/raw/fma_small/130/130134.mp3
130135,Picnic at the reactor,Electronic,../data/raw/fma_small/130/130135.mp3
130136,Wet,Electronic,../data/raw/fma_small/130/130136.mp3
130137,Yurtology,Electronic,../data/raw/fma_small/130/130137.mp3
130168,Funky Motion (Stripped To Da Cuts Crazy Wack Funkee Mix Instrumental),Hip-Hop,../data/raw/fma_small/130/130168.mp3
130170,Funky Motion (Clean Version),Hip-Hop,../data/raw/fma_small/130/130170.mp3
130218,Changes,Hip-Hop,../data/raw/fma_small/130/130218.mp3
130265,Show The Way,Pop,../data/raw/fma_small/130/130265.mp3
130347,Groen Hoek Man,Folk,../data/raw/fma_small/130/130347.mp3
130349,Paradise,Folk,../data/raw/fma_small/130/130349.mp3
130367,Waiting / Wanting,Pop,../data/raw/fma_small/130/130367.mp3
130368,Into the Blu,Pop,../data/raw/fma_small/130/130368.mp3
130369,If Im Losing You Sunset Strip,Pop,../data/raw/fma_small/130/130369.mp3
130370,Davanna CA,Pop,../data/raw/fma_small/130/130370.mp3
130371,Fugue 7,Pop,../data/raw/fma_small/130/130371.mp3
130372,Like a Glove,Pop,../data/raw/fma_small/130/130372.mp3
130440,Kids Room,Hip-Hop,../data/raw/fma_small/130/130440.mp3
130454,Qwak Qwak Qwak,Hip-Hop,../data/raw/fma_small/130/130454.mp3
130456,Til It Hurts (Munkee Mixx),Hip-Hop,../data/raw/fma_small/130/130456.mp3
130650,Funky Motion,Hip-Hop,../data/raw/fma_small/130/130650.mp3
130667,Shelter From The Ash,Folk,../data/raw/fma_small/130/130667.mp3
130682,Halloween Again,Rock,../data/raw/fma_small/130/130682.mp3
130683,The Friendly Monster Shop,Rock,../data/raw/fma_small/130/130683.mp3
130689,Flaying with Fire,Rock,../data/raw/fma_small/130/130689.mp3
130691,Dark Path,Rock,../data/raw/fma_small/130/130691.mp3
130692,Lamia 2,Rock,../data/raw/fma_small/130/130692.mp3
130693,Everlasting Rot,Rock,../data/raw/fma_small/130/130693.mp3
130702,Deero,Hip-Hop,../data/raw/fma_small/130/130702.mp3
130709,Silly Guy,Hip-Hop,../data/raw/fma_small/130/130709.mp3
130710,This Party,Hip-Hop,../data/raw/fma_small/130/130710.mp3
130711,Twenty Somethin',Hip-Hop,../data/raw/fma_small/130/130711.mp3
130752,Song for the Cameleon,Instrumental,../data/raw/fma_small/130/130752.mp3
130758,Today Is the Night,Folk,../data/raw/fma_small/130/130758.mp3
130920,Sober Lullaby,Electronic,../data/raw/fma_small/130/130920.mp3
130921,Perfect Boy,Electronic,../data/raw/fma_small/130/130921.mp3
130922,A Jubilant Sport,Electronic,../data/raw/fma_small/130/130922.mp3
130923,Victorious Accomplishment,Electronic,../data/raw/fma_small/130/130923.mp3
130927,The Stars Look Different (Ziggy Stardust Mix),Instrumental,../data/raw/fma_small/130/130927.mp3
130929,Charcoal Lines,Instrumental,../data/raw/fma_small/130/130929.mp3
130930,Contrarian,Instrumental,../data/raw/fma_small/130/130930.mp3
130931,Diagram K,Instrumental,../data/raw/fma_small/130/130931.mp3
130932,That Horse Ithica,Instrumental,../data/raw/fma_small/130/130932.mp3
130933,That River Wide,Instrumental,../data/raw/fma_small/130/130933.mp3
130934,The Terrarium,Instrumental,../data/raw/fma_small/130/130934.mp3
130937,Le grand large,Folk,../data/raw/fma_small/130/130937.mp3
130940,Ma petite est comme l'eau,Folk,../data/raw/fma_small/130/130940.mp3
130944,Bonus - Pique-assiette sentimental,Folk,../data/raw/fma_small/130/130944.mp3
130945,Mayfly,Folk,../data/raw/fma_small/130/130945.mp3
130948,A Penny For Your Dreams,Folk,../data/raw/fma_small/130/130948.mp3
130950,Blind,Folk,../data/raw/fma_small/130/130950.mp3
130951,All The Stupid Things You Say,Folk,../data/raw/fma_small/130/130951.mp3
130952,You Never Took Me For A Walk,Folk,../data/raw/fma_small/130/130952.mp3
130953,The Fences,Folk,../data/raw/fma_small/130/130953.mp3
130954,Are We?,Folk,../data/raw/fma_small/130/130954.mp3
130955,Even If It's True,Folk,../data/raw/fma_small/130/130955.mp3
130956,daughter no more,Folk,../data/raw/fma_small/130/130956.mp3
130963,paranoid,Folk,../data/raw/fma_small/130/130963.mp3
130964,save me starsigns,Folk,../data/raw/fma_small/130/130964.mp3
130986,"Doctor, what has Cesuacantho to do with this?",Experimental,../data/raw/fma_small/130/130986.mp3
130988,3rd Chair,Instrumental,../data/raw/fma_small/130/130988.mp3
130989,4th Chair,Instrumental,../data/raw/fma_small/130/130989.mp3
130990,Between Stones,Instrumental,../data/raw/fma_small/130/130990.mp3
130991,Bliste,Instrumental,../data/raw/fma_small/130/130991.mp3
130992,Petra,Instrumental,../data/raw/fma_small/130/130992.mp3
130993,Turning,Instrumental,../data/raw/fma_small/130/130993.mp3
131016,Zombies,Hip-Hop,../data/raw/fma_small/131/131016.mp3
131019,Fallin' Apart,Hip-Hop,../data/raw/fma_small/131/131019.mp3
131020,Eternal New Guy,Hip-Hop,../data/raw/fma_small/131/131020.mp3
131021,You Are The World,Hip-Hop,../data/raw/fma_small/131/131021.mp3
131024,"Taylor Swift, Yeah!",Experimental,../data/raw/fma_small/131/131024.mp3
131166,Luck That's Dumb/Happy Birthday Dave!,Rock,../data/raw/fma_small/131/131166.mp3
131292,Anywhere Else,Rock,../data/raw/fma_small/131/131292.mp3
131323,Decompression,Instrumental,../data/raw/fma_small/131/131323.mp3
131324,Jeramiah's Suit,Instrumental,../data/raw/fma_small/131/131324.mp3
131325,Rally,Instrumental,../data/raw/fma_small/131/131325.mp3
131326,The Silver Hatch,Instrumental,../data/raw/fma_small/131/131326.mp3
131327,Transit Vidal,Instrumental,../data/raw/fma_small/131/131327.mp3
131385,ODOR BABY THEME SONG,Experimental,../data/raw/fma_small/131/131385.mp3
131410,PITHIA,Experimental,../data/raw/fma_small/131/131410.mp3
131422,The Raps Well (dustmotes Instrumental),Hip-Hop,../data/raw/fma_small/131/131422.mp3
131425,The Raps Well (Album Version Acapella),Hip-Hop,../data/raw/fma_small/131/131425.mp3
131426,The Raps Well (Clean Album Version),Hip-Hop,../data/raw/fma_small/131/131426.mp3
131436,A01 Mesh Shirt mp3,Pop,../data/raw/fma_small/131/131436.mp3
131439,A04 Smoke Weed,Pop,../data/raw/fma_small/131/131439.mp3
131444,A09 I Want It Like That,Pop,../data/raw/fma_small/131/131444.mp3
131446,A11 Turn Out The Lights,Pop,../data/raw/fma_small/131/131446.mp3
131448,B02 Donkey Kong,Pop,../data/raw/fma_small/131/131448.mp3
131449,B03 John Waters,Pop,../data/raw/fma_small/131/131449.mp3
131451,B05 Mesh Shirt,Pop,../data/raw/fma_small/131/131451.mp3
131452,B06 Say We're Sweethearts Again,Pop,../data/raw/fma_small/131/131452.mp3
131453,B07 Ya Dumb Bitch,Pop,../data/raw/fma_small/131/131453.mp3
131454,B08 Mario,Pop,../data/raw/fma_small/131/131454.mp3
131476,Facing Facts About Growing Old,Instrumental,../data/raw/fma_small/131/131476.mp3
131536,Professional Sport,Rock,../data/raw/fma_small/131/131536.mp3
131540,AVIATION CRAB ORCHESTRA (PFUDOR),Experimental,../data/raw/fma_small/131/131540.mp3
131552,You Are a Human,Rock,../data/raw/fma_small/131/131552.mp3
131553,My Daughter Likes Dora The Explorer,Rock,../data/raw/fma_small/131/131553.mp3
131554,Emily Rose (a duet with Jennifer Carpenter),Rock,../data/raw/fma_small/131/131554.mp3
131567,Their Business Model Doesn't Coincide With Reality,Experimental,../data/raw/fma_small/131/131567.mp3
131624,AVIATION CRAB ORCHESTRA (MERC ZERO),Experimental,../data/raw/fma_small/131/131624.mp3
131656,Shake Some Action,Rock,../data/raw/fma_small/131/131656.mp3
131657,Let Me Rock,Rock,../data/raw/fma_small/131/131657.mp3
131658,Teenage Head,Rock,../data/raw/fma_small/131/131658.mp3
131764,This Is The Night,Pop,../data/raw/fma_small/131/131764.mp3
131767,Pictures,Pop,../data/raw/fma_small/131/131767.mp3
131770,Babe,Pop,../data/raw/fma_small/131/131770.mp3
131771,Child's play,Pop,../data/raw/fma_small/131/131771.mp3
131772,Wolfman,Pop,../data/raw/fma_small/131/131772.mp3
131773,Those Summer Days,Pop,../data/raw/fma_small/131/131773.mp3
131774,Dreams Don't Mean Anything,Pop,../data/raw/fma_small/131/131774.mp3
131787,Aurora,Instrumental,../data/raw/fma_small/131/131787.mp3
131789,Dream & Bass,Instrumental,../data/raw/fma_small/131/131789.mp3
131791,N'iceland,Instrumental,../data/raw/fma_small/131/131791.mp3
131792,Invitation,Instrumental,../data/raw/fma_small/131/131792.mp3
131794,Shanti,Instrumental,../data/raw/fma_small/131/131794.mp3
131795,Back to Far West,Instrumental,../data/raw/fma_small/131/131795.mp3
131796,Tempête,Instrumental,../data/raw/fma_small/131/131796.mp3
131797,Transe animale,Instrumental,../data/raw/fma_small/131/131797.mp3
131837,『鯖江市日の出』Sabae Sunrise,Instrumental,../data/raw/fma_small/131/131837.mp3
131897,Crime Story,Folk,../data/raw/fma_small/131/131897.mp3
131899,Freezing,Folk,../data/raw/fma_small/131/131899.mp3
131900,In The Sun,Folk,../data/raw/fma_small/131/131900.mp3
131901,Joyful Meeting,Folk,../data/raw/fma_small/131/131901.mp3
131902,One More Round,Folk,../data/raw/fma_small/131/131902.mp3
131903,The Hangover,Folk,../data/raw/fma_small/131/131903.mp3
131904,Waiting,Folk,../data/raw/fma_small/131/131904.mp3
131911,Above Us,Instrumental,../data/raw/fma_small/131/131911.mp3
131912,Backward,Instrumental,../data/raw/fma_small/131/131912.mp3
131913,Backyard,Instrumental,../data/raw/fma_small/131/131913.mp3
131914,Farewell,Instrumental,../data/raw/fma_small/131/131914.mp3
131917,Old Mans Tale,Instrumental,../data/raw/fma_small/131/131917.mp3
131918,Open Windows 2,Instrumental,../data/raw/fma_small/131/131918.mp3
131919,Open Windows,Instrumental,../data/raw/fma_small/131/131919.mp3
131922,Snow,Instrumental,../data/raw/fma_small/131/131922.mp3
131923,The End,Instrumental,../data/raw/fma_small/131/131923.mp3
131924,Underwater,Instrumental,../data/raw/fma_small/131/131924.mp3
131925,Wind,Instrumental,../data/raw/fma_small/131/131925.mp3
131932,Sa,International,../data/raw/fma_small/131/131932.mp3
131933,Graovsko,International,../data/raw/fma_small/131/131933.mp3
131934,Sheikhane,International,../data/raw/fma_small/131/131934.mp3
131935,Saskin,International,../data/raw/fma_small/131/131935.mp3
131936,Gunel Hirsizi,International,../data/raw/fma_small/131/131936.mp3
131938,Revisk Oro,International,../data/raw/fma_small/131/131938.mp3
131939,Rreth e qark beratit,International,../data/raw/fma_small/131/131939.mp3
131940,Illede Roman Olsun,International,../data/raw/fma_small/131/131940.mp3
131941,Unknown Cocek Tune,International,../data/raw/fma_small/131/131941.mp3
131942,Ibrahim,International,../data/raw/fma_small/131/131942.mp3
131950,Tsangala,International,../data/raw/fma_small/131/131950.mp3
131951,Svatba,International,../data/raw/fma_small/131/131951.mp3
131952,Kaval Sviri,International,../data/raw/fma_small/131/131952.mp3
131953,Prekhvrukna Ptichka,International,../data/raw/fma_small/131/131953.mp3
131978,Cena slobode,Rock,../data/raw/fma_small/131/131978.mp3
131979,Ti (garage exclusive),Rock,../data/raw/fma_small/131/131979.mp3
131980,Petite Route,Instrumental,../data/raw/fma_small/131/131980.mp3
131982,Shetland Chords,Instrumental,../data/raw/fma_small/131/131982.mp3
131983,Terra e Mar,Instrumental,../data/raw/fma_small/131/131983.mp3
131984,Dia Inteiro,Instrumental,../data/raw/fma_small/131/131984.mp3
131985,Big Road of Burravoe,Instrumental,../data/raw/fma_small/131/131985.mp3
131986,Pontão,Instrumental,../data/raw/fma_small/131/131986.mp3
132019,Groovin,Experimental,../data/raw/fma_small/132/132019.mp3
132040,A.M. Doom,Folk,../data/raw/fma_small/132/132040.mp3
132041,Intro to Dream B - Texas,Folk,../data/raw/fma_small/132/132041.mp3
132042,High Hopes,Folk,../data/raw/fma_small/132/132042.mp3
132045,Sing Sing,Folk,../data/raw/fma_small/132/132045.mp3
132117,Credit Where Credit Is Due,Hip-Hop,../data/raw/fma_small/132/132117.mp3
132118,Just Like That,Hip-Hop,../data/raw/fma_small/132/132118.mp3
132122,Signal,Pop,../data/raw/fma_small/132/132122.mp3
132134,OST 12 Wherever Aliens!!!,Electronic,../data/raw/fma_small/132/132134.mp3
132138,OST 13 More Aliens!,Electronic,../data/raw/fma_small/132/132138.mp3
132139,Ciganka Je Malena,International,../data/raw/fma_small/132/132139.mp3
132140,Mostarski Duchani,International,../data/raw/fma_small/132/132140.mp3
132141,Emina,International,../data/raw/fma_small/132/132141.mp3
132142,Mito Bekriyo,International,../data/raw/fma_small/132/132142.mp3
132171,Color Blindness,Rock,../data/raw/fma_small/132/132171.mp3
132272,Meditations of a Warrior,Experimental,../data/raw/fma_small/132/132272.mp3
132310,Twinkle Twinkle (Instrumental),Instrumental,../data/raw/fma_small/132/132310.mp3
132420,OST 15 Super Super,Electronic,../data/raw/fma_small/132/132420.mp3
132424,Acoustic And Intimidating,Experimental,../data/raw/fma_small/132/132424.mp3
132434,"Oh, My Cat!",Experimental,../data/raw/fma_small/132/132434.mp3
132436,Will See,Experimental,../data/raw/fma_small/132/132436.mp3
132448,Liberosis (Instrumental),Electronic,../data/raw/fma_small/132/132448.mp3
132449,Not Quite There,Folk,../data/raw/fma_small/132/132449.mp3
132453,Ghost Of You,Folk,../data/raw/fma_small/132/132453.mp3
132454,Catalini,Folk,../data/raw/fma_small/132/132454.mp3
132455,Answers,Folk,../data/raw/fma_small/132/132455.mp3
132456,Calendula,Folk,../data/raw/fma_small/132/132456.mp3
132561,Down Down Down - The Holy Innocents,Instrumental,../data/raw/fma_small/132/132561.mp3
132566,Electronic Composition Two B Craig Mikeski,Instrumental,../data/raw/fma_small/132/132566.mp3
132567,Possess - William Hellfire,Instrumental,../data/raw/fma_small/132/132567.mp3
132568,Upsidedown Stars - Tyrannosaurs Dracula,Instrumental,../data/raw/fma_small/132/132568.mp3
132589,intro,Experimental,../data/raw/fma_small/132/132589.mp3
132675,When I am King,Instrumental,../data/raw/fma_small/132/132675.mp3
132677,Ratmobile,Instrumental,../data/raw/fma_small/132/132677.mp3
132678,Lullabye,Instrumental,../data/raw/fma_small/132/132678.mp3
132679,Giallo Pudding,Instrumental,../data/raw/fma_small/132/132679.mp3
132773,Aleppo,Electronic,../data/raw/fma_small/132/132773.mp3
132774,Interiors,Electronic,../data/raw/fma_small/132/132774.mp3
132775,Bipolarity,Electronic,../data/raw/fma_small/132/132775.mp3
132778,Stuff,Pop,../data/raw/fma_small/132/132778.mp3
132779,Party boots,Pop,../data/raw/fma_small/132/132779.mp3
132781,Bosa Nova,Pop,../data/raw/fma_small/132/132781.mp3
132784,Fuck Texas,Pop,../data/raw/fma_small/132/132784.mp3
132786,PNC Bach,Pop,../data/raw/fma_small/132/132786.mp3
132787,Secret Santa,Pop,../data/raw/fma_small/132/132787.mp3
132788,Squirrels,Pop,../data/raw/fma_small/132/132788.mp3
132789,Urinating on Myself,Pop,../data/raw/fma_small/132/132789.mp3
132790,She,Pop,../data/raw/fma_small/132/132790.mp3
132791,What it is,Pop,../data/raw/fma_small/132/132791.mp3
132792,Rainbow Jesus,Pop,../data/raw/fma_small/132/132792.mp3
132793,Mount Rainier,Pop,../data/raw/fma_small/132/132793.mp3
132794,Youre so lonely,Pop,../data/raw/fma_small/132/132794.mp3
132795,Who Will It Kill,Pop,../data/raw/fma_small/132/132795.mp3
132914,The Heart Of The Mountain (piano cover by heklAa),Rock,../data/raw/fma_small/132/132914.mp3
132954,Sodomy Dungeon (remastered),Hip-Hop,../data/raw/fma_small/132/132954.mp3
132961,Gay & Real (remastered),Hip-Hop,../data/raw/fma_small/132/132961.mp3
132962,Maricones Calientes (remastered),Hip-Hop,../data/raw/fma_small/132/132962.mp3
132963,Cock (remastered),Hip-Hop,../data/raw/fma_small/132/132963.mp3
132964,Deeper (remastered),Hip-Hop,../data/raw/fma_small/132/132964.mp3
132965,Gayngsta Faggot Bruthafuckaz (remastered),Hip-Hop,../data/raw/fma_small/132/132965.mp3
133015,Star`s End,Electronic,../data/raw/fma_small/133/133015.mp3
133016,Legend,Electronic,../data/raw/fma_small/133/133016.mp3
133019,Space Night,Electronic,../data/raw/fma_small/133/133019.mp3
133020,G-Men in Space,Electronic,../data/raw/fma_small/133/133020.mp3
133022,Hipno,Electronic,../data/raw/fma_small/133/133022.mp3
133023,Gaia,Electronic,../data/raw/fma_small/133/133023.mp3
133024,La Fèe Verte,Electronic,../data/raw/fma_small/133/133024.mp3
133025,Empire,Electronic,../data/raw/fma_small/133/133025.mp3
133026,Sphere,Electronic,../data/raw/fma_small/133/133026.mp3
133027,Gloom,Electronic,../data/raw/fma_small/133/133027.mp3
133028,Eternal Glide,Electronic,../data/raw/fma_small/133/133028.mp3
133029,Pulse,Electronic,../data/raw/fma_small/133/133029.mp3
133100,Mockingbird (Instrumental),Instrumental,../data/raw/fma_small/133/133100.mp3
133102,Natural Groove,Instrumental,../data/raw/fma_small/133/133102.mp3
133272,Anger,Rock,../data/raw/fma_small/133/133272.mp3
133273,Sadness,Rock,../data/raw/fma_small/133/133273.mp3
133274,Fear,Rock,../data/raw/fma_small/133/133274.mp3
133275,Regret,Rock,../data/raw/fma_small/133/133275.mp3
133276,Love,Rock,../data/raw/fma_small/133/133276.mp3
133293,Mucky's Happy Resort,Experimental,../data/raw/fma_small/133/133293.mp3
133294,Jazz Got Fuck'd,Experimental,../data/raw/fma_small/133/133294.mp3
133297,(piano & mosesa7C),Experimental,../data/raw/fma_small/133/133297.mp3
133332,Suspended Animation,Experimental,../data/raw/fma_small/133/133332.mp3
133333,Alien Samba Kollage and Subversive Intentions Symphodrone Mix,Experimental,../data/raw/fma_small/133/133333.mp3
133431,David Hemmings,Instrumental,../data/raw/fma_small/133/133431.mp3
133432,Cigar,Instrumental,../data/raw/fma_small/133/133432.mp3
133433,Horse ride 1,Instrumental,../data/raw/fma_small/133/133433.mp3
133434,Keith in 1987,Instrumental,../data/raw/fma_small/133/133434.mp3
133435,Horse ride 2,Instrumental,../data/raw/fma_small/133/133435.mp3
133436,New world,Instrumental,../data/raw/fma_small/133/133436.mp3
133437,Horse ride 3,Instrumental,../data/raw/fma_small/133/133437.mp3
133438,Packed lunch,Instrumental,../data/raw/fma_small/133/133438.mp3
133439,Horse ride 4,Instrumental,../data/raw/fma_small/133/133439.mp3
133440,Smooth jacket,Instrumental,../data/raw/fma_small/133/133440.mp3
133441,Into the sunset,Instrumental,../data/raw/fma_small/133/133441.mp3
133442,Journey with Russ,Instrumental,../data/raw/fma_small/133/133442.mp3
133443,Twilight valley,Instrumental,../data/raw/fma_small/133/133443.mp3
133444,Rainbow,Instrumental,../data/raw/fma_small/133/133444.mp3
133445,Coast,Instrumental,../data/raw/fma_small/133/133445.mp3
133446,Adventures with Paddy,Instrumental,../data/raw/fma_small/133/133446.mp3
133447,After midnight,Instrumental,../data/raw/fma_small/133/133447.mp3
133448,Extravaganza,Instrumental,../data/raw/fma_small/133/133448.mp3
133449,Castle Lane,Instrumental,../data/raw/fma_small/133/133449.mp3
133450,City,Instrumental,../data/raw/fma_small/133/133450.mp3
133451,Flying,Instrumental,../data/raw/fma_small/133/133451.mp3
133452,Across the border,Instrumental,../data/raw/fma_small/133/133452.mp3
133453,Ride with the moon,Instrumental,../data/raw/fma_small/133/133453.mp3
133454,Farmhouse loaf,Instrumental,../data/raw/fma_small/133/133454.mp3
133455,Stop the ice cream van,Instrumental,../data/raw/fma_small/133/133455.mp3
133456,Michael Landon,Instrumental,../data/raw/fma_small/133/133456.mp3
133457,Fresh pastures,Instrumental,../data/raw/fma_small/133/133457.mp3
133459,Kevelin and Chestnut,Instrumental,../data/raw/fma_small/133/133459.mp3
133479,Edemov Sad,Rock,../data/raw/fma_small/133/133479.mp3
133535,Bizarre Waltz,Instrumental,../data/raw/fma_small/133/133535.mp3
133537,Cascet,Instrumental,../data/raw/fma_small/133/133537.mp3
133538,Chains Down,Instrumental,../data/raw/fma_small/133/133538.mp3
133544,Eve,Instrumental,../data/raw/fma_small/133/133544.mp3
133545,Execution,Instrumental,../data/raw/fma_small/133/133545.mp3
133546,First Step Inside,Instrumental,../data/raw/fma_small/133/133546.mp3
133551,In Action,Instrumental,../data/raw/fma_small/133/133551.mp3
133553,Linger,Instrumental,../data/raw/fma_small/133/133553.mp3
133560,Paranoid,Instrumental,../data/raw/fma_small/133/133560.mp3
133561,Plashes,Instrumental,../data/raw/fma_small/133/133561.mp3
133562,Prayer,Instrumental,../data/raw/fma_small/133/133562.mp3
133563,Problem,Instrumental,../data/raw/fma_small/133/133563.mp3
133564,Reopen,Instrumental,../data/raw/fma_small/133/133564.mp3
133567,Romance,Instrumental,../data/raw/fma_small/133/133567.mp3
133571,Spacedrum,Instrumental,../data/raw/fma_small/133/133571.mp3
133572,Strange Meeting,Instrumental,../data/raw/fma_small/133/133572.mp3
133573,Surreal 2,Instrumental,../data/raw/fma_small/133/133573.mp3
133574,Surreal,Instrumental,../data/raw/fma_small/133/133574.mp3
133576,Swinging Blues,Instrumental,../data/raw/fma_small/133/133576.mp3
133579,Vanda's Blues,Instrumental,../data/raw/fma_small/133/133579.mp3
133580,Wake Up,Instrumental,../data/raw/fma_small/133/133580.mp3
133632,There Goes My Girl,Rock,../data/raw/fma_small/133/133632.mp3
133638,Intentional Injury,Folk,../data/raw/fma_small/133/133638.mp3
133639,66,Folk,../data/raw/fma_small/133/133639.mp3
133681,Midnight Chillin',Instrumental,../data/raw/fma_small/133/133681.mp3
133729,This Zero Hour,Rock,../data/raw/fma_small/133/133729.mp3
133731,With Arms,Rock,../data/raw/fma_small/133/133731.mp3
133770,AVIATION CRAB ORCHESTRA (BALLAD OF DEREK BAILEY),Experimental,../data/raw/fma_small/133/133770.mp3
133772,Grindstone,Rock,../data/raw/fma_small/133/133772.mp3
133780,We Know Time,Folk,../data/raw/fma_small/133/133780.mp3
133781,Holiday,Folk,../data/raw/fma_small/133/133781.mp3
133788,Waiting for the Hurricane,Folk,../data/raw/fma_small/133/133788.mp3
133793,Angry White American Man,Folk,../data/raw/fma_small/133/133793.mp3
133798,Facebook,Folk,../data/raw/fma_small/133/133798.mp3
133802,Christmas in a Tent,Folk,../data/raw/fma_small/133/133802.mp3
133803,The Ball is Round,Folk,../data/raw/fma_small/133/133803.mp3
133833,Spare Succulence,Rock,../data/raw/fma_small/133/133833.mp3
133835,Evening Raga,International,../data/raw/fma_small/133/133835.mp3
133836,Gold: A Holi Song,International,../data/raw/fma_small/133/133836.mp3
133837,Quiet Raga,International,../data/raw/fma_small/133/133837.mp3
133838,Sunset Raga,International,../data/raw/fma_small/133/133838.mp3
133916,FUNSHINE BEAR WE ALL GLOW IN THE DARK ODOR BABY REMIX,Experimental,../data/raw/fma_small/133/133916.mp3
133942,Plan II,Instrumental,../data/raw/fma_small/133/133942.mp3
133943,"Abdalá (demo, bonus)",Instrumental,../data/raw/fma_small/133/133943.mp3
133967,Breaking Dawn,Instrumental,../data/raw/fma_small/133/133967.mp3
133968,The Journey,Instrumental,../data/raw/fma_small/133/133968.mp3
133969,Calm Like a Trap,Instrumental,../data/raw/fma_small/133/133969.mp3
133970,True Story,Instrumental,../data/raw/fma_small/133/133970.mp3
133971,Slow Motion,Instrumental,../data/raw/fma_small/133/133971.mp3
133972,To Distant Lands,Instrumental,../data/raw/fma_small/133/133972.mp3
133973,The Dream,Instrumental,../data/raw/fma_small/133/133973.mp3
133974,Bound for Adventure,Instrumental,../data/raw/fma_small/133/133974.mp3
133975,Yes She Can,Instrumental,../data/raw/fma_small/133/133975.mp3
133976,Stay in the Light,Instrumental,../data/raw/fma_small/133/133976.mp3
133977,Radioheart,Instrumental,../data/raw/fma_small/133/133977.mp3
133978,Improve Yourself,Instrumental,../data/raw/fma_small/133/133978.mp3
134034,So Unreal,Rock,../data/raw/fma_small/134/134034.mp3
134052,XXOO (XX remixed),Electronic,../data/raw/fma_small/134/134052.mp3
134053,Mares I AM (Maresia Dance mix),Electronic,../data/raw/fma_small/134/134053.mp3
134054,Pills & Mantra (Skills Pills & Mantra Mixed & Remixed),Electronic,../data/raw/fma_small/134/134054.mp3
134073,How many,Folk,../data/raw/fma_small/134/134073.mp3
134077,Instrumentale I,Folk,../data/raw/fma_small/134/134077.mp3
134084,An ordinary man,Folk,../data/raw/fma_small/134/134084.mp3
134094,Live,Experimental,../data/raw/fma_small/134/134094.mp3
134359,Happy for a While,Electronic,../data/raw/fma_small/134/134359.mp3
134384,Small Town Industry,Pop,../data/raw/fma_small/134/134384.mp3
134385,Moving Forward,Pop,../data/raw/fma_small/134/134385.mp3
134388,Magical Moments,Pop,../data/raw/fma_small/134/134388.mp3
134389,Against All Odds,Pop,../data/raw/fma_small/134/134389.mp3
134443,This train doesn't stop at Rugby,Instrumental,../data/raw/fma_small/134/134443.mp3
134444,Goodbye Earth,Instrumental,../data/raw/fma_small/134/134444.mp3
134445,Above the Earth,Instrumental,../data/raw/fma_small/134/134445.mp3
134446,Dark Days,Electronic,../data/raw/fma_small/134/134446.mp3
134447,Intro,Electronic,../data/raw/fma_small/134/134447.mp3
134448,Turns Me On,Electronic,../data/raw/fma_small/134/134448.mp3
134449,Through the asteroid belt,Instrumental,../data/raw/fma_small/134/134449.mp3
134452,Interstellar breakfast,Instrumental,../data/raw/fma_small/134/134452.mp3
134453,First stop,Instrumental,../data/raw/fma_small/134/134453.mp3
134454,Through the gravitational field,Instrumental,../data/raw/fma_small/134/134454.mp3
134455,Non-stop to Insideoutworld,Instrumental,../data/raw/fma_small/134/134455.mp3
134486,Love&Heartbreak,Pop,../data/raw/fma_small/134/134486.mp3
134509,Get Paid (Mouth Beat Mix) (Featuring DJ Phazer),Hip-Hop,../data/raw/fma_small/134/134509.mp3
134510,Get Paid (Full Mix) (Featuring DJ Phazer),Hip-Hop,../data/raw/fma_small/134/134510.mp3
134580,Old Allу,Instrumental,../data/raw/fma_small/134/134580.mp3
134586,Now You Are Here,Instrumental,../data/raw/fma_small/134/134586.mp3
134594,Instrumental,Rock,../data/raw/fma_small/134/134594.mp3
134610,Roaches (Featuring Pot-C),Hip-Hop,../data/raw/fma_small/134/134610.mp3
134631,Weightlessness of Fire,Experimental,../data/raw/fma_small/134/134631.mp3
134643,AVIATION CRAB ORCHESTRA (BUILD A WALL),Experimental,../data/raw/fma_small/134/134643.mp3
134790,Analemma,Instrumental,../data/raw/fma_small/134/134790.mp3
134791,Lake Baikal,Instrumental,../data/raw/fma_small/134/134791.mp3
134792,Romance,Instrumental,../data/raw/fma_small/134/134792.mp3
134793,Sunshower,Instrumental,../data/raw/fma_small/134/134793.mp3
134794,Christina,Instrumental,../data/raw/fma_small/134/134794.mp3
134795,Promenade,Instrumental,../data/raw/fma_small/134/134795.mp3
134796,Eraser,Instrumental,../data/raw/fma_small/134/134796.mp3
134797,Everyone will come back home,Instrumental,../data/raw/fma_small/134/134797.mp3
134801,Idea,Electronic,../data/raw/fma_small/134/134801.mp3
134823,Take Your Poison,Hip-Hop,../data/raw/fma_small/134/134823.mp3
134824,Pusher For Record,Hip-Hop,../data/raw/fma_small/134/134824.mp3
134825,Needy Ass,Hip-Hop,../data/raw/fma_small/134/134825.mp3
134826,GoodLookN,Hip-Hop,../data/raw/fma_small/134/134826.mp3
134827,Mandingo Ocean,Hip-Hop,../data/raw/fma_small/134/134827.mp3
134918,-Sheydaii,International,../data/raw/fma_small/134/134918.mp3
134919,Fidayda,International,../data/raw/fma_small/134/134919.mp3
134922,-Shab Ayum,International,../data/raw/fma_small/134/134922.mp3
134923,-Sut Ictim Dilim Yandi,International,../data/raw/fma_small/134/134923.mp3
134928,-Uskudara Gideriken,International,../data/raw/fma_small/134/134928.mp3
134929,-Agri Dagindan Uctum,International,../data/raw/fma_small/134/134929.mp3
134930,Mastoom Mastoom   Asmar Asmar,International,../data/raw/fma_small/134/134930.mp3
134931,-Anadolu Kavagi,International,../data/raw/fma_small/134/134931.mp3
134932,-Rampi Rampi,International,../data/raw/fma_small/134/134932.mp3
134933,-Misket,International,../data/raw/fma_small/134/134933.mp3
134934,-Saza Niye Glemedin,International,../data/raw/fma_small/134/134934.mp3
134935,-Yesilim,International,../data/raw/fma_small/134/134935.mp3
134936,-Drum Solo,International,../data/raw/fma_small/134/134936.mp3
134937,-Muhabet,International,../data/raw/fma_small/134/134937.mp3
134938,"-Ah, Bir Atas Ver",International,../data/raw/fma_small/134/134938.mp3
134939,-Harman Dali,International,../data/raw/fma_small/134/134939.mp3
134940,-Aman Avci Vurma Mani,International,../data/raw/fma_small/134/134940.mp3
134941,-Bir Demet Yasemen,International,../data/raw/fma_small/134/134941.mp3
134942,-Macka Yollari,International,../data/raw/fma_small/134/134942.mp3
134943,Gushe Cheman,International,../data/raw/fma_small/134/134943.mp3
134947,-Kamar Barik,International,../data/raw/fma_small/134/134947.mp3
134948,-Shupe',International,../data/raw/fma_small/134/134948.mp3
134949,"-Olem Ben, Olem Ben",International,../data/raw/fma_small/134/134949.mp3
134950,-Rumelaj,International,../data/raw/fma_small/134/134950.mp3
134951,-Antalyanin Mor Uzumu,International,../data/raw/fma_small/134/134951.mp3
134952,Lesgi,International,../data/raw/fma_small/134/134952.mp3
134956,Kaytagi,International,../data/raw/fma_small/134/134956.mp3
134959,Drum Solo,International,../data/raw/fma_small/134/134959.mp3
134962,Penceresi Yola Karsi,International,../data/raw/fma_small/134/134962.mp3
134979,Song for Bass VI and Joe Golden's Vibrochamp,Folk,../data/raw/fma_small/134/134979.mp3
134981,Growing Up (pt.2),Folk,../data/raw/fma_small/134/134981.mp3
135010,Jenny,Folk,../data/raw/fma_small/135/135010.mp3
135028,L'herbe verte,Folk,../data/raw/fma_small/135/135028.mp3
135039,J'ai changé,Folk,../data/raw/fma_small/135/135039.mp3
135043,Babel,Folk,../data/raw/fma_small/135/135043.mp3
135044,Le diable,Folk,../data/raw/fma_small/135/135044.mp3
135054,Hari Karl (for Larry Eisenberg),Experimental,../data/raw/fma_small/135/135054.mp3
135089,You Washed Your Face in a Mountain Stream,Experimental,../data/raw/fma_small/135/135089.mp3
135091,Tree and Wind,Experimental,../data/raw/fma_small/135/135091.mp3
135092,Eyes Free of Dust,Experimental,../data/raw/fma_small/135/135092.mp3
135219,Karcığar Ud taksim,International,../data/raw/fma_small/135/135219.mp3
135220,Karcığar Peşrev,International,../data/raw/fma_small/135/135220.mp3
135221,Kerimoğlu Zeybek,International,../data/raw/fma_small/135/135221.mp3
135222,Kadifeden Kesesi,International,../data/raw/fma_small/135/135222.mp3
135223,Nihavent Oyun Havası,International,../data/raw/fma_small/135/135223.mp3
135224,Nihavent Longa,International,../data/raw/fma_small/135/135224.mp3
135225,Hicazkar ''Yağcılar'' Zeybek,International,../data/raw/fma_small/135/135225.mp3
135226,Yegah Sirto,International,../data/raw/fma_small/135/135226.mp3
135227,Rast Zeybek,International,../data/raw/fma_small/135/135227.mp3
135228,Hüzzam Sazsemai ''Nargile'',International,../data/raw/fma_small/135/135228.mp3
135229,Hüzzam Kanun Taksim,International,../data/raw/fma_small/135/135229.mp3
135336,Slow and Steady,Pop,../data/raw/fma_small/135/135336.mp3
135337,The Dream and the Dreamer,Pop,../data/raw/fma_small/135/135337.mp3
135338,The Coldest Winter,Pop,../data/raw/fma_small/135/135338.mp3
135339,I Think From Now On,Pop,../data/raw/fma_small/135/135339.mp3
135340,Kissing Scars,Pop,../data/raw/fma_small/135/135340.mp3
135341,Evil Cannot Create,Pop,../data/raw/fma_small/135/135341.mp3
135342,Outro,Pop,../data/raw/fma_small/135/135342.mp3
135363,Breathe,Rock,../data/raw/fma_small/135/135363.mp3
135364,Colour,Rock,../data/raw/fma_small/135/135364.mp3
135365,Drowning Mud,Rock,../data/raw/fma_small/135/135365.mp3
135368,Faithless,Rock,../data/raw/fma_small/135/135368.mp3
135369,Grethel,Rock,../data/raw/fma_small/135/135369.mp3
135370,Happy,Rock,../data/raw/fma_small/135/135370.mp3
135371,Her,Rock,../data/raw/fma_small/135/135371.mp3
135372,Parasite,Rock,../data/raw/fma_small/135/135372.mp3
135373,Stuck Up,Rock,../data/raw/fma_small/135/135373.mp3
135374,The Grand Prize,Rock,../data/raw/fma_small/135/135374.mp3
135375,Through You,Rock,../data/raw/fma_small/135/135375.mp3
135986,Fate,Electronic,../data/raw/fma_small/135/135986.mp3
135989,Yo Yo Check It,Electronic,../data/raw/fma_small/135/135989.mp3
135990,Daydreamin' feat. Knwlan Ryn,Electronic,../data/raw/fma_small/135/135990.mp3
136054,Vertigo,Rock,../data/raw/fma_small/136/136054.mp3
136091,I Hate The Weekend,Rock,../data/raw/fma_small/136/136091.mp3
136094,Talk,Rock,../data/raw/fma_small/136/136094.mp3
136134,Summer,Folk,../data/raw/fma_small/136/136134.mp3
136137,Spring,Folk,../data/raw/fma_small/136/136137.mp3
136138,The Fifth Season,Folk,../data/raw/fma_small/136/136138.mp3
136275,Here She Comes Tonight,Rock,../data/raw/fma_small/136/136275.mp3
136276,Night Without Sleep (Instrumental),Instrumental,../data/raw/fma_small/136/136276.mp3
136320,Beach House Gateway,Electronic,../data/raw/fma_small/136/136320.mp3
136321,Future World,Electronic,../data/raw/fma_small/136/136321.mp3
136322,The Wonders of Summer,Electronic,../data/raw/fma_small/136/136322.mp3
136323,We Did It! (Fulfillment Tune),Electronic,../data/raw/fma_small/136/136323.mp3
136324,A New Step To Life,Electronic,../data/raw/fma_small/136/136324.mp3
136331,Delirium,Instrumental,../data/raw/fma_small/136/136331.mp3
136404,Tragic Prayer,Rock,../data/raw/fma_small/136/136404.mp3
136424,Happy Dream's,Electronic,../data/raw/fma_small/136/136424.mp3
136449,The Everyday People,Hip-Hop,../data/raw/fma_small/136/136449.mp3
136465,TheEnsuranceTrap featuring Tab (PMRC Mix),Hip-Hop,../data/raw/fma_small/136/136465.mp3
136466,Underground Press featuring Timezone LaFontaine (OG Mixx),Hip-Hop,../data/raw/fma_small/136/136466.mp3
136467,TheEnsuranceTrap (Tab's Instrumental),Hip-Hop,../data/raw/fma_small/136/136467.mp3
136468,Underground Press (OG Instrumental),Hip-Hop,../data/raw/fma_small/136/136468.mp3
136469,Don't (Bonus Non LP Track),Hip-Hop,../data/raw/fma_small/136/136469.mp3
136705,Surfing,Rock,../data/raw/fma_small/136/136705.mp3
136706,Surf Forever,Rock,../data/raw/fma_small/136/136706.mp3
136707,100ft Wave,Rock,../data/raw/fma_small/136/136707.mp3
136708,Surf Riot,Rock,../data/raw/fma_small/136/136708.mp3
136709,Surf Poem pt.2,Rock,../data/raw/fma_small/136/136709.mp3
136928,Micro Black Death,Experimental,../data/raw/fma_small/136/136928.mp3
136994,Hayvanlar Alemi - Equatorial Lies,International,../data/raw/fma_small/136/136994.mp3
136995,Shhjjjjjjj - El Palteado,International,../data/raw/fma_small/136/136995.mp3
137054,Oh My God,Electronic,../data/raw/fma_small/137/137054.mp3
137151,Awakening,Electronic,../data/raw/fma_small/137/137151.mp3
137152,The morning after,Electronic,../data/raw/fma_small/137/137152.mp3
137166,Longing for Home (The Third Circle Mix),Instrumental,../data/raw/fma_small/137/137166.mp3
137167,Stargazing (Trekanten Mix),Instrumental,../data/raw/fma_small/137/137167.mp3
137168,Alcyone,Instrumental,../data/raw/fma_small/137/137168.mp3
137169,The Origin (Infinity Ahead),Instrumental,../data/raw/fma_small/137/137169.mp3
137170,Lemurian Forest,Instrumental,../data/raw/fma_small/137/137170.mp3
137171,Gaia (The Oneness),Instrumental,../data/raw/fma_small/137/137171.mp3
137172,The Frequency Shift,Instrumental,../data/raw/fma_small/137/137172.mp3
137173,Ascension,Instrumental,../data/raw/fma_small/137/137173.mp3
137174,The Journey Begins (Further Shift),Instrumental,../data/raw/fma_small/137/137174.mp3
137175,Ancient Wisdom,Instrumental,../data/raw/fma_small/137/137175.mp3
137176,"Remember (We Are Divine, We Are Immortal)",Instrumental,../data/raw/fma_small/137/137176.mp3
137211,What Now?,Rock,../data/raw/fma_small/137/137211.mp3
137212,1984,Rock,../data/raw/fma_small/137/137212.mp3
137213,Guitars Clash,Rock,../data/raw/fma_small/137/137213.mp3
137214,Generation X,Rock,../data/raw/fma_small/137/137214.mp3
137356,NAMAEWANAINAMAEGANAI,Rock,../data/raw/fma_small/137/137356.mp3
137417,In the Morning,Rock,../data/raw/fma_small/137/137417.mp3
137418,All the Happy People,Rock,../data/raw/fma_small/137/137418.mp3
137419,The Party,Rock,../data/raw/fma_small/137/137419.mp3
137423,My Baby's Love (Is Like the Sun),Rock,../data/raw/fma_small/137/137423.mp3
137424,Loser,Rock,../data/raw/fma_small/137/137424.mp3
137425,The King and the Queen,Rock,../data/raw/fma_small/137/137425.mp3
137426,Hey Little Queenie,Rock,../data/raw/fma_small/137/137426.mp3
137462,gurgle,Electronic,../data/raw/fma_small/137/137462.mp3
137463,half a world away,Electronic,../data/raw/fma_small/137/137463.mp3
137484,An Egg In The Piano Lost In The Box Of Nails,Experimental,../data/raw/fma_small/137/137484.mp3
137500,NORWEGIAN BLAST BEATS,Experimental,../data/raw/fma_small/137/137500.mp3
137551,TimeLapse Speed Up,Experimental,../data/raw/fma_small/137/137551.mp3
137561,Voices,Experimental,../data/raw/fma_small/137/137561.mp3
137563,Thunder 112915,Experimental,../data/raw/fma_small/137/137563.mp3
137567,The World Keeps Changing,Rock,../data/raw/fma_small/137/137567.mp3
137593,Rock n' Roll (2008),Rock,../data/raw/fma_small/137/137593.mp3
137605,Nobody Has To Know,Rock,../data/raw/fma_small/137/137605.mp3
137624,You Can't Kill Me,Rock,../data/raw/fma_small/137/137624.mp3
137627,I Die Smiling,Rock,../data/raw/fma_small/137/137627.mp3
137630,The Bitten,Rock,../data/raw/fma_small/137/137630.mp3
137631,It's Cold But I'm Warm,Rock,../data/raw/fma_small/137/137631.mp3
137632,Mr. Yawning Infinity Chasm/SuperInfinity,Rock,../data/raw/fma_small/137/137632.mp3
137715,Leopard Girl,Rock,../data/raw/fma_small/137/137715.mp3
137716,Sunpowered Surfboard,Rock,../data/raw/fma_small/137/137716.mp3
137717,Zombie Spy,Rock,../data/raw/fma_small/137/137717.mp3
137719,Shaman,Rock,../data/raw/fma_small/137/137719.mp3
137720,Road to Mexico,Rock,../data/raw/fma_small/137/137720.mp3
137721,Redemption,Rock,../data/raw/fma_small/137/137721.mp3
137722,Great Serpent,Rock,../data/raw/fma_small/137/137722.mp3
137723,Ghostly Island,Rock,../data/raw/fma_small/137/137723.mp3
137724,Russki Psycho,Rock,../data/raw/fma_small/137/137724.mp3
137725,Goddess of The Crossroads,Rock,../data/raw/fma_small/137/137725.mp3
137740,We Ride,Rock,../data/raw/fma_small/137/137740.mp3
137895,The Rebel featuring Cheese N Pot-C,Hip-Hop,../data/raw/fma_small/137/137895.mp3
137896,The Cafe featuring Donnie Ozone,Hip-Hop,../data/raw/fma_small/137/137896.mp3
137898,Press Rewind featuring Kyle Jason,Hip-Hop,../data/raw/fma_small/137/137898.mp3
137899,Underground Press featuring Timezone LaFontaine,Hip-Hop,../data/raw/fma_small/137/137899.mp3
137900,Far Gone (Acoustic) featuring DJ Def Chad,Hip-Hop,../data/raw/fma_small/137/137900.mp3
137901,Childhood Memories (DocSonic Mixx) featuring D3Zs,Hip-Hop,../data/raw/fma_small/137/137901.mp3
137907,Sally,Folk,../data/raw/fma_small/137/137907.mp3
137935,Epic n' roll,Rock,../data/raw/fma_small/137/137935.mp3
137990,L'amour ailleurs,Folk,../data/raw/fma_small/137/137990.mp3
137998,EOS,Rock,../data/raw/fma_small/137/137998.mp3
138010,Man made lightning,Rock,../data/raw/fma_small/138/138010.mp3
138015,Come Undone,Folk,../data/raw/fma_small/138/138015.mp3
138016,If I Were You feat. Thompson,Folk,../data/raw/fma_small/138/138016.mp3
138017,Sober Trip,Folk,../data/raw/fma_small/138/138017.mp3
138018,No Ones Trophy,Instrumental,../data/raw/fma_small/138/138018.mp3
138019,Asleep,Instrumental,../data/raw/fma_small/138/138019.mp3
138020,Dream Prelude,Instrumental,../data/raw/fma_small/138/138020.mp3
138021,Evelyn's Dream,Instrumental,../data/raw/fma_small/138/138021.mp3
138022,Bruises,Instrumental,../data/raw/fma_small/138/138022.mp3
138023,Silas,Instrumental,../data/raw/fma_small/138/138023.mp3
138024,Her Tragedy,Instrumental,../data/raw/fma_small/138/138024.mp3
138025,Escape,Instrumental,../data/raw/fma_small/138/138025.mp3
138026,Black Hole (Remix),Instrumental,../data/raw/fma_small/138/138026.mp3
138038,Breaking Up,Pop,../data/raw/fma_small/138/138038.mp3
138039,Cleaners,Pop,../data/raw/fma_small/138/138039.mp3
138040,Seventeen,Pop,../data/raw/fma_small/138/138040.mp3
138041,Lydia,Pop,../data/raw/fma_small/138/138041.mp3
138053,La nature se déchaîne,Rock,../data/raw/fma_small/138/138053.mp3
138060,One Knife,Rock,../data/raw/fma_small/138/138060.mp3
138061,Bergwald Bergwald,Rock,../data/raw/fma_small/138/138061.mp3
138062,Dark Angel,Pop,../data/raw/fma_small/138/138062.mp3
138063,Winter Sun,Pop,../data/raw/fma_small/138/138063.mp3
138064,Down,Pop,../data/raw/fma_small/138/138064.mp3
138065,Zombie,Pop,../data/raw/fma_small/138/138065.mp3
138066,Drifting,Pop,../data/raw/fma_small/138/138066.mp3
138067,Electric Lady,Pop,../data/raw/fma_small/138/138067.mp3
138068,Heavy Life,Pop,../data/raw/fma_small/138/138068.mp3
138069,Places,Pop,../data/raw/fma_small/138/138069.mp3
138070,Together,Pop,../data/raw/fma_small/138/138070.mp3
138071,Black Bird,Pop,../data/raw/fma_small/138/138071.mp3
138207,Dancing the light,Rock,../data/raw/fma_small/138/138207.mp3
138210,Child sad eyes,Rock,../data/raw/fma_small/138/138210.mp3
138211,Sons of cornucopia,Rock,../data/raw/fma_small/138/138211.mp3
138212,Vintage (Tipper Loves Sleaze Extended 12 Inch Mixx) featuring The Honorable Sleaze,Hip-Hop,../data/raw/fma_small/138/138212.mp3
138213,Vintage (OG Mixx) featuring The Honorable Sleaze,Hip-Hop,../data/raw/fma_small/138/138213.mp3
138215,Freak of Nature (Time Out Dubb),Hip-Hop,../data/raw/fma_small/138/138215.mp3
138216,Vintage (Party Rock Instrumental),Hip-Hop,../data/raw/fma_small/138/138216.mp3
138217,SpaceDoubt (Previously Unreleased),Hip-Hop,../data/raw/fma_small/138/138217.mp3
138218,Freak of Nature (Remixx) featuring Badluck,Hip-Hop,../data/raw/fma_small/138/138218.mp3
138256,"Rock, Paper, Scissors, Shoot",Experimental,../data/raw/fma_small/138/138256.mp3
138282,Young Girls,Rock,../data/raw/fma_small/138/138282.mp3
138306,Gotta Run,Rock,../data/raw/fma_small/138/138306.mp3
138311,Down At The Beach,Rock,../data/raw/fma_small/138/138311.mp3
138317,Teenage Dreams,Rock,../data/raw/fma_small/138/138317.mp3
138318,Whatever Happens In The Night,Rock,../data/raw/fma_small/138/138318.mp3
138319,You Don't Get Much,Rock,../data/raw/fma_small/138/138319.mp3
138320,I Can't Tell,Rock,../data/raw/fma_small/138/138320.mp3
138351,2/3 Straight Edge,Rock,../data/raw/fma_small/138/138351.mp3
138355,seconda,Rock,../data/raw/fma_small/138/138355.mp3
138406,Fair,Folk,../data/raw/fma_small/138/138406.mp3
138410,Only Love,Folk,../data/raw/fma_small/138/138410.mp3
138413,Frozen,Folk,../data/raw/fma_small/138/138413.mp3
138414,Reaching Out,Folk,../data/raw/fma_small/138/138414.mp3
138415,Like New,Folk,../data/raw/fma_small/138/138415.mp3
138416,"Egypt, Maybe Rome",Folk,../data/raw/fma_small/138/138416.mp3
138578,the endless corner,Electronic,../data/raw/fma_small/138/138578.mp3
138579,everything is love,Electronic,../data/raw/fma_small/138/138579.mp3
138580,airtight,Electronic,../data/raw/fma_small/138/138580.mp3
138581,sunface,Electronic,../data/raw/fma_small/138/138581.mp3
139003,Cloudburst,Instrumental,../data/raw/fma_small/139/139003.mp3
139043,Be Electric,Pop,../data/raw/fma_small/139/139043.mp3
139110,What Makes A Man?,Folk,../data/raw/fma_small/139/139110.mp3
139112,Excerpt From The Symbol Of All Things,Folk,../data/raw/fma_small/139/139112.mp3
139117,Cool Kids,Rock,../data/raw/fma_small/139/139117.mp3
139123,Cloud Beats,Rock,../data/raw/fma_small/139/139123.mp3
139226,Life In Bloom,Electronic,../data/raw/fma_small/139/139226.mp3
139329,At The Leaving Star Lounge,Experimental,../data/raw/fma_small/139/139329.mp3
139330,Euclids Ukulele,Experimental,../data/raw/fma_small/139/139330.mp3
139461,Volny Dlina,Rock,../data/raw/fma_small/139/139461.mp3
139485,Hud Uppfatta,Instrumental,../data/raw/fma_small/139/139485.mp3
139491,Öron Ignorera,Instrumental,../data/raw/fma_small/139/139491.mp3
139520,No Consequence,Folk,../data/raw/fma_small/139/139520.mp3
139521,Angel,Folk,../data/raw/fma_small/139/139521.mp3
139522,Henfight,Folk,../data/raw/fma_small/139/139522.mp3
139523,The Hermit's View,Folk,../data/raw/fma_small/139/139523.mp3
139524,Layman's Banquet,Folk,../data/raw/fma_small/139/139524.mp3
139532,Improvisation,Instrumental,../data/raw/fma_small/139/139532.mp3
139534,Freeway,Instrumental,../data/raw/fma_small/139/139534.mp3
139536,Whale Lines,Instrumental,../data/raw/fma_small/139/139536.mp3
139537,Ride My Bike,Instrumental,../data/raw/fma_small/139/139537.mp3
139637,areopagitica,Experimental,../data/raw/fma_small/139/139637.mp3
139638,arabesque,Experimental,../data/raw/fma_small/139/139638.mp3
139663,AVIATION CRAB ORCHESTRA (MIDI SANS FRONTIERS),Experimental,../data/raw/fma_small/139/139663.mp3
139681,nxI2016-06-23_23_57_37-A-2016-06-24_00_25_34,Experimental,../data/raw/fma_small/139/139681.mp3
139687,nxI2016-06-30_04_56_08-A-2016-06-30_05_07_10,Experimental,../data/raw/fma_small/139/139687.mp3
139688,nxI2016-06-30_04_56_08-A-2016-06-30_05_13_15,Experimental,../data/raw/fma_small/139/139688.mp3
139769,V. Juste une chanson Punk,Rock,../data/raw/fma_small/139/139769.mp3
139770,VI. Mouton R.A.I.D.,Rock,../data/raw/fma_small/139/139770.mp3
139771,Count Of Tuscany,Instrumental,../data/raw/fma_small/139/139771.mp3
139772,Way Out Of This,Instrumental,../data/raw/fma_small/139/139772.mp3
139773,Don't Leave The Door Open,Instrumental,../data/raw/fma_small/139/139773.mp3
139774,City Hero,Instrumental,../data/raw/fma_small/139/139774.mp3
139775,Into The Forest Of The Fall,Instrumental,../data/raw/fma_small/139/139775.mp3
139776,Unveiling Soul,Instrumental,../data/raw/fma_small/139/139776.mp3
139777,Runaway,Instrumental,../data/raw/fma_small/139/139777.mp3
139804,AVIATION CRAB ORCHESTRA (FALCON HEIGHTS SHOOTING),Experimental,../data/raw/fma_small/139/139804.mp3
139862,The Adventures of Dr. Honeyberry,Experimental,../data/raw/fma_small/139/139862.mp3
139876,nxI2016-07-08_05_04_18-A-2016-07-08_05_26_44,Experimental,../data/raw/fma_small/139/139876.mp3
139933,Intro,Electronic,../data/raw/fma_small/139/139933.mp3
139934,Fasten your seatbelt,Electronic,../data/raw/fma_small/139/139934.mp3
139935,Kevlar Boyz,Electronic,../data/raw/fma_small/139/139935.mp3
139936,Particel Size,Electronic,../data/raw/fma_small/139/139936.mp3
139937,Speleology,Electronic,../data/raw/fma_small/139/139937.mp3
139954,Fin,Electronic,../data/raw/fma_small/139/139954.mp3
139990,Echochambers,Electronic,../data/raw/fma_small/139/139990.mp3
139991,Open Sea,Electronic,../data/raw/fma_small/139/139991.mp3
139992,Intro Paradise,Electronic,../data/raw/fma_small/139/139992.mp3
139993,The Cavern,Electronic,../data/raw/fma_small/139/139993.mp3
139994,Into the Night,Electronic,../data/raw/fma_small/139/139994.mp3
139995,Special K,Electronic,../data/raw/fma_small/139/139995.mp3
140043,Miss You Miss Mew,Rock,../data/raw/fma_small/140/140043.mp3
140134,Acid,Electronic,../data/raw/fma_small/140/140134.mp3
140135,Alert,Electronic,../data/raw/fma_small/140/140135.mp3
140258,Nature And God,Electronic,../data/raw/fma_small/140/140258.mp3
140259,Wait For My Shadow,Electronic,../data/raw/fma_small/140/140259.mp3
140260,Alleviation,Electronic,../data/raw/fma_small/140/140260.mp3
140261,Cries Of Your Love,Electronic,../data/raw/fma_small/140/140261.mp3
140262,Heartbeat Feeling,Electronic,../data/raw/fma_small/140/140262.mp3
140263,Dance Of My Imagination,Electronic,../data/raw/fma_small/140/140263.mp3
140266,Coco,Experimental,../data/raw/fma_small/140/140266.mp3
140316,nxI2016-07-12_00_20_40-A-2016-07-12_04_00_24,Experimental,../data/raw/fma_small/140/140316.mp3
140344,Ohtli,Electronic,../data/raw/fma_small/140/140344.mp3
140421,Astronaut,Rock,../data/raw/fma_small/140/140421.mp3
140564,badonk,Electronic,../data/raw/fma_small/140/140564.mp3
140565,pretend your happy,Electronic,../data/raw/fma_small/140/140565.mp3
140566,thoughts,Electronic,../data/raw/fma_small/140/140566.mp3
140576,I Think I'm a Ghost,Rock,../data/raw/fma_small/140/140576.mp3
140583,Swimming,Folk,../data/raw/fma_small/140/140583.mp3
140584,Haiti Mali,International,../data/raw/fma_small/140/140584.mp3
140609,Back To It (w/ Daddy-O of Stetsasonic),Hip-Hop,../data/raw/fma_small/140/140609.mp3
140620,Bad Cop (Instrumental),Hip-Hop,../data/raw/fma_small/140/140620.mp3
140621,Back To It (12inch Mixx),Hip-Hop,../data/raw/fma_small/140/140621.mp3
140623,The More Things Change,Hip-Hop,../data/raw/fma_small/140/140623.mp3
140625,Back To It (12inchstrumental),Hip-Hop,../data/raw/fma_small/140/140625.mp3
140626,No Country For Old Men (D's Muddy Water Breakfix Mixx),Hip-Hop,../data/raw/fma_small/140/140626.mp3
140788,Souk Amour,Folk,../data/raw/fma_small/140/140788.mp3
140789,Cut In The Real,Folk,../data/raw/fma_small/140/140789.mp3
140790,Rabat Blues,Folk,../data/raw/fma_small/140/140790.mp3
140791,Sam's Song,Folk,../data/raw/fma_small/140/140791.mp3
140794,Sydney City Rain,Folk,../data/raw/fma_small/140/140794.mp3
140871,Midnight Cowboy,Folk,../data/raw/fma_small/140/140871.mp3
140872,Moon Over Chinatown,Folk,../data/raw/fma_small/140/140872.mp3
140873,Nothing,Folk,../data/raw/fma_small/140/140873.mp3
140874,Hard Act To Follow,Folk,../data/raw/fma_small/140/140874.mp3
140875,You Are In My Arms,Folk,../data/raw/fma_small/140/140875.mp3
140922,Morning Bell,Electronic,../data/raw/fma_small/140/140922.mp3
140923,Whispers Invoke Paranoia,Electronic,../data/raw/fma_small/140/140923.mp3
140924,Authenticity,Electronic,../data/raw/fma_small/140/140924.mp3
140925,Set Fire to Creation,Electronic,../data/raw/fma_small/140/140925.mp3
140926,A Different World By Night,Electronic,../data/raw/fma_small/140/140926.mp3
140933,Evening Drum,Electronic,../data/raw/fma_small/140/140933.mp3
140934,The Absurd,Electronic,../data/raw/fma_small/140/140934.mp3
140935,Fly Blackbird Fly : rewrite,Experimental,../data/raw/fma_small/140/140935.mp3
140939,So Sad : rewrite,Experimental,../data/raw/fma_small/140/140939.mp3
141074,Piscoid,Instrumental,../data/raw/fma_small/141/141074.mp3
141137,Valkoire,Instrumental,../data/raw/fma_small/141/141137.mp3
141139,Salam'ander,Instrumental,../data/raw/fma_small/141/141139.mp3
141141,Island,Instrumental,../data/raw/fma_small/141/141141.mp3
141143,Flüchtig,Instrumental,../data/raw/fma_small/141/141143.mp3
141144,Land Legs,Instrumental,../data/raw/fma_small/141/141144.mp3
141164,08 BEATEN TRACK,Hip-Hop,../data/raw/fma_small/141/141164.mp3
141166,10 LIKE LOATHE OR LOVE IT,Hip-Hop,../data/raw/fma_small/141/141166.mp3
141167,11 DAY OFF TOTALLY ON IT NO SERIOUSLEY,Hip-Hop,../data/raw/fma_small/141/141167.mp3
141168,12 BIG WHOOP,Hip-Hop,../data/raw/fma_small/141/141168.mp3
141173,Seis,Rock,../data/raw/fma_small/141/141173.mp3
141179,Stay,Pop,../data/raw/fma_small/141/141179.mp3
141180,Stay (Raspatory Remix),Pop,../data/raw/fma_small/141/141180.mp3
141181,Stay (Teknique Remix) (Featuring Jeff Barringer),Pop,../data/raw/fma_small/141/141181.mp3
141182,La Nuit de l'horizon,Pop,../data/raw/fma_small/141/141182.mp3
141264,AVIATION CRAB ORCHESTRA (LEA BY SEA TONE),Experimental,../data/raw/fma_small/141/141264.mp3
141282,Rogue Planet,Instrumental,../data/raw/fma_small/141/141282.mp3
141283,Razor Strap,Instrumental,../data/raw/fma_small/141/141283.mp3
141284,Tree of Tears,Instrumental,../data/raw/fma_small/141/141284.mp3
141285,Reflections,Instrumental,../data/raw/fma_small/141/141285.mp3
141286,A Journey,Instrumental,../data/raw/fma_small/141/141286.mp3
141287,Across the Sky,Instrumental,../data/raw/fma_small/141/141287.mp3
141288,Cells,Instrumental,../data/raw/fma_small/141/141288.mp3
141289,Disruptor,Instrumental,../data/raw/fma_small/141/141289.mp3
141290,Podcast Theme,Instrumental,../data/raw/fma_small/141/141290.mp3
141291,Rolling Seasong,Instrumental,../data/raw/fma_small/141/141291.mp3
141292,Earth and Stone,Instrumental,../data/raw/fma_small/141/141292.mp3
141293,Circles of Black and Red,Instrumental,../data/raw/fma_small/141/141293.mp3
141295,Silver and Cold,Instrumental,../data/raw/fma_small/141/141295.mp3
141296,The 13th Nocturne,Instrumental,../data/raw/fma_small/141/141296.mp3
141297,Climbing Pulse,Instrumental,../data/raw/fma_small/141/141297.mp3
141299,Interlude #13,Instrumental,../data/raw/fma_small/141/141299.mp3
141300,The Dream Sequence,Instrumental,../data/raw/fma_small/141/141300.mp3
141303,Dark Wave,Instrumental,../data/raw/fma_small/141/141303.mp3
141304,Gone,Hip-Hop,../data/raw/fma_small/141/141304.mp3
141310,Memories (ft. Lotta Rasva),Electronic,../data/raw/fma_small/141/141310.mp3
141375,Truth,Hip-Hop,../data/raw/fma_small/141/141375.mp3
141561,Please Listen,Hip-Hop,../data/raw/fma_small/141/141561.mp3
141562,I Think I Can,Hip-Hop,../data/raw/fma_small/141/141562.mp3
141564,Silver Haze,Hip-Hop,../data/raw/fma_small/141/141564.mp3
141566,Dope Man,Hip-Hop,../data/raw/fma_small/141/141566.mp3
141567,Getting Nowhere,Hip-Hop,../data/raw/fma_small/141/141567.mp3
141568,Basic,Hip-Hop,../data/raw/fma_small/141/141568.mp3
141569,To Be,Hip-Hop,../data/raw/fma_small/141/141569.mp3
141590,Dub Mirror,International,../data/raw/fma_small/141/141590.mp3
141591,From Ever Since,International,../data/raw/fma_small/141/141591.mp3
141592,Brockley Skank,International,../data/raw/fma_small/141/141592.mp3
141593,Temple Ball,International,../data/raw/fma_small/141/141593.mp3
141594,Dub For Gaza,International,../data/raw/fma_small/141/141594.mp3
141616,Born,Electronic,../data/raw/fma_small/141/141616.mp3
141617,The Secret Garden,Electronic,../data/raw/fma_small/141/141617.mp3
141618,Madeena Luithea,Electronic,../data/raw/fma_small/141/141618.mp3
141619,When Night Falls,Electronic,../data/raw/fma_small/141/141619.mp3
141735,In Tune - Remix 2 (2017 brand new!),Hip-Hop,../data/raw/fma_small/141/141735.mp3
141873,Refinery,Electronic,../data/raw/fma_small/141/141873.mp3
141874,Digimetery,Electronic,../data/raw/fma_small/141/141874.mp3
141875,Acoustic Unleashed,Electronic,../data/raw/fma_small/141/141875.mp3
141876,Warmer,Instrumental,../data/raw/fma_small/141/141876.mp3
141877,I,Rock,../data/raw/fma_small/141/141877.mp3
141878,II,Rock,../data/raw/fma_small/141/141878.mp3
141894,Descent,Rock,../data/raw/fma_small/141/141894.mp3
141901,Tinderstix and Russian River,Pop,../data/raw/fma_small/141/141901.mp3
141902,Hale Ze,Pop,../data/raw/fma_small/141/141902.mp3
141903,Ne Ve Rew,Pop,../data/raw/fma_small/141/141903.mp3
141972,Despairphonics,Experimental,../data/raw/fma_small/141/141972.mp3
142078,OOOTHERSIDE - Best Wishes,Electronic,../data/raw/fma_small/142/142078.mp3
142079,OOOTHERSIDE - Crystal Air,Electronic,../data/raw/fma_small/142/142079.mp3
142080,OOOTHERSIDE - Liquid Paper,Electronic,../data/raw/fma_small/142/142080.mp3
142081,OOOTHERSIDE - This Time,Electronic,../data/raw/fma_small/142/142081.mp3
142082,no emotions,Hip-Hop,../data/raw/fma_small/142/142082.mp3
142083,Still Living,Hip-Hop,../data/raw/fma_small/142/142083.mp3
142084,All of me,Hip-Hop,../data/raw/fma_small/142/142084.mp3
142085,On the daily,Hip-Hop,../data/raw/fma_small/142/142085.mp3
142086,Pennies For My Thoughts,Hip-Hop,../data/raw/fma_small/142/142086.mp3
142087,Runnin out of time,Hip-Hop,../data/raw/fma_small/142/142087.mp3
142088,Stop and go,Hip-Hop,../data/raw/fma_small/142/142088.mp3
142089,The Statement,Hip-Hop,../data/raw/fma_small/142/142089.mp3
142091,WAITING FOR THAT MOMENT,Hip-Hop,../data/raw/fma_small/142/142091.mp3
142092,woke up feeling blessed,Hip-Hop,../data/raw/fma_small/142/142092.mp3
142093,"Lights, it was you and I",Hip-Hop,../data/raw/fma_small/142/142093.mp3
142094,Night train,Instrumental,../data/raw/fma_small/142/142094.mp3
142096,Interchange,Instrumental,../data/raw/fma_small/142/142096.mp3
142097,The town where Dave lived,Instrumental,../data/raw/fma_small/142/142097.mp3
142098,Lake in the woods,Instrumental,../data/raw/fma_small/142/142098.mp3
142128,Diver Blue,Rock,../data/raw/fma_small/142/142128.mp3
142129,It's Clearing Now,Folk,../data/raw/fma_small/142/142129.mp3
142132,Sometimes,Folk,../data/raw/fma_small/142/142132.mp3
142133,Lookin' at You in a Photo,Folk,../data/raw/fma_small/142/142133.mp3
142358,5 x 5,Hip-Hop,../data/raw/fma_small/142/142358.mp3
142359,FutureBACK,Hip-Hop,../data/raw/fma_small/142/142359.mp3
142360,God's Radio Hell,Hip-Hop,../data/raw/fma_small/142/142360.mp3
142361,Bad Cop,Hip-Hop,../data/raw/fma_small/142/142361.mp3
142362,"Revolution 88 (Parts 1, 2 & 3)",Hip-Hop,../data/raw/fma_small/142/142362.mp3
142381,House club track,Instrumental,../data/raw/fma_small/142/142381.mp3
142402,Collapse,Rock,../data/raw/fma_small/142/142402.mp3
142418,Neve,Rock,../data/raw/fma_small/142/142418.mp3
142433,Above Birmingham,Instrumental,../data/raw/fma_small/142/142433.mp3
142511,Ratatatatouille,Rock,../data/raw/fma_small/142/142511.mp3
142516,1990,Folk,../data/raw/fma_small/142/142516.mp3
142517,Summer Sinners,Folk,../data/raw/fma_small/142/142517.mp3
142519,This Morning's Preacher [bonus tune!],Folk,../data/raw/fma_small/142/142519.mp3
142528,Aurora,Folk,../data/raw/fma_small/142/142528.mp3
142529,At the Carnival,Folk,../data/raw/fma_small/142/142529.mp3
142530,Ships,Folk,../data/raw/fma_small/142/142530.mp3
142531,You Will Be Ok,Folk,../data/raw/fma_small/142/142531.mp3
142532,Unless You Trade,Folk,../data/raw/fma_small/142/142532.mp3
142533,Bestial,International,../data/raw/fma_small/142/142533.mp3
142534,Hereus de mala vida,International,../data/raw/fma_small/142/142534.mp3
142535,L'amic invisible,International,../data/raw/fma_small/142/142535.mp3
142536,El iaio,International,../data/raw/fma_small/142/142536.mp3
142537,Atura el temps,International,../data/raw/fma_small/142/142537.mp3
142538,El mig amic,International,../data/raw/fma_small/142/142538.mp3
142539,Vull viure d'aventures,International,../data/raw/fma_small/142/142539.mp3
142549,My Best Searching Travel,Pop,../data/raw/fma_small/142/142549.mp3
142550,Locate,Pop,../data/raw/fma_small/142/142550.mp3
142551,Arms,Pop,../data/raw/fma_small/142/142551.mp3
142552,Come to Me,Pop,../data/raw/fma_small/142/142552.mp3
142553,Full of Beliefs,Pop,../data/raw/fma_small/142/142553.mp3
142563,Heart of Darkness,Rock,../data/raw/fma_small/142/142563.mp3
142564,Reggae life,International,../data/raw/fma_small/142/142564.mp3
142565,Turn your light,International,../data/raw/fma_small/142/142565.mp3
142566,Criminal,International,../data/raw/fma_small/142/142566.mp3
142567,Fell it,International,../data/raw/fma_small/142/142567.mp3
142568,Wanna live my life,International,../data/raw/fma_small/142/142568.mp3
142569,Back to reality,International,../data/raw/fma_small/142/142569.mp3
142570,Weekend,International,../data/raw/fma_small/142/142570.mp3
142571,Senegal,International,../data/raw/fma_small/142/142571.mp3
142572,Forgivenees,International,../data/raw/fma_small/142/142572.mp3
142573,Down down down,International,../data/raw/fma_small/142/142573.mp3
142574,Las cosas más grandes,International,../data/raw/fma_small/142/142574.mp3
142575,Libre,International,../data/raw/fma_small/142/142575.mp3
142576,Borracha,International,../data/raw/fma_small/142/142576.mp3
142577,La Tribu de la Tierra,International,../data/raw/fma_small/142/142577.mp3
142579,SwingatOmique,International,../data/raw/fma_small/142/142579.mp3
142641,Goodbye Machineryhead,Instrumental,../data/raw/fma_small/142/142641.mp3
142666,Floridian Fighting Bear,Hip-Hop,../data/raw/fma_small/142/142666.mp3
142668,Fox 103,Hip-Hop,../data/raw/fma_small/142/142668.mp3
142669,Mello Hello,Hip-Hop,../data/raw/fma_small/142/142669.mp3
142670,Crispy Roses,Hip-Hop,../data/raw/fma_small/142/142670.mp3
142671,Silverdirt,Hip-Hop,../data/raw/fma_small/142/142671.mp3
142672,Fireheart,Hip-Hop,../data/raw/fma_small/142/142672.mp3
142947,Eyes All Over Town,Rock,../data/raw/fma_small/142/142947.mp3
142948,Forgiveness,Rock,../data/raw/fma_small/142/142948.mp3
142949,Spells,Rock,../data/raw/fma_small/142/142949.mp3
142950,Reborn Boys/ Nightlife,Rock,../data/raw/fma_small/142/142950.mp3
143039,SEVEN RED MOVEMENTS,Experimental,../data/raw/fma_small/143/143039.mp3
143046,Apollo,Electronic,../data/raw/fma_small/143/143046.mp3
143055,Robot Heart,Electronic,../data/raw/fma_small/143/143055.mp3
143056,Speeding Speech,Electronic,../data/raw/fma_small/143/143056.mp3
143057,There Is Something Wrong,Electronic,../data/raw/fma_small/143/143057.mp3
143058,There Is Another System,Electronic,../data/raw/fma_small/143/143058.mp3
143059,Ugh! Humans Can Join,Electronic,../data/raw/fma_small/143/143059.mp3
143060,Wonders Of Modern Technology,Electronic,../data/raw/fma_small/143/143060.mp3
143061,Lonely Satellite,Electronic,../data/raw/fma_small/143/143061.mp3
143095,Maniac,Rock,../data/raw/fma_small/143/143095.mp3
143097,Living In A Dream,Rock,../data/raw/fma_small/143/143097.mp3
143098,Now I Understand,Rock,../data/raw/fma_small/143/143098.mp3
143099,The Last Picture Show,Rock,../data/raw/fma_small/143/143099.mp3
143106,Stingray,Rock,../data/raw/fma_small/143/143106.mp3
143186,Snow Storm,Experimental,../data/raw/fma_small/143/143186.mp3
143214,Emperor Of San Francisco,Rock,../data/raw/fma_small/143/143214.mp3
143215,Halfway To Infinity,Rock,../data/raw/fma_small/143/143215.mp3
143216,Homecoming,Rock,../data/raw/fma_small/143/143216.mp3
143217,How's The Weather Up There,Rock,../data/raw/fma_small/143/143217.mp3
143218,March Of The Undead,Rock,../data/raw/fma_small/143/143218.mp3
143219,The Interview And The Argument,Rock,../data/raw/fma_small/143/143219.mp3
143220,The Law,Rock,../data/raw/fma_small/143/143220.mp3
143221,The Madness,Rock,../data/raw/fma_small/143/143221.mp3
143237,Clean Suit,Pop,../data/raw/fma_small/143/143237.mp3
143239,Swanhead,Instrumental,../data/raw/fma_small/143/143239.mp3
143290,Keep it Real,Hip-Hop,../data/raw/fma_small/143/143290.mp3
143295,Rock Salad,Instrumental,../data/raw/fma_small/143/143295.mp3
143296,Cartoon Faced,Instrumental,../data/raw/fma_small/143/143296.mp3
143299,Hardwired,Instrumental,../data/raw/fma_small/143/143299.mp3
143300,Cotton Candy Monster,Instrumental,../data/raw/fma_small/143/143300.mp3
143303,Time Displacement Theory,Instrumental,../data/raw/fma_small/143/143303.mp3
143304,Niveau Supérieur,Instrumental,../data/raw/fma_small/143/143304.mp3
143305,Juxtapozer,Instrumental,../data/raw/fma_small/143/143305.mp3
143306,Take Your Pills,Instrumental,../data/raw/fma_small/143/143306.mp3
143307,Glen the Snail,Instrumental,../data/raw/fma_small/143/143307.mp3
143308,Escape from Carpinteria Island,Instrumental,../data/raw/fma_small/143/143308.mp3
143309,It Watches me Sleep,Instrumental,../data/raw/fma_small/143/143309.mp3
143318,Hundred Years in Helheim,Rock,../data/raw/fma_small/143/143318.mp3
143319,Left on Deimos,Rock,../data/raw/fma_small/143/143319.mp3
143532,dodo,Electronic,../data/raw/fma_small/143/143532.mp3
143941,Lost in Russia,Instrumental,../data/raw/fma_small/143/143941.mp3
143989,American Weirdos,Rock,../data/raw/fma_small/143/143989.mp3
143995,Kick Em Out,Rock,../data/raw/fma_small/143/143995.mp3
144170,Mãos Soltas,Hip-Hop,../data/raw/fma_small/144/144170.mp3
144171,Ninjas (c/ Stray),Hip-Hop,../data/raw/fma_small/144/144171.mp3
144172,Henna Negra,Hip-Hop,../data/raw/fma_small/144/144172.mp3
144173,Sorriso (Parvo),Hip-Hop,../data/raw/fma_small/144/144173.mp3
144179,Jumanji,Hip-Hop,../data/raw/fma_small/144/144179.mp3
144180,Pulso (Por Stray),Hip-Hop,../data/raw/fma_small/144/144180.mp3
144181,Estalo os Dedos,Hip-Hop,../data/raw/fma_small/144/144181.mp3
144182,Positivo % Negativo,Hip-Hop,../data/raw/fma_small/144/144182.mp3
144212,Life & Times of 40 Year Rhymes,Hip-Hop,../data/raw/fma_small/144/144212.mp3
144213,Rhythm Roulette,Hip-Hop,../data/raw/fma_small/144/144213.mp3
144214,Idle Hands,Hip-Hop,../data/raw/fma_small/144/144214.mp3
144215,State Trooper,Hip-Hop,../data/raw/fma_small/144/144215.mp3
144216,Let Me Spell You This (016 Tess Dis Champion Mixx),Hip-Hop,../data/raw/fma_small/144/144216.mp3
144423,Happy Jambo,Electronic,../data/raw/fma_small/144/144423.mp3
144424,Happy Jambo Remix,Electronic,../data/raw/fma_small/144/144424.mp3
144454,Father Green,Instrumental,../data/raw/fma_small/144/144454.mp3
144465,Belle Isle (Instrumental),Folk,../data/raw/fma_small/144/144465.mp3
144466,Co-Creators (Instrumental),Folk,../data/raw/fma_small/144/144466.mp3
144467,Come To My Coast (Instrumental),Folk,../data/raw/fma_small/144/144467.mp3
144468,I Fell Too Much In Love (Instrumental),Folk,../data/raw/fma_small/144/144468.mp3
144469,I Have That Same Tattoo (Instrumental),Folk,../data/raw/fma_small/144/144469.mp3
144470,Make a Life (Instrumental),Folk,../data/raw/fma_small/144/144470.mp3
144471,Not a Machine (Instrumental),Folk,../data/raw/fma_small/144/144471.mp3
144472,Saw You On the Train Last Night (Instrumental),Folk,../data/raw/fma_small/144/144472.mp3
144473,Starling Cross (Instrumental),Folk,../data/raw/fma_small/144/144473.mp3
144474,Telepathic Teleplay (Instrumental),Folk,../data/raw/fma_small/144/144474.mp3
144475,The Dinner Party (Instrumental),Folk,../data/raw/fma_small/144/144475.mp3
144476,The Prime of Our Lives (Instrumental),Folk,../data/raw/fma_small/144/144476.mp3
144477,Travelogue (Instrumental),Folk,../data/raw/fma_small/144/144477.mp3
144487,The Pink Metal,Experimental,../data/raw/fma_small/144/144487.mp3
144492,New Moon,Experimental,../data/raw/fma_small/144/144492.mp3
144542,Rain (Acoustic),Folk,../data/raw/fma_small/144/144542.mp3
144543,Lily Moon (Acoustic),Folk,../data/raw/fma_small/144/144543.mp3
144544,Holy Dust (Acoustic),Folk,../data/raw/fma_small/144/144544.mp3
144545,"Grace, Fully (Acoustic)",Folk,../data/raw/fma_small/144/144545.mp3
144546,Lantern (Acoustic),Folk,../data/raw/fma_small/144/144546.mp3
144547,Crucible (Acoustic),Folk,../data/raw/fma_small/144/144547.mp3
144548,I Could Write (Acoustic),Folk,../data/raw/fma_small/144/144548.mp3
144549,Ours To Give (Acoustic),Folk,../data/raw/fma_small/144/144549.mp3
144550,Get Up Out Your Way (Acoustic),Folk,../data/raw/fma_small/144/144550.mp3
144551,Wildlight - The Tide (Acoustic) - 08 From The Ground Up (Acoustic),Folk,../data/raw/fma_small/144/144551.mp3
144552,Move Like The Ocean (Acoustic),Folk,../data/raw/fma_small/144/144552.mp3
144587,All the Little Sperms,Pop,../data/raw/fma_small/144/144587.mp3
144592,Dark Matter,Electronic,../data/raw/fma_small/144/144592.mp3
144600,Kevin come back,Instrumental,../data/raw/fma_small/144/144600.mp3
144733,With You And Icecream Flying,Electronic,../data/raw/fma_small/144/144733.mp3
144740,Mind On The Music (Featuring Pot-C),Hip-Hop,../data/raw/fma_small/144/144740.mp3
144741,Mind On The Music (Fender Mix) (Featuring Pot-C & SKOL),Hip-Hop,../data/raw/fma_small/144/144741.mp3
144801,Great Aunt Henrietta,Instrumental,../data/raw/fma_small/144/144801.mp3
144809,Что хочешь...,Experimental,../data/raw/fma_small/144/144809.mp3
144810,SickNik(,Experimental,../data/raw/fma_small/144/144810.mp3
144933,Saturday,Pop,../data/raw/fma_small/144/144933.mp3
144934,Off,Pop,../data/raw/fma_small/144/144934.mp3
144935,Defy / Tonight,Pop,../data/raw/fma_small/144/144935.mp3
144936,Stereo / Video,Pop,../data/raw/fma_small/144/144936.mp3
144937,After All You Say,Pop,../data/raw/fma_small/144/144937.mp3
144938,Godspeed,Pop,../data/raw/fma_small/144/144938.mp3
144939,Three Days,Pop,../data/raw/fma_small/144/144939.mp3
144940,(next time you coalesce) Come Over,Pop,../data/raw/fma_small/144/144940.mp3
144941,When you came they were clapping (aka America performing a brief existential crisis),Pop,../data/raw/fma_small/144/144941.mp3
144942,Oh / No,Pop,../data/raw/fma_small/144/144942.mp3
144943,Hat / Halo,Pop,../data/raw/fma_small/144/144943.mp3
144944,Stereo / Video (Cutside Remix),Pop,../data/raw/fma_small/144/144944.mp3
144945,Three Days (Sunny June Mixx),Pop,../data/raw/fma_small/144/144945.mp3
144946,After All You Say (TSPMIX),Pop,../data/raw/fma_small/144/144946.mp3
145002,A Dancer Stole My Heart,Folk,../data/raw/fma_small/145/145002.mp3
145003,In The Gods,Folk,../data/raw/fma_small/145/145003.mp3
145004,Hitchcock,Folk,../data/raw/fma_small/145/145004.mp3
145005,Uncharted Lands,Folk,../data/raw/fma_small/145/145005.mp3
145020,The Realist,Rock,../data/raw/fma_small/145/145020.mp3
145027,Curly,Rock,../data/raw/fma_small/145/145027.mp3
145041,Lijperoni,Electronic,../data/raw/fma_small/145/145041.mp3
145042,Bea6 (Oelek dromer rmx),Electronic,../data/raw/fma_small/145/145042.mp3
145043,Rock'n'Roll Hara-Kiri,Experimental,../data/raw/fma_small/145/145043.mp3
145058,Worm Fortress,Experimental,../data/raw/fma_small/145/145058.mp3
145059,"In Ages Past, The Myths And Legends Happened A Long Time Ago",Experimental,../data/raw/fma_small/145/145059.mp3
145067,Ngrumme,Rock,../data/raw/fma_small/145/145067.mp3
145068,Demoni e Dei (Contropotere),Rock,../data/raw/fma_small/145/145068.mp3
145074,Coda: Escaping To Freedom,Experimental,../data/raw/fma_small/145/145074.mp3
145183,Soundtrack 1. Act 6,Instrumental,../data/raw/fma_small/145/145183.mp3
145189,Soundtrack 2. Act 6,Instrumental,../data/raw/fma_small/145/145189.mp3
145199,Opening the Mouth/ Salt,Rock,../data/raw/fma_small/145/145199.mp3
145241,THE THREE SHADES,Rock,../data/raw/fma_small/145/145241.mp3
145257,Not So Final Countdown,Rock,../data/raw/fma_small/145/145257.mp3
145258,Left The Building,Rock,../data/raw/fma_small/145/145258.mp3
145259,Joika,Rock,../data/raw/fma_small/145/145259.mp3
145260,Easter Island,Rock,../data/raw/fma_small/145/145260.mp3
145431,Open Cab,Instrumental,../data/raw/fma_small/145/145431.mp3
145432,Ebb and Flow,Instrumental,../data/raw/fma_small/145/145432.mp3
145457,Loving You Because...,Instrumental,../data/raw/fma_small/145/145457.mp3
145458,Dilemma of the Heart,Instrumental,../data/raw/fma_small/145/145458.mp3
145462,The Frequency,Electronic,../data/raw/fma_small/145/145462.mp3
145464,Tabea (Live at Galleri Bleue),Electronic,../data/raw/fma_small/145/145464.mp3
145475,Dreamstalker,Instrumental,../data/raw/fma_small/145/145475.mp3
145476,Homage to John Carpenter's Halloween Soundtrack,Instrumental,../data/raw/fma_small/145/145476.mp3
145477,"In This Creepy, Sleepy Backward Town",Instrumental,../data/raw/fma_small/145/145477.mp3
145549,Yellow Taxi under a Blue Sky,Electronic,../data/raw/fma_small/145/145549.mp3
145550,Roommates,Folk,../data/raw/fma_small/145/145550.mp3
145551,Thief,Folk,../data/raw/fma_small/145/145551.mp3
145552,Family Tree Burning,Folk,../data/raw/fma_small/145/145552.mp3
145553,The Great Alain,Folk,../data/raw/fma_small/145/145553.mp3
145554,No Fog,Folk,../data/raw/fma_small/145/145554.mp3
145555,Picture Postcard,Folk,../data/raw/fma_small/145/145555.mp3
145556,Roommates (Piano Version by AGPB),Folk,../data/raw/fma_small/145/145556.mp3
145606,SELF EXPLORER,Rock,../data/raw/fma_small/145/145606.mp3
145607,The Dawn,Rock,../data/raw/fma_small/145/145607.mp3
145608,This Cursed Hope,Rock,../data/raw/fma_small/145/145608.mp3
145609,With These Flames,Rock,../data/raw/fma_small/145/145609.mp3
145610,Wolves,Rock,../data/raw/fma_small/145/145610.mp3
145645,Here and Now,Electronic,../data/raw/fma_small/145/145645.mp3
145646,Isn't It Beautiful,Electronic,../data/raw/fma_small/145/145646.mp3
145653,Gladiator Coin Toss,Pop,../data/raw/fma_small/145/145653.mp3
145702,Saturday,Pop,../data/raw/fma_small/145/145702.mp3
145703,When You Came They Were Clapping (aka America performing a brief existential crisis),Pop,../data/raw/fma_small/145/145703.mp3
145704,Lightning Rods To Your Defense,Pop,../data/raw/fma_small/145/145704.mp3
145705,When You Came They Were Clapping (Donnie Ozone Remix) (Additional Vocals by Kara Square),Pop,../data/raw/fma_small/145/145705.mp3
145706,Saturday (Weekend Groove Remix),Pop,../data/raw/fma_small/145/145706.mp3
145707,Godspeed,Pop,../data/raw/fma_small/145/145707.mp3
145708,When You Came They Were Clapping (TSPMIX),Pop,../data/raw/fma_small/145/145708.mp3
145709,Come Over (SvicKillaz Remix),Pop,../data/raw/fma_small/145/145709.mp3
145710,Godspeed (Lyndon Scarfe Remix),Pop,../data/raw/fma_small/145/145710.mp3
145711,Godspeed (Dantheman Stuck In Time Remix),Pop,../data/raw/fma_small/145/145711.mp3
145724,So On and Yo! (Instrumental),Hip-Hop,../data/raw/fma_small/145/145724.mp3
145727,The LOWdown (Instrumental),Hip-Hop,../data/raw/fma_small/145/145727.mp3
145728,The Essentials (Essential Deejay Instrumental),Hip-Hop,../data/raw/fma_small/145/145728.mp3
145729,So On and Yo! (D.A.I.S.Y. Age Instrumental),Hip-Hop,../data/raw/fma_small/145/145729.mp3
145730,STOCKPILE! (Funky Dubb Mixx),Hip-Hop,../data/raw/fma_small/145/145730.mp3
145741,Home Base (Featuring Long John),Hip-Hop,../data/raw/fma_small/145/145741.mp3
145742,Ten Kai Master Funk Flames,Hip-Hop,../data/raw/fma_small/145/145742.mp3
145743,Snow Crystal Whispering Pines (Featuring HighSnow),Hip-Hop,../data/raw/fma_small/145/145743.mp3
145744,Jazzy Hip-Hop (Featuring Long John),Hip-Hop,../data/raw/fma_small/145/145744.mp3
145745,Roll Playing Game,Hip-Hop,../data/raw/fma_small/145/145745.mp3
145746,Tabiji Shiyo,Hip-Hop,../data/raw/fma_small/145/145746.mp3
145747,You Forgot (Forget It),Hip-Hop,../data/raw/fma_small/145/145747.mp3
145748,The BizBoxx,Hip-Hop,../data/raw/fma_small/145/145748.mp3
145749,Liars & Conmen,Hip-Hop,../data/raw/fma_small/145/145749.mp3
145750,Devil's Pie,Hip-Hop,../data/raw/fma_small/145/145750.mp3
145751,No Country For Old Men,Hip-Hop,../data/raw/fma_small/145/145751.mp3
145752,Golden Path,Electronic,../data/raw/fma_small/145/145752.mp3
145754,Lotus,Electronic,../data/raw/fma_small/145/145754.mp3
145755,Mille et une nuit de basse,Electronic,../data/raw/fma_small/145/145755.mp3
145756,Easy,Electronic,../data/raw/fma_small/145/145756.mp3
145757,Tube,Electronic,../data/raw/fma_small/145/145757.mp3
145758,Spicy,Electronic,../data/raw/fma_small/145/145758.mp3
145759,Scorpio Moon,Electronic,../data/raw/fma_small/145/145759.mp3
145760,Dubnotic - It was meant 2 be (SPCZ Remix),Electronic,../data/raw/fma_small/145/145760.mp3
145761,Memories (Tales of painting & Spcz),Electronic,../data/raw/fma_small/145/145761.mp3
145762,"Holding on Until the Cold, Cold Morn",Instrumental,../data/raw/fma_small/145/145762.mp3
145777,Heaven Beyond the Trees,Instrumental,../data/raw/fma_small/145/145777.mp3
145780,Amilee,Rock,../data/raw/fma_small/145/145780.mp3
145783,I Seen Her Dance,Rock,../data/raw/fma_small/145/145783.mp3
145887,Facing Inwards,Instrumental,../data/raw/fma_small/145/145887.mp3
145917,Paradigmatic (Reprise),Electronic,../data/raw/fma_small/145/145917.mp3
145918,SD (Ill Mix),Electronic,../data/raw/fma_small/145/145918.mp3
146017,Gulag (Minnesbilden),Instrumental,../data/raw/fma_small/146/146017.mp3
146018,Världens Ände,Instrumental,../data/raw/fma_small/146/146018.mp3
146019,Den Plomberade Vagnen,Instrumental,../data/raw/fma_small/146/146019.mp3
146020,Arvet,Instrumental,../data/raw/fma_small/146/146020.mp3
146070,"part 3, tons of tracks",Experimental,../data/raw/fma_small/146/146070.mp3
146147,Creation,Hip-Hop,../data/raw/fma_small/146/146147.mp3
146148,Intro,Hip-Hop,../data/raw/fma_small/146/146148.mp3
146149,Spacewalkers,Hip-Hop,../data/raw/fma_small/146/146149.mp3
146150,U and I,Hip-Hop,../data/raw/fma_small/146/146150.mp3
146151,How I Feel,Hip-Hop,../data/raw/fma_small/146/146151.mp3
146152,The Cross,Hip-Hop,../data/raw/fma_small/146/146152.mp3
146153,Torture Device,Hip-Hop,../data/raw/fma_small/146/146153.mp3
146343,The Child Tells a Lie,Experimental,../data/raw/fma_small/146/146343.mp3
146458,The Cavern,Electronic,../data/raw/fma_small/146/146458.mp3
146478,SPARKLE BLOOD - Denim Convention,Rock,../data/raw/fma_small/146/146478.mp3
146481,betterhalf - Said + Done,Rock,../data/raw/fma_small/146/146481.mp3
146482,Saint Clare - Cheatin',Rock,../data/raw/fma_small/146/146482.mp3
146483,Cope - Mikey Whipwreck,Rock,../data/raw/fma_small/146/146483.mp3
146639,Bob Burns Down,Folk,../data/raw/fma_small/146/146639.mp3
146681,moonrawks,Hip-Hop,../data/raw/fma_small/146/146681.mp3
146683,drunkenCPU,Hip-Hop,../data/raw/fma_small/146/146683.mp3
146685,REturn Trip?,Hip-Hop,../data/raw/fma_small/146/146685.mp3
146687,Majestic Magnets (Headsnack Remix),Hip-Hop,../data/raw/fma_small/146/146687.mp3
146689,Sad But True (Featuring Mported Flows),Hip-Hop,../data/raw/fma_small/146/146689.mp3
146713,Twist (Featuring Chuck D) (Def Remix),Hip-Hop,../data/raw/fma_small/146/146713.mp3
146716,"Extraordinary League of HipHop Dads (Featuring Headsnack, Brash, Phashara & Venomous 2000)",Hip-Hop,../data/raw/fma_small/146/146716.mp3
146724,Tired (Live),Hip-Hop,../data/raw/fma_small/146/146724.mp3
146725,Dogfight (Live),Hip-Hop,../data/raw/fma_small/146/146725.mp3
146726,Who is Dr. Cube? (Live),Hip-Hop,../data/raw/fma_small/146/146726.mp3
146727,ALLMACKS (Drunken Masters Version) (Live),Hip-Hop,../data/raw/fma_small/146/146727.mp3
146879,A Bit of Electro,Electronic,../data/raw/fma_small/146/146879.mp3
146961,Four Walls,Folk,../data/raw/fma_small/146/146961.mp3
146968,Reaces Peaces,Folk,../data/raw/fma_small/146/146968.mp3
146969,So Is She,Folk,../data/raw/fma_small/146/146969.mp3
146970,Kick The Can,Folk,../data/raw/fma_small/146/146970.mp3
146988,Fake Cats Project Robs Rachmaninoff,Experimental,../data/raw/fma_small/146/146988.mp3
146989,Ghosts of Guitar,Experimental,../data/raw/fma_small/146/146989.mp3
147020,Six Pack,Hip-Hop,../data/raw/fma_small/147/147020.mp3
147021,Life Is Good,Hip-Hop,../data/raw/fma_small/147/147021.mp3
147022,The Menu,Hip-Hop,../data/raw/fma_small/147/147022.mp3
147023,Armchair Revolution,Hip-Hop,../data/raw/fma_small/147/147023.mp3
147024,A Roller Skating Jam Called Saturday Nite,Hip-Hop,../data/raw/fma_small/147/147024.mp3
147059,Blinkity Blank,Experimental,../data/raw/fma_small/147/147059.mp3
147085,A Ukulele For Christmas,Experimental,../data/raw/fma_small/147/147085.mp3
147086,A Ukulele For Christmas (instrumental),Experimental,../data/raw/fma_small/147/147086.mp3
147087,Bring Those Presents to Me!,Experimental,../data/raw/fma_small/147/147087.mp3
147126,Whispers,Instrumental,../data/raw/fma_small/147/147126.mp3
147191,Dr Sleepgood 3,Electronic,../data/raw/fma_small/147/147191.mp3
147261,Depravity,Hip-Hop,../data/raw/fma_small/147/147261.mp3
147265,I.D.K.?,Hip-Hop,../data/raw/fma_small/147/147265.mp3
147267,Wise Wordz,Hip-Hop,../data/raw/fma_small/147/147267.mp3
147268,Keep It Up/Tranzitionz,Hip-Hop,../data/raw/fma_small/147/147268.mp3
147269,Gettin' Crazy,Hip-Hop,../data/raw/fma_small/147/147269.mp3
147295,Meadow Siren,Folk,../data/raw/fma_small/147/147295.mp3
147309,Traces,Instrumental,../data/raw/fma_small/147/147309.mp3
147409,Game Boy Horror,Rock,../data/raw/fma_small/147/147409.mp3
147412,Brundlefly,Rock,../data/raw/fma_small/147/147412.mp3
147413,Boogeyman,Rock,../data/raw/fma_small/147/147413.mp3
147780,Dimension,Electronic,../data/raw/fma_small/147/147780.mp3
147815,13 glorieux pop,Electronic,../data/raw/fma_small/147/147815.mp3
147886,Burns (Featuring Cable),Hip-Hop,../data/raw/fma_small/147/147886.mp3
147956,Universal Libraries,Rock,../data/raw/fma_small/147/147956.mp3
148002,Little Peace at Christmas,Instrumental,../data/raw/fma_small/148/148002.mp3
148028,Disco From The Clouds,Hip-Hop,../data/raw/fma_small/148/148028.mp3
148031,I,Hip-Hop,../data/raw/fma_small/148/148031.mp3
148032,WitchCraft,Hip-Hop,../data/raw/fma_small/148/148032.mp3
148066,Heathen change your ways (Featuring Don Goliath & Tallis),International,../data/raw/fma_small/148/148066.mp3
148070,Sweet Potato Pudding dub,International,../data/raw/fma_small/148/148070.mp3
148074,Niceness,International,../data/raw/fma_small/148/148074.mp3
148075,Vibrations,International,../data/raw/fma_small/148/148075.mp3
148076,Employment dub (Featuring Kontent),International,../data/raw/fma_small/148/148076.mp3
148077,Suede Head,International,../data/raw/fma_small/148/148077.mp3
148078,All the Nations (Featuring Penti from Senti),International,../data/raw/fma_small/148/148078.mp3
148079,Into the light (Squidgy Black mix),International,../data/raw/fma_small/148/148079.mp3
148082,Onyx,Experimental,../data/raw/fma_small/148/148082.mp3
148099,I love you (B-side),Experimental,../data/raw/fma_small/148/148099.mp3
148112,Dream Sequence With Percussion,Instrumental,../data/raw/fma_small/148/148112.mp3
148113,Flip Side Instrumental,Instrumental,../data/raw/fma_small/148/148113.mp3
148114,Flip Side,Instrumental,../data/raw/fma_small/148/148114.mp3
148120,Hots For Brooklyn Instrumental,Instrumental,../data/raw/fma_small/148/148120.mp3
148121,Hots For Brooklyn,Instrumental,../data/raw/fma_small/148/148121.mp3
148124,Smooth Space With Drums,Instrumental,../data/raw/fma_small/148/148124.mp3
148130,The People Instrumental,Instrumental,../data/raw/fma_small/148/148130.mp3
148131,The People,Instrumental,../data/raw/fma_small/148/148131.mp3
148132,Upside of Looking Down Instrumental,Instrumental,../data/raw/fma_small/148/148132.mp3
148133,Upside Of Looking Down,Instrumental,../data/raw/fma_small/148/148133.mp3
148168,Bahia,Experimental,../data/raw/fma_small/148/148168.mp3
148186,Friends Of Mine,Folk,../data/raw/fma_small/148/148186.mp3
148187,You're So Funny,Folk,../data/raw/fma_small/148/148187.mp3
148190,So F#&k'n Happy,Folk,../data/raw/fma_small/148/148190.mp3
148208,Shellac,Folk,../data/raw/fma_small/148/148208.mp3
148210,At Sea,Folk,../data/raw/fma_small/148/148210.mp3
148211,Summertime,Folk,../data/raw/fma_small/148/148211.mp3
148212,Like A Dog,Folk,../data/raw/fma_small/148/148212.mp3
148213,From The Sun,Folk,../data/raw/fma_small/148/148213.mp3
148214,It's My Dream,Folk,../data/raw/fma_small/148/148214.mp3
148215,It's Alright,Folk,../data/raw/fma_small/148/148215.mp3
148216,Quiet Today,Folk,../data/raw/fma_small/148/148216.mp3
148217,Casio Song,Folk,../data/raw/fma_small/148/148217.mp3
148218,Women 'round Town,Folk,../data/raw/fma_small/148/148218.mp3
148231,Black & Gold,Folk,../data/raw/fma_small/148/148231.mp3
148233,Hit The Drums,Folk,../data/raw/fma_small/148/148233.mp3
148234,Olympia,Folk,../data/raw/fma_small/148/148234.mp3
148235,Hand of The Hunter,Folk,../data/raw/fma_small/148/148235.mp3
148246,Lovefingers,Rock,../data/raw/fma_small/148/148246.mp3
148285,Soul Gem,Pop,../data/raw/fma_small/148/148285.mp3
148286,Beppe of Italy,Pop,../data/raw/fma_small/148/148286.mp3
148287,Hot Lap,Pop,../data/raw/fma_small/148/148287.mp3
148288,Deep Down Inc.,Pop,../data/raw/fma_small/148/148288.mp3
148289,Luka Fisher,Pop,../data/raw/fma_small/148/148289.mp3
148290,Main Course,Pop,../data/raw/fma_small/148/148290.mp3
148302,Un truc 5,Experimental,../data/raw/fma_small/148/148302.mp3
148303,Recyclage 4,Experimental,../data/raw/fma_small/148/148303.mp3
148305,Paysage au repos (extrait),Experimental,../data/raw/fma_small/148/148305.mp3
148429,No lyrics,International,../data/raw/fma_small/148/148429.mp3
148430,Tengo insectos en mis zapatillas,International,../data/raw/fma_small/148/148430.mp3
148439,Adrenaline Intro,Electronic,../data/raw/fma_small/148/148439.mp3
148441,Gugugu,Electronic,../data/raw/fma_small/148/148441.mp3
148443,Arid Badlands,Electronic,../data/raw/fma_small/148/148443.mp3
148444,Haka,Electronic,../data/raw/fma_small/148/148444.mp3
148510,Talking To My Own Mirage,Pop,../data/raw/fma_small/148/148510.mp3
148513,How It Used To Be,Pop,../data/raw/fma_small/148/148513.mp3
148514,Sun 1,Pop,../data/raw/fma_small/148/148514.mp3
148516,Easy Target,Pop,../data/raw/fma_small/148/148516.mp3
148517,Shout,Pop,../data/raw/fma_small/148/148517.mp3
148518,Side By Side,Pop,../data/raw/fma_small/148/148518.mp3
148519,Goat,Pop,../data/raw/fma_small/148/148519.mp3
148532,Intro,Folk,../data/raw/fma_small/148/148532.mp3
148535,Boombap,Folk,../data/raw/fma_small/148/148535.mp3
148536,Medo de Tentar,Rock,../data/raw/fma_small/148/148536.mp3
148537,Medo de Morrer,Rock,../data/raw/fma_small/148/148537.mp3
148584,Cindy Trauma,Pop,../data/raw/fma_small/148/148584.mp3
148585,Ulan Bator,Pop,../data/raw/fma_small/148/148585.mp3
148586,Elise en analyse,Pop,../data/raw/fma_small/148/148586.mp3
148587,Séducteur loser,Pop,../data/raw/fma_small/148/148587.mp3
148602,Leave,Folk,../data/raw/fma_small/148/148602.mp3
148603,Shallow Waters,Folk,../data/raw/fma_small/148/148603.mp3
148604,Bullets,Folk,../data/raw/fma_small/148/148604.mp3
148605,Abstract (unfinished),Folk,../data/raw/fma_small/148/148605.mp3
148606,My Deviance,Pop,../data/raw/fma_small/148/148606.mp3
148607,The Prisoner,Pop,../data/raw/fma_small/148/148607.mp3
148608,Dynamo,Pop,../data/raw/fma_small/148/148608.mp3
148609,Another Bedlam Romance,Pop,../data/raw/fma_small/148/148609.mp3
148610,Little Comfort,Pop,../data/raw/fma_small/148/148610.mp3
148611,Elektra (You Were Such Fun),Pop,../data/raw/fma_small/148/148611.mp3
148612,Superferries,Pop,../data/raw/fma_small/148/148612.mp3
148613,A Mess,Pop,../data/raw/fma_small/148/148613.mp3
148773,Nothing Else Matters,Electronic,../data/raw/fma_small/148/148773.mp3
149075,Stride On,Pop,../data/raw/fma_small/149/149075.mp3
149078,Tough Times In Plastic Land,Pop,../data/raw/fma_small/149/149078.mp3
149082,Ballad Of Donald Duck & Elmer Fudd,Pop,../data/raw/fma_small/149/149082.mp3
149083,Bugger Me,Pop,../data/raw/fma_small/149/149083.mp3
149099,Take Me To Detroit,Pop,../data/raw/fma_small/149/149099.mp3
149100,Ambulance,Pop,../data/raw/fma_small/149/149100.mp3
149101,Am I Normal,Pop,../data/raw/fma_small/149/149101.mp3
149102,Dreamer,Pop,../data/raw/fma_small/149/149102.mp3
149103,Explosions,Pop,../data/raw/fma_small/149/149103.mp3
149118,Blue Introduction,Hip-Hop,../data/raw/fma_small/149/149118.mp3
149124,Blue Piano,Hip-Hop,../data/raw/fma_small/149/149124.mp3
149138,Blue Jazz Cafe,Hip-Hop,../data/raw/fma_small/149/149138.mp3
149139,Shift of Currents,Instrumental,../data/raw/fma_small/149/149139.mp3
149140,Floating Whist,Instrumental,../data/raw/fma_small/149/149140.mp3
149141,Open Flames,Instrumental,../data/raw/fma_small/149/149141.mp3
149142,Cast in Wicker,Instrumental,../data/raw/fma_small/149/149142.mp3
149143,Celestial Navigation,Instrumental,../data/raw/fma_small/149/149143.mp3
149185,Touch You,Electronic,../data/raw/fma_small/149/149185.mp3
149369,Never Change,Hip-Hop,../data/raw/fma_small/149/149369.mp3
149370,Glorious,Hip-Hop,../data/raw/fma_small/149/149370.mp3
149416,Millitary Industrial Complex,Rock,../data/raw/fma_small/149/149416.mp3
149417,Nerve Damage,Rock,../data/raw/fma_small/149/149417.mp3
149422,Morning Movement,Experimental,../data/raw/fma_small/149/149422.mp3
149452,S3C,Rock,../data/raw/fma_small/149/149452.mp3
149488,Lost Paradise,Rock,../data/raw/fma_small/149/149488.mp3
149523,The Slowness of Sloths,Rock,../data/raw/fma_small/149/149523.mp3
149623,Boy Bye,Hip-Hop,../data/raw/fma_small/149/149623.mp3
149625,Keep Moving (Negro Kai),Hip-Hop,../data/raw/fma_small/149/149625.mp3
149626,"I, Exist",Hip-Hop,../data/raw/fma_small/149/149626.mp3
149687,God's Love,Hip-Hop,../data/raw/fma_small/149/149687.mp3
149689,Purpose,Hip-Hop,../data/raw/fma_small/149/149689.mp3
149690,Rock the Party,Hip-Hop,../data/raw/fma_small/149/149690.mp3
149700,Rising Heart,Electronic,../data/raw/fma_small/149/149700.mp3
149701,Answering M,Electronic,../data/raw/fma_small/149/149701.mp3
149712,Step One,Instrumental,../data/raw/fma_small/149/149712.mp3
149714,P.S.I. Part II (Final Step),Instrumental,../data/raw/fma_small/149/149714.mp3
149727,Dark November #12,Instrumental,../data/raw/fma_small/149/149727.mp3
149750,Dites 33,Pop,../data/raw/fma_small/149/149750.mp3
149775,Beyond the Looking Glass,Experimental,../data/raw/fma_small/149/149775.mp3
149776,Inner Mental Cage,Experimental,../data/raw/fma_small/149/149776.mp3
149777,Daqaah,Experimental,../data/raw/fma_small/149/149777.mp3
149778,Inner Mental Cage (Bitmap Remix),Experimental,../data/raw/fma_small/149/149778.mp3
149842,B4-C'est gratuit (et ça le restera toujours),Experimental,../data/raw/fma_small/149/149842.mp3
149951,Blue Ghetto Child,Hip-Hop,../data/raw/fma_small/149/149951.mp3
149953,Blue Real Talk,Hip-Hop,../data/raw/fma_small/149/149953.mp3
150015,Moutons,Pop,../data/raw/fma_small/150/150015.mp3
150017,E.N.A.,Pop,../data/raw/fma_small/150/150017.mp3
150018,Eldridge Cleaver,Pop,../data/raw/fma_small/150/150018.mp3
150062,When He's Away,Folk,../data/raw/fma_small/150/150062.mp3
150063,Night & Day,Folk,../data/raw/fma_small/150/150063.mp3
150064,Absinthe,Folk,../data/raw/fma_small/150/150064.mp3
150073,Welcome to Asia,International,../data/raw/fma_small/150/150073.mp3
150078,Mad Honey,International,../data/raw/fma_small/150/150078.mp3
150079,Chitwan,International,../data/raw/fma_small/150/150079.mp3
150080,Deep Karnataka,International,../data/raw/fma_small/150/150080.mp3
150265,All Will See,Instrumental,../data/raw/fma_small/150/150265.mp3
150266,Here,Instrumental,../data/raw/fma_small/150/150266.mp3
150267,Olivia,Instrumental,../data/raw/fma_small/150/150267.mp3
150268,All Who Are Weary,Instrumental,../data/raw/fma_small/150/150268.mp3
150287,Pope,Hip-Hop,../data/raw/fma_small/150/150287.mp3
150288,Thank U ('92),Hip-Hop,../data/raw/fma_small/150/150288.mp3
151404,The Northern Lights,Electronic,../data/raw/fma_small/151/151404.mp3
152103,Smile is the key,International,../data/raw/fma_small/152/152103.mp3
152253,Milky Way,International,../data/raw/fma_small/152/152253.mp3
152254,Mayd Hubb meets Joe Pilgrim - Tribute to Yabby You - Panda meets Jamma Dim REMIX,International,../data/raw/fma_small/152/152254.mp3
152258,Purple Trip,International,../data/raw/fma_small/152/152258.mp3
152261,Danse Macabre,International,../data/raw/fma_small/152/152261.mp3
152262,Die Brücke,International,../data/raw/fma_small/152/152262.mp3
152324,Greenhouse On Mars,Pop,../data/raw/fma_small/152/152324.mp3
152418,Snosti ti Dojdov,International,../data/raw/fma_small/152/152418.mp3
152425,Opa Tsupa,International,../data/raw/fma_small/152/152425.mp3
152480,A Perceptible Shift,Instrumental,../data/raw/fma_small/152/152480.mp3
152543,BITCHEZ,Hip-Hop,../data/raw/fma_small/152/152543.mp3
152545,Where the Sunshine Goes,Hip-Hop,../data/raw/fma_small/152/152545.mp3
152568,Everything Dances,Instrumental,../data/raw/fma_small/152/152568.mp3
152569,The Magic of Bamboo,Instrumental,../data/raw/fma_small/152/152569.mp3
152570,Collapse Into Innocence,Instrumental,../data/raw/fma_small/152/152570.mp3
153337,The Vent,Hip-Hop,../data/raw/fma_small/153/153337.mp3
153383,La Samba (en public),Pop,../data/raw/fma_small/153/153383.mp3
153452,Métal Province,Pop,../data/raw/fma_small/153/153452.mp3
153946,"Hey, that's not normal",Folk,../data/raw/fma_small/153/153946.mp3
153955,Not Coming Home,Pop,../data/raw/fma_small/153/153955.mp3
153956,Border Collie,Pop,../data/raw/fma_small/153/153956.mp3
154303,In It to Win It,Hip-Hop,../data/raw/fma_small/154/154303.mp3
154305,Calm Flight,Hip-Hop,../data/raw/fma_small/154/154305.mp3
154306,Yummy,Hip-Hop,../data/raw/fma_small/154/154306.mp3
154307,12:01 AM,Hip-Hop,../data/raw/fma_small/154/154307.mp3
154308,MIA,Hip-Hop,../data/raw/fma_small/154/154308.mp3
154309,A1 Symphony,Hip-Hop,../data/raw/fma_small/154/154309.mp3
154413,Do Easy,Pop,../data/raw/fma_small/154/154413.mp3
154414,Dead Can Dance (uncensored),Pop,../data/raw/fma_small/154/154414.mp3
155066,Roy,Hip-Hop,../data/raw/fma_small/155/155066.mp3
