track_id,title,genre_top,mp3_path,valence,energy,emotion_joy_excitement,emotion_peaceful_content,emotion_anger_tension,emotion_sadness,emotion_joy_excitement_softmax,emotion_peaceful_content_softmax,emotion_anger_tension_softmax,emotion_sadness_softmax
2,Food,Hip-Hop,../data/raw/fma_small/000/000002.mp3,0.576660988,0.6344762684,0.6062582082924424,0.48277608341959366,0.539340362963836,0.39548926498953485,0.275552639149332,0.2435437391184952,0.2577166776074098,0.2231869441247631
5,This World,Hip-Hop,../data/raw/fma_small/000/000005.mp3,0.6216612236,0.7014699916,0.6627679933593479,0.4876386176479224,0.5635602802021951,0.34077881069922267,0.2882169106167284,0.24191440924814517,0.2609961471557488,0.20887253297937763
10,Freeway,Pop,../data/raw/fma_small/000/000010.mp3,0.9635898919,0.9245251615,0.9442595654846326,0.6834478513458268,0.6542447822560202,0.059254313001058295,0.3411350373172379,0.2628192907557594,0.2552551465259654,0.1407905254010374
140,Queen Of The Wires,Folk,../data/raw/fma_small/000/000140.mp3,0.6099912728,0.2656847734,0.4704666575373717,0.6750215570293934,0.33368788269037686,0.5879309735456932,0.23675456120616672,0.2904928308386728,0.20648860369323319,0.2662640042619272
141,Ohio,Folk,../data/raw/fma_small/000/000141.mp3,0.1639499337,0.0756321472,0.12767106651531673,0.663828105781277,0.5935907407677098,0.8813159594181638,0.15557823502127308,0.2659493197759819,0.24791064986808484,0.3305617953346601
190,Castle Of Stars,Folk,../data/raw/fma_small/000/000190.mp3,0.2512323052,0.3712297429,0.31696150648754334,0.47878476760946875,0.5909587899294273,0.6913772837567437,0.20222425271867583,0.2377454360277081,0.2659676080298215,0.29406270322379463
193,Here With You,Folk,../data/raw/fma_small/000/000193.mp3,0.190789711,0.1640712523,0.17793269746557794,0.6062910130682929,0.5838410175958665,0.8226779938270969,0.16832459386744125,0.2583337974445154,0.25259882082912843,0.32074278785891497
194,All I want to Do,Folk,../data/raw/fma_small/000/000194.mp3,0.2532444151,0.2003375585,0.22832856930866322,0.5931242509479283,0.5467078931774636,0.7736614000727585,0.18049564463908532,0.2599533858364883,0.24816304556204957,0.31138792396237686
197,Piano 2,Folk,../data/raw/fma_small/000/000197.mp3,0.7700094571,0.0070436969,0.5445016885600337,0.8885034563493425,0.1627041233181504,0.7207141838792461,0.233322905271319,0.3291208871661758,0.1592739679710756,0.2782822395914294
200,Baby Come Home,Folk,../data/raw/fma_small/000/000200.mp3,0.3677399293,0.2951264558,0.3334158668349771,0.5621740695348009,0.4933824185733813,0.6695519062457511,0.20703766245719624,0.26025422028932016,0.24295282111282906,0.2897552961406545
203,Song For R,Folk,../data/raw/fma_small/000/000203.mp3,0.6310426834,0.1379182946,0.4567473723285362,0.7554467999330082,0.2785237489497484,0.6630665005329575,0.2265516216729051,0.3054152288547758,0.18956826665166923,0.2784648828206499
204,My Dream,Folk,../data/raw/fma_small/000/000204.mp3,0.2535385321,0.2261673577,0.24024306540296067,0.5758032413717478,0.5515235247695344,0.7602702418707517,0.18362204803068607,0.25683650991036,0.2506756864107998,0.30886575564815405
207,Piano 3,Folk,../data/raw/fma_small/000/000207.mp3,0.7088659407,0.0089874678,0.5012841990637406,0.8615673974977093,0.20596093690546266,0.7303645937002806,0.2254552778208583,0.32324321037843207,0.16780432234253412,0.28349718945817554
210,In the French Court,Folk,../data/raw/fma_small/000/000210.mp3,0.2727912235,0.2270358594,0.25095849564432315,0.579607028197607,0.5386918813533964,0.7504352627882446,0.1862075982102968,0.2586590288088933,0.24828953783179297,0.306843835149017
211,In America,Folk,../data/raw/fma_small/000/000211.mp3,0.1546003066,0.1730043357,0.1640605908983207,0.5949046493228188,0.610176671863081,0.8362483095264863,0.1650354090978908,0.25391615393255706,0.25782372950162225,0.3232247074679298
212,When I Arive,Folk,../data/raw/fma_small/000/000212.mp3,0.3488174034,0.3569577601,0.3529110535321382,0.5172895239661863,0.5250988557454337,0.6471252183350327,0.21237588535763427,0.2503190287347403,0.2522815059249618,0.2850235799826636
213,Boute,Pop,../data/raw/fma_small/000/000213.mp3,0.0430538151,0.3409990466,0.24303701444098383,0.4669774553320395,0.7183405705432395,0.8215924346586858,0.17721198726980256,0.2216915774225364,0.28504590578700184,0.31605052952065926
255,We Want to be Old,Rock,../data/raw/fma_small/000/000255.mp3,0.9108207732,0.4357120518,0.7139465921819403,0.7576329485233636,0.31448205559014947,0.4039639977624316,0.289956477336908,0.30290438356335503,0.19446774172255418,0.2126713973771828
256,Toggle,Rock,../data/raw/fma_small/000/000256.mp3,0.0617962599,0.9720856699,0.6887558810502311,0.04794782353016721,0.9552949302604301,0.6637037998092823,0.26263509909876126,0.13837363899481797,0.34285398680338264,0.25613727510303813
368,Vampires,Rock,../data/raw/fma_small/000/000368.mp3,0.0761348547,0.1164692389,0.09839105576762398,0.6270658346258929,0.6584420590720702,0.9039229537162267,0.14958123295617062,0.25379183617085005,0.26188110755799554,0.33474582331498376
534,I Can See You,Folk,../data/raw/fma_small/000/000534.mp3,0.4733627871,0.1438200274,0.3498260485530035,0.6917790375880208,0.386025228639539,0.7107710248358526,0.2049499098816033,0.288506782809341,0.21250484483489407,0.29403846247416165
540,The Black Pirate,Folk,../data/raw/fma_small/000/000540.mp3,0.3559093211,0.148548727,0.2727069573179087,0.6525491227253253,0.4673967944579762,0.7549245236906745,0.18879857880351364,0.27603368118942806,0.2293778315349942,0.30578990847206416
546,If You Have No One,Folk,../data/raw/fma_small/000/000546.mp3,0.4441029627,0.2128768901,0.348241304139504,0.6390579909591793,0.4209145319524886,0.6813898686572779,0.20797574350901044,0.2781715867946933,0.22365276278562624,0.29019990691067005
574,Caliente Queen,Rock,../data/raw/fma_small/000/000574.mp3,0.2626510913,0.985285921,0.7210318792820117,0.18601357461472962,0.8701930128660822,0.5214882152464708,0.28045589379425767,0.16425139764070487,0.325570036632027,0.22972267193301052
602,Disappearing,Folk,../data/raw/fma_small/000/000602.mp3,0.0600717329,0.0574058783,0.05875392734534157,0.6678668622401486,0.66586807332872,0.9412621381838863,0.1410261853840497,0.2593188848401653,0.258801078793508,0.340853850982277
620,Arabesque,Folk,../data/raw/fma_small/000/000620.mp3,0.4772115046,0.2364810285,0.37659932087233877,0.6366679039982358,0.40572841147928845,0.6543198876555004,0.21520677821916634,0.27912728829235633,0.2215677508659388,0.2840981826225386
621,Blue Eyed Baby,Folk,../data/raw/fma_small/000/000621.mp3,0.1846307315,0.3387460962,0.27279793318953566,0.4854612406284176,0.6243300255894172,0.7423219548501057,0.19020648591920797,0.23527935609707548,0.27032970467445044,0.30418445330926597
625,Climbing To The Top,Folk,../data/raw/fma_small/000/000625.mp3,0.0974817452,0.2938124533,0.2188931798405359,0.504085082977766,0.671142666637058,0.8103209399248554,0.17517960083494744,0.23299188887631442,0.27535501395463124,0.31647349633410693
690,Cataclysm,Rock,../data/raw/fma_small/000/000690.mp3,0.3121138885,0.9564261719,0.7113951439565351,0.22283823492600946,0.833048115264022,0.4873838225104926,0.2823120778725496,0.17320159569998303,0.3188325647100251,0.2256537617174424
694,Planet Say (featuring Faust),Hip-Hop,../data/raw/fma_small/000/000694.mp3,0.3443116064,0.842615945,0.6436428019755955,0.26769406331668205,0.7549598996867288,0.4768107644915283,0.27391792650053803,0.18808232850266257,0.30617156687961133,0.23182817811718803
695,Elephants,Hip-Hop,../data/raw/fma_small/000/000695.mp3,0.5480567941,0.8108574058,0.6920462347632113,0.4099641267842075,0.656407797752234,0.3464300667522059,0.291801686154278,0.22008026188115354,0.2815854566467985,0.20653259531777005
714,Circle Moon,Folk,../data/raw/fma_small/000/000714.mp3,0.0342540436,0.0723938509,0.05663130384814626,0.6563636596244045,0.6848014755938695,0.9468681059553865,0.14022264844571394,0.2554339494027579,0.2628022050390347,0.34154119711249353
715,Kokopelli,Folk,../data/raw/fma_small/000/000715.mp3,0.0545813398,0.2123027599,0.15500255564912488,0.5583216208940507,0.685160165550917,0.8701388926819442,0.16024485708395916,0.23985200023809197,0.27228807690520046,0.3276150657727484
716,Saxalainen,Folk,../data/raw/fma_small/000/000716.mp3,0.0337189309,0.0263421742,0.030256209632256652,0.6888927812231095,0.683517744701124,0.969976460086177,0.13489414532248867,0.26063655667622126,0.25923938395613116,0.3452299140451589
718,Song Of The Spindle Berry,Folk,../data/raw/fma_small/000/000718.mp3,0.0393351264,0.1038395016,0.07851717729720158,0.6342912939105503,0.6832494571755766,0.928972722490128,0.1446180767422026,0.2521112429978958,0.2647612810674966,0.33850939919240497
777,Relaxing,Rock,../data/raw/fma_small/000/000777.mp3,0.2329889961,0.4460819136,0.35586018739437797,0.4249171205921947,0.6274133221986617,0.669003410508767,0.21047247029305186,0.22552066494801148,0.27614000370859665,0.28786686105034004
814,Motion Passings,Folk,../data/raw/fma_small/000/000814.mp3,0.2022765231,0.1011084324,0.15990420085133816,0.651506654647445,0.5685884542882532,0.8498143314571162,0.16304418110599234,0.2665664797863872,0.24535483459833793,0.3250345045092825
821,Sir,Pop,../data/raw/fma_small/000/000821.mp3,0.0393987667,0.2514695821,0.179985018180722,0.5300236076530127,0.7021366249310135,0.8611191891773837,0.16444959462278363,0.23337408871767645,0.27720455915091735,0.32497175750862256
822,Tom & Jerry,Pop,../data/raw/fma_small/000/000822.mp3,0.3283175456,0.2751175212,0.30288781852365776,0.5626930863357219,0.5132479761382602,0.6987889265078692,0.19934128072658905,0.2584813649458589,0.2460115514560127,0.2961658028715394
825,Death March,Rock,../data/raw/fma_small/000/000825.mp3,0.0379481555,0.9326844569,0.6600531640135892,0.05464176446958926,0.9474819385214421,0.681936629698354,0.25634648998965665,0.13992668492494156,0.3417087548982544,0.2620180701871473
853,Welsinsni Melodyi,International,../data/raw/fma_small/000/000853.mp3,0.3273490715,0.3495002665,0.3386058556016738,0.5149307321841856,0.5360082592159765,0.6616680341740422,0.20866324211782386,0.24889883961357123,0.2542006903014603,0.28823722796714457
993,Or So I've Been Told,Rock,../data/raw/fma_small/000/000993.mp3,0.1346264165,0.6890474099,0.4964426478000908,0.2395994421002792,0.7821949156410856,0.6502164840687792,0.23416575149511662,0.1811247460603177,0.3116190574687279,0.27309044497583773
1082,Nam Nhi-tu,International,../data/raw/fma_small/001/001082.mp3,0.341419311,0.0081617746,0.24148888223719112,0.7417244135419623,0.46572263123469526,0.8418644752239922,0.17472509167911945,0.2881408333711577,0.21864460055014695,0.31848947439957587
1087,Tell The Police The Truth,Rock,../data/raw/fma_small/001/001087.mp3,0.9696536182,0.814832734,0.8955949206215569,0.698038342674049,0.5765731901876231,0.13267972581797516,0.3317961734678697,0.2723163023853779,0.24116928507704077,0.1547182390697116
1102,Rare Vodka from the Fourteenth Century,Rock,../data/raw/fma_small/001/001102.mp3,0.3579773542,0.7028404521,0.5577331293854456,0.3289768859875756,0.6731187780875544,0.5002483756236319,0.2589355500229782,0.20598903634052748,0.2906049654342826,0.24447044820221178
1193,Wooly Mammoth's Absence,Folk,../data/raw/fma_small/001/001193.mp3,0.3061725314,0.2724071525,0.2897820523402392,0.5581814090047438,0.5270684077598666,0.7109106511781358,0.19610328420442377,0.2564774732909154,0.2486205493808066,0.2987986931238542
1195,With My Hands Out,Folk,../data/raw/fma_small/001/001195.mp3,0.0640606771,0.0480081846,0.0566063430151522,0.6746822166542921,0.6626791085959698,0.9439996908736512,0.14050147867250531,0.2606800743597232,0.2575698070383607,0.3412486399294109
1196,2 Blonde Braids,Folk,../data/raw/fma_small/001/001196.mp3,0.1338751463,0.4376794142,0.32364009672111205,0.4087340186547368,0.6861980515169441,0.730197474458554,0.19890763407788326,0.2165744760555489,0.28583036955281865,0.29868752031374923
1197,My Burning,Folk,../data/raw/fma_small/001/001197.mp3,0.2572970663,0.0548609959,0.1860262201918407,0.6926360939908223,0.5266010713043253,0.8499692302659333,0.16644898011041862,0.2762479164381725,0.23398656234010035,0.32331654111130864
1270,Cocksuckerbastardmotherfucker,Rock,../data/raw/fma_small/001/001270.mp3,0.2622438515,0.8697368802,0.6423449534438576,0.20705110242351188,0.8064509828345374,0.5297417366177518,0.268895353076662,0.17399532497137124,0.31684994788275866,0.24025937406920797
1417,Guns of Thunder,Rock,../data/raw/fma_small/001/001417.mp3,0.3082392274,0.6587899561,0.5143032313559719,0.32514282659039917,0.6754765624232971,0.5454160157927106,0.2478840506961851,0.20516216076331326,0.29123614425858546,0.2557176442819162
1482,Reindeer Dance,Electronic,../data/raw/fma_small/001/001482.mp3,0.5135679149,0.1767993915,0.3840638150421775,0.6860798951468785,0.36597417822129474,0.6761195956520946,0.21395712090656874,0.28939475937723413,0.2101215112815718,0.28652660843462524
1544,Song of The Stations,Folk,../data/raw/fma_small/001/001544.mp3,0.0288540313,0.0013082887,0.020423843193482553,0.7064763581824886,0.6867045231180525,0.985015133574501,0.13233537689409222,0.26279964858486937,0.2576546479383729,0.3472103265826655
1642,Hrz,Pop,../data/raw/fma_small/001/001642.mp3,0.899084661,0.8318449674,0.8661175663367506,0.6467725035258501,0.5925158037699045,0.13867231272714822,0.32821092172581356,0.26356799835008443,0.24964869089928227,0.1585723890248197
1644,Outskirts,Pop,../data/raw/fma_small/001/001644.mp3,0.6742661964,0.8541683591,0.76949284899059,0.48780209670280716,0.6464155383711432,0.2523582555567679,0.3091258130869281,0.23323758305873907,0.27332759173005894,0.1843090121242739
1649,Inis Meain,Pop,../data/raw/fma_small/001/001649.mp3,0.5703118207,0.9593131578,0.78915692595274,0.4042962972612763,0.7432743995854952,0.3051944876290827,0.30749967180340587,0.20926751116584524,0.293709591038235,0.18952322599251387
1661,Only Fools and Horses Theme,Pop,../data/raw/fma_small/001/001661.mp3,0.0737012357,0.9887654359,0.7011023318226177,0.052716636720412866,0.9580413581819481,0.6550403102764837,0.2651930267279816,0.1386665691675934,0.34288564323777765,0.2532547608666474
1663,So High,Pop,../data/raw/fma_small/001/001663.mp3,0.2325704179,0.698041335,0.5202646944828963,0.26950698938131723,0.7335563607694922,0.5831497229917728,0.2450463325738667,0.1906977283004761,0.30330502172012136,0.2609509174055358
1666,She Fell Through the Trees,Pop,../data/raw/fma_small/001/001666.mp3,0.4479410207,0.5476449497,0.5002829943930102,0.45015344581468736,0.5498563937782633,0.5046752461522525,0.24960494818777954,0.23740081428699322,0.2622905503619493,0.25070368716327784
1680,Bashraf Salama,International,../data/raw/fma_small/001/001680.mp3,0.6716768821,0.2507261544,0.5069583012673675,0.7115339519825423,0.2921127130473697,0.578449377840356,0.2434405651001755,0.29870261435065026,0.19637522428044077,0.2614815962687336
1681,Daka Kozi Manowe,International,../data/raw/fma_small/001/001681.mp3,0.6453411754,0.2928064883,0.5010992278268006,0.676974111638411,0.32520648937039337,0.5594218197644919,0.2444358026753906,0.29143808810303606,0.2050102484314309,0.2591158607901424
1682,Nie Zama Nie Sema,International,../data/raw/fma_small/001/001682.mp3,0.7451484158,0.333366605,0.577225889448176,0.706981698807853,0.29671756208427874,0.5046530557216887,0.2615098330300862,0.2977421056599478,0.19754443726515167,0.24320362404481438
1683,Mapenzi Matamu,International,../data/raw/fma_small/001/001683.mp3,0.6568497756,0.1882254583,0.4831565227015027,0.7383865973384184,0.2767497964389634,0.6231893705199149,0.2350412532274927,0.3033815089734356,0.19120656161990582,0.27037067617916605
1684,Mahaba Wa Taka Nini,International,../data/raw/fma_small/001/001684.mp3,0.8147369872,0.3337445203,0.6225679734543088,0.7442085468946221,0.2699146057015164,0.488988112402546,0.26975071044240156,0.30464245531046236,0.18958640242639418,0.23602043182074178
1685,Eni Wana Damu,International,../data/raw/fma_small/001/001685.mp3,0.3308652347,0.1571080794,0.25899300390728974,0.6402884480239522,0.4860166060670369,0.7609888711229104,0.18618316850275127,0.2726056949159039,0.23363371494019877,0.30757742164114604
1686,Rufiji,International,../data/raw/fma_small/001/001686.mp3,0.27878494,0.3127069214,0.2962318867561942,0.5244486717793597,0.5558492518040612,0.7044582807598578,0.19774807502344272,0.24844230790347077,0.25636731421344067,0.2974423028596459
1687,"Lala, Mpenzi Lala",International,../data/raw/fma_small/001/001687.mp3,0.543866509,0.1527934713,0.3994600258372238,0.7118811986152432,0.3401496777036185,0.6803736708176438,0.2158203347920546,0.294968169632776,0.20339215835751592,0.28581933721765357
1688,Sishituki,International,../data/raw/fma_small/001/001688.mp3,0.9442233208,0.3509597251,0.7122957279756938,0.8101885453352347,0.2512804872894504,0.46063234601189657,0.2848196220700272,0.31411177447818084,0.17961951968836082,0.2214490837634312
1689,Unalo,International,../data/raw/fma_small/001/001689.mp3,0.6522979625,0.3241311822,0.5150503155789835,0.664187959374461,0.33612328850886014,0.5374455161949074,0.2487780315377989,0.28878968888785006,0.20801995908117768,0.25441232049317336
1701,Clouds,Folk,../data/raw/fma_small/001/001701.mp3,0.0365086844,0.2561925707,0.18298567883647793,0.5265844547261593,0.7049645907839958,0.8606872274869928,0.1648881174484826,0.23249435466524068,0.2778957601210155,0.3247217677652612
1702,Java Pop,Folk,../data/raw/fma_small/001/001702.mp3,0.2351038656,0.5736909858,0.4384034527739481,0.3442478781403297,0.6760870667333603,0.6191952325431126,0.22848710080981052,0.20795551414186467,0.2897919845950817,0.273765400453243
1703,Equus Haar,Folk,../data/raw/fma_small/001/001703.mp3,0.0388242673,0.2203914086,0.15823984440726996,0.551949671399519,0.6972916040352393,0.8751138054322061,0.16013139075734406,0.23739003303908815,0.2745261251752904,0.3279524510282774
1704,Morning Song,Folk,../data/raw/fma_small/001/001704.mp3,0.1998721472,0.2692308585,0.23710138168617392,0.5357109357643287,0.596946327568478,0.7662336846533782,0.18253007620287348,0.24604747734154409,0.26158516426202305,0.3098372821935593
1706,In the Pineys,Rock,../data/raw/fma_small/001/001706.mp3,0.487058741,0.9771725654,0.7720402967963921,0.3447805888930831,0.7803764981580757,0.3630632361964801,0.3007523645215018,0.19617900024328053,0.30326997587020865,0.19979865936500898
1720,Harken Sunshine,Rock,../data/raw/fma_small/001/001720.mp3,0.0979531726,0.4246546932,0.3081610232323285,0.4126845321060577,0.7049893925723958,0.7565417043624202,0.19368371033790605,0.21502407064995607,0.2880271765885647,0.3032650424235732
1883,I Do What I Do,Rock,../data/raw/fma_small/001/001883.mp3,0.9225453606,0.9419612564,0.9323038536129866,0.6536277373716827,0.6683151314025632,0.06843872048500971,0.33940911444924954,0.2568597178156776,0.2606601586691823,0.14307100906589065
1891,Kids In Cars,Rock,../data/raw/fma_small/001/001891.mp3,0.2122493335,0.5543436632,0.419730077848365,0.3490410793167398,0.6811196699190198,0.6399846416521217,0.22336988959855542,0.20812525720630562,0.29009796815685723,0.2784068850382818
1893,Memories,Folk,../data/raw/fma_small/001/001893.mp3,0.7827644713,0.2207963618,0.575096188004096,0.7809860841633752,0.2190231817795607,0.5719919513042492,0.25471606925133794,0.3129487274478468,0.17840860703022243,0.25392659627059283
1924,Calling For You,Folk,../data/raw/fma_small/001/001924.mp3,0.287230849,0.8573469486,0.6393533259829778,0.22677241200264178,0.7883792402425979,0.5139989084088563,0.26991814472275527,0.17866951802311104,0.3132948185752016,0.23811751867893202
1925,Happy At The Wheel,Folk,../data/raw/fma_small/001/001925.mp3,0.4537371328,0.4099578877,0.4324019284005395,0.526320757698673,0.48294336612537225,0.5685740120551636,0.2327643746882662,0.25568481735769416,0.2448309842266671,0.26671982372737263
2097,My Sweet Miasma,Folk,../data/raw/fma_small/002/002097.mp3,0.1330865227,0.356326909,0.2689617896671123,0.4647725629820847,0.6627623417190629,0.7634965701304334,0.18731373630306888,0.2278290845297966,0.27771224767619945,0.3071449314909351
3263,A Date,Folk,../data/raw/fma_small/003/003263.mp3,0.073833897,0.0032382405,0.05225863827034938,0.7067479924088014,0.6549023349125206,0.9621116503680178,0.13821586592620444,0.2659493994300483,0.2525124123889519,0.34332232225479536
3264,Tee Te Te,Folk,../data/raw/fma_small/003/003264.mp3,0.0358285913,0.010606141,0.02642137564032498,0.7000656741268829,0.6818133892721139,0.9768640421218948,0.13379494364493733,0.2624216746103524,0.25767532706512764,0.3461080546795828
3265,Lavender,Folk,../data/raw/fma_small/003/003265.mp3,0.0348958724,0.0056461135,0.024996004762881247,0.7035472171461599,0.6824433513883081,0.9798381572250112,0.13334861911797755,0.26283280501309314,0.25734413654786187,0.3464744393210674
3266,Land,Folk,../data/raw/fma_small/003/003266.mp3,0.0380533888,0.0076837273,0.027450865782200115,0.7021893069053333,0.6802206709827278,0.9772494225796157,0.13387665783268804,0.26286940587683505,0.25715749477381344,0.3460964415166634
3270,Song for Obol,Folk,../data/raw/fma_small/003/003270.mp3,0.2515269246,0.1421763642,0.20430358824047254,0.6321104270362359,0.5387142392474256,0.8050072467797619,0.1737798248137036,0.2665590945333214,0.24279070461387278,0.31687037603910223
3271,Beirut,Folk,../data/raw/fma_small/003/003271.mp3,0.3514078363,0.0369685228,0.24985409651540808,0.7248851955623944,0.4593682980414853,0.8210059137701328,0.17820712109316875,0.28656849267932605,0.21974343845969616,0.3154809477678091
3272,Seadrift,Folk,../data/raw/fma_small/003/003272.mp3,0.2821912323,0.0642428245,0.2046448534494947,0.6911126475064432,0.509596196751276,0.8339337259299237,0.1706660683170548,0.2775987218866812,0.23151859023944601,0.3202166195568179
3273,Redbird,Folk,../data/raw/fma_small/003/003273.mp3,0.0974075105,0.0594251351,0.080683237984915,0.6686438886221352,0.639611033669472,0.9217793332960608,0.1456024360844049,0.2621299878633162,0.25462902007902444,0.33763855597325443
3274,Forewarned,Folk,../data/raw/fma_small/003/003274.mp3,0.036380341,0.0395331197,0.037989450933718485,0.6796396682671233,0.6819551725606643,0.9620445611728415,0.13655388769466537,0.2593995496343145,0.2600008863354168,0.34404567633560323
3492,On The Wings,Rock,../data/raw/fma_small/003/003492.mp3,0.1704210227,0.1350242343,0.15374470531763884,0.6233884824996428,0.5943201256168325,0.8474621982207864,0.16249154855657366,0.25989293785124007,0.2524470217459959,0.32516849184619023
3573,Piggled,Electronic,../data/raw/fma_small/003/003573.mp3,0.2966375067,0.8627467642,0.6451068863059682,0.23111929940916115,0.7870993508188031,0.5067332867094695,0.27141826461955276,0.1794099581249694,0.31282799646670006,0.23634378078877782
3598,Little Eyes,Folk,../data/raw/fma_small/003/003598.mp3,0.2515506307,0.1153566662,0.1956845423664654,0.6503351243175883,0.535482781629039,0.8193809512193782,0.17105423613401144,0.26951694351012045,0.24027375421155323,0.3191550661443149
3624,Days of Summer,Rock,../data/raw/fma_small/003/003624.mp3,0.5425196594,0.5858994522,0.5646263140005751,0.48260068613904405,0.5256264976786045,0.4363298784885996,0.26577424405729677,0.2448440834830331,0.2556086146446271,0.23377305781504307
3707,Stable the Spuds,Folk,../data/raw/fma_small/003/003707.mp3,0.3192930524,0.1866964712,0.26153740236287576,0.6178230666094628,0.4991079647077582,0.7499415238768425,0.1877619318717697,0.2681269345564082,0.23811301237544014,0.30599812119638203
3708,Thicker Than A Smokey,Folk,../data/raw/fma_small/003/003708.mp3,0.1608539071,0.1946418456,0.17854891134911693,0.5807218509268915,0.609118877267775,0.8224256568492708,0.16843378558838354,0.25182027742998064,0.2590737252357648,0.32067221174587096
3761,Improv,Rock,../data/raw/fma_small/003/003761.mp3,0.0357635045,0.3467914204,0.24651908396427552,0.46257998049914084,0.7245744642606344,0.8235391513817576,0.17746742764224716,0.22026865983163316,0.2862433909253856,0.316020521600734
3762,Snowy Parts of Scandinavia,Rock,../data/raw/fma_small/003/003762.mp3,0.0626233833,0.4739023944,0.33801269765645775,0.37463340664841394,0.742717443229251,0.760083420472382,0.1975786429505066,0.20494822909204458,0.29614270297996126,0.3013304249774876
3763,Shelley Winters Overdrive,Rock,../data/raw/fma_small/003/003763.mp3,0.2575120183,0.8078862783,0.5995801356926214,0.22717847789168383,0.775876485542114,0.542308069751117,0.26135550355613535,0.18009417442426476,0.31174262046903234,0.24680770155056764
3765,Waves of Second Guessing,Rock,../data/raw/fma_small/003/003765.mp3,0.0391091875,0.3310534519,0.23571796342431747,0.47382434127101136,0.7186471810150707,0.8278890740195257,0.1755134617000459,0.22269923132804523,0.2844748822716107,0.31731242470029813
3766,Rhode Island Freakout,Rock,../data/raw/fma_small/003/003766.mp3,0.1774231767,0.5930512105,0.43771493115144855,0.31391583338996676,0.7170573089041888,0.6489375730784259,0.22517427501083276,0.19895438159578321,0.2977389320974294,0.2781324112959547
3840,Track 08,Rock,../data/raw/fma_small/003/003840.mp3,0.4412457624,0.9038442068,0.7112074848459761,0.31933036138290893,0.7513789484014967,0.400906619178256,0.28985484408662576,0.19588017819999795,0.3017357769311305,0.2125292007822459
3880,Crawling,Folk,../data/raw/fma_small/003/003880.mp3,0.1462226274,0.1661714125,0.15651516715003116,0.5986030279308668,0.6150401370219688,0.8438619304412317,0.16323534177666077,0.2539864285969107,0.25819573083999453,0.3245824987864341
3904,Sometimes,Folk,../data/raw/fma_small/003/003904.mp3,0.8590353099,0.2853514213,0.6400652690518831,0.7901469023836386,0.22505163573380124,0.5150697209567453,0.26992293048710486,0.31363130526088456,0.17823855368710512,0.23820721056490549
3905,Twisted Road,Folk,../data/raw/fma_small/003/003905.mp3,0.1955853171,0.2117355174,0.20382044253920317,0.5742884775066244,0.5881814819397807,0.7963805235544604,0.1746511145921796,0.2529668337056797,0.2565058297685265,0.31587622193361425
3906,Sometimes,Folk,../data/raw/fma_small/003/003906.mp3,0.9239147787,0.2386904982,0.6747561308470024,0.8465254502468412,0.1771469938091445,0.5410088346927591,0.2724648998011863,0.32352588206943295,0.1656538981140489,0.23835532001533194
3908,Caddo Lake,Folk,../data/raw/fma_small/003/003908.mp3,0.1927716958,0.243620029,0.21967207973655706,0.551938215397144,0.5962248961723959,0.7822174236206862,0.17836406221823076,0.2486615886997501,0.25992147634019297,0.31305287274182614
3909,Dewbury Road / That Time of Night,Folk,../data/raw/fma_small/003/003909.mp3,0.3855159276,0.2879941611,0.3402669299689445,0.5725272242701569,0.4798600379594977,0.6650349576755274,0.20855216028794768,0.2630777125468557,0.2397944953572151,0.2885756318079817
3910,Kodak Ghosts,Folk,../data/raw/fma_small/003/003910.mp3,0.2883329658,0.2613791619,0.27518626913653443,0.560667745479696,0.5360918922361028,0.7252691603958389,0.1924205628795415,0.2559967846749634,0.2497821233535188,0.3018005290919762
3911,Dust Devils,Folk,../data/raw/fma_small/003/003911.mp3,0.7781636544,0.2991328609,0.5894994238756224,0.7405246179903073,0.26333612807529977,0.5198202145450778,0.2619579714628707,0.30466392101028683,0.18905174881364586,0.24432635871319672
3912,Fahey's Flag,Folk,../data/raw/fma_small/003/003912.mp3,0.3688166261,0.3413498769,0.3553487316337518,0.5337816446579219,0.5074013155025479,0.6450629566745529,0.21296488623295048,0.2545660196993207,0.24793828952039865,0.2845308045473301
3913,Memhpis in Winter,Folk,../data/raw/fma_small/003/003913.mp3,0.3404467051,0.2618200766,0.30368874816518654,0.5748102114282053,0.5017769929581648,0.6999714808919989,0.1993304967689251,0.26140886082543824,0.2429978218494878,0.29626282055614883
3920,Fragrant Rota,Folk,../data/raw/fma_small/003/003920.mp3,0.203433506,0.2003210419,0.2018832722037088,0.5834687769672656,0.5807954455707075,0.7981242432702297,0.17419836858213159,0.2551317820290163,0.25445064108924736,0.31621920829960476
3921,Hiawatha's Lullaby,Folk,../data/raw/fma_small/003/003921.mp3,0.7009950225,0.0896189627,0.4997127074856109,0.8124615851365526,0.22072101740115221,0.6775683026991447,0.23156847274349202,0.3165953582303721,0.17519224578373482,0.276643923242401
4013,Ravens,Folk,../data/raw/fma_small/004/004013.mp3,0.0363482543,0.0061646477,0.02606912418861232,0.7032175705540649,0.6814186267897006,0.9788598966327925,0.13356469455908007,0.26288966258783253,0.2572209560010434,0.346324686852044
4017,New Roots,Folk,../data/raw/fma_small/004/004017.mp3,0.1364671005,0.0081024377,0.09666674458043852,0.7079844785076717,0.6106368470767054,0.9299327509598635,0.14672233553835912,0.2703884586215805,0.24530737823208873,0.33758182760797156
4066,Soleade,Folk,../data/raw/fma_small/004/004066.mp3,0.4900084429,0.1052312465,0.3543881271665476,0.7213596177889451,0.3682152926979176,0.7282521920850037,0.20364029221422317,0.293925594274812,0.20647561732455055,0.29595849618641423
4067,Por Rosa,Folk,../data/raw/fma_small/004/004067.mp3,0.6983707776,0.0660307321,0.4960251004673506,0.8246272904734874,0.21833488657025316,0.6940024427865116,0.2290692858867111,0.3181830055039612,0.17352719009491263,0.27922051851441504
4068,Alegrias Variation,Folk,../data/raw/fma_small/004/004068.mp3,0.701227868,0.070884638,0.49836992022202564,0.8230965553214934,0.21712832468866933,0.6901159840071147,0.2298923946148004,0.31809115258219867,0.17353334210039226,0.2784831107026087
4069,Tune on Karen Dalton's Guitar,Folk,../data/raw/fma_small/004/004069.mp3,0.1671569638,0.1402694767,0.15429999455691232,0.6193052652935086,0.5972030848214559,0.8463935537445114,0.16267733408764426,0.2589859891211903,0.25332462872023104,0.3250120480709344
4108,New Wave Hippies,Rock,../data/raw/fma_small/004/004108.mp3,0.2299973439,0.4574520564,0.36205052279042743,0.4166875623927619,0.6333113271944705,0.6660564396151588,0.21172752950011853,0.22361755511355147,0.2777054485078267,0.2869494668785032
4450,Adventures of Castle One,Folk,../data/raw/fma_small/004/004450.mp3,0.1679162578,0.1469079863,0.1577622040798699,0.614801534428907,0.5974718865655007,0.8426533503975038,0.16352685796636693,0.25827284789833826,0.2538356291577312,0.3243646649775636
4519,Golden,Electronic,../data/raw/fma_small/004/004519.mp3,0.3202630075,0.509240895,0.42537905632115114,0.4143747658300068,0.6005700076233187,0.5928266517766159,0.2292099117660478,0.22670144656676938,0.27309758356197705,0.2709910581052057
4520,From Stardust to Sentience,Electronic,../data/raw/fma_small/004/004520.mp3,0.4234975392,0.4413672903,0.43252471065548376,0.49569177421822325,0.5134005123951572,0.5676379090825506,0.2328772701769401,0.24806198164225343,0.252493972992133,0.2665667751886735
4521,Namer,Electronic,../data/raw/fma_small/004/004521.mp3,0.7400531066,0.4731691957,0.6211150007638263,0.6423508764482602,0.3817469548979375,0.41540527424895307,0.2760404529967237,0.2819650986116113,0.21727837770003247,0.22471607069163266
4522,Oceanus,Electronic,../data/raw/fma_small/004/004522.mp3,0.3897552609,0.6043295499,0.5084896106517632,0.3927239924435249,0.6072943464587677,0.5142731505151535,0.24997906476911905,0.22265234305987502,0.27593957462760715,0.25142901754339875
4682,Asylum (Permanent Underclass),Hip-Hop,../data/raw/fma_small/004/004682.mp3,0.2134203447,0.7701436785,0.5650971284059838,0.22179063558385212,0.7784050486942444,0.5794572817151312,0.25242006301348224,0.17907202937547448,0.31243690248958605,0.2560710051214572
4684,Eyes to Form Shadows,Hip-Hop,../data/raw/fma_small/004/004684.mp3,0.0631874473,0.9195109633,0.6517258108764697,0.07235723365768006,0.9282020713522418,0.6648669956935688,0.25694024027068824,0.14395128626374112,0.33876945090882626,0.26033902255674446
4685,Ever Somber,Hip-Hop,../data/raw/fma_small/004/004685.mp3,0.0502576825,0.6052403353,0.42944248632635734,0.2813903227940926,0.7963436234202943,0.7272708101265744,0.21493488418444115,0.1853568626862542,0.3102058952047996,0.2895023579245052
4688,Culture for Dollars,Hip-Hop,../data/raw/fma_small/004/004688.mp3,0.5197823269,0.595018309,0.5586682626580813,0.46593123816867976,0.5406735621439233,0.44419544324700017,0.26417039245820667,0.24077365382839672,0.25945924037217727,0.23559671334121934
4777,Firecracker,Rock,../data/raw/fma_small/004/004777.mp3,0.4739525126,0.3876330759,0.4329494114394592,0.5475510176830778,0.4620526812667298,0.5708411375906384,0.232622584162024,0.2608691488055906,0.23949214040171368,0.26701612663067165
4778,Too Much Fun,Rock,../data/raw/fma_small/004/004778.mp3,0.5452714978,0.3900280128,0.4740479179796976,0.5785269360547407,0.4236153098518587,0.5379794772487945,0.24230854864224238,0.2689944981734938,0.23039133055242889,0.25830562263183493
4779,Secret Admirer,Rock,../data/raw/fma_small/004/004779.mp3,0.6181105405,0.5037427343,0.5638339217523377,0.5605050909836781,0.4469878642856216,0.4427814545784649,0.2650841970373183,0.2642032436917316,0.23585128137524955,0.2348612778957006
4780,Too Much Adrenaline,Rock,../data/raw/fma_small/004/004780.mp3,0.6302882931,0.6640574323,0.6473930822196745,0.5050350191876701,0.5374286090318325,0.3532309124438152,0.2850357173951892,0.24721451304221148,0.2553537971665846,0.2123959723960148
4781,No Big Deal,Rock,../data/raw/fma_small/004/004781.mp3,0.7276481606,0.5721138024,0.6545173979815776,0.5968912981947172,0.44804560444286784,0.3586517269728041,0.285604989015895,0.26961192198392214,0.2323251514466283,0.21245793755355458
4782,Thing With a Hook,Rock,../data/raw/fma_small/004/004782.mp3,0.8524570414,0.6210083673,0.7457661830926141,0.6596656975654611,0.4513426175806208,0.28757919108399776,0.30350007316071514,0.2784619335070758,0.22609568305972255,0.1919423102724865
4784,Rosemary's Baby,Rock,../data/raw/fma_small/004/004784.mp3,0.7812473837,0.7902584279,0.7857658230685126,0.5719873257359268,0.5798107837929002,0.2142944635368288,0.3138642441294088,0.25345392511752235,0.2554445880505875,0.17723724270248126
4785,I Know How It Feels...Bad,Rock,../data/raw/fma_small/004/004785.mp3,0.6754777285,0.582579511,0.6307412497754205,0.5614757458414917,0.4715472358823232,0.3738680043387764,0.28094811801756897,0.2621467640259539,0.23960123125079688,0.2173038867056803
4786,"1,000,000 Kisses",Rock,../data/raw/fma_small/004/004786.mp3,0.822126578,0.6893586262,0.7586525640141016,0.6214459644129734,0.5034154694535823,0.2531175787754985,0.3077201745951428,0.26826740056351067,0.23840090978906278,0.1856115150522838
4787,Nicole Told Me,Rock,../data/raw/fma_small/004/004787.mp3,0.5906986231,0.7047715291,0.6502414057725745,0.4669500580159446,0.5762944236074942,0.35685253758533647,0.2851457385086622,0.23739111732839713,0.2648208158265763,0.2126423283363644
4788,Fire To Burn,Rock,../data/raw/fma_small/004/004788.mp3,0.5969143572,0.5983611581,0.5976381954637195,0.5087339723049082,0.5101539527212655,0.4023628926443531,0.27368956512491216,0.25040766929513353,0.2507634958552227,0.2251392697247316
4799,I've Got a Love,Rock,../data/raw/fma_small/004/004799.mp3,0.1889492177,0.1840616124,0.18652142508131578,0.5922234625665931,0.5880824978813473,0.8134982556308064,0.17046073583084334,0.2557516916574535,0.2546948226729082,0.319092749838795
4835,Steak,Rock,../data/raw/fma_small/004/004835.mp3,0.0916571379,0.9512006849,0.675715832980939,0.0734248053529892,0.9300186820925288,0.6432216290992743,0.26280199988474956,0.14389874159593813,0.3388995482437585,0.2543997102755538
4836,Panda Punk Tongue,Rock,../data/raw/fma_small/004/004836.mp3,0.4461224203,0.9776780392,0.759894585527587,0.315850822247059,0.7945548192630532,0.39196852120309766,0.2968351198075901,0.19040113228320557,0.3073038711085146,0.20545987680068972
4838,Punk Rock,Rock,../data/raw/fma_small/004/004838.mp3,0.1341789386,0.968146045,0.6911261650425936,0.09751579875323944,0.9184097328570088,0.6126421405735017,0.26795053229070054,0.1479970019078417,0.3363276892357359,0.24772477656572184
5156,Circles,Folk,../data/raw/fma_small/005/005156.mp3,0.2700349502,0.0681443441,0.19692958889198914,0.6860298236091255,0.5184074775513638,0.8370196943209686,0.16930028898883706,0.276103068007574,0.23349295019294874,0.3211036928106403
5157,Copenhagen,Folk,../data/raw/fma_small/005/005157.mp3,0.2928032088,0.0616224507,0.21157864437821972,0.6950849387354937,0.5019584783195968,0.8308669347476315,0.17193086063027938,0.27882900741253647,0.22986042039630594,0.31937971156087813
5158,Running,Folk,../data/raw/fma_small/005/005158.mp3,0.361073517,0.0630620808,0.25918228210428956,0.7100094186394905,0.4539845133446597,0.8018976602764142,0.18164138227096682,0.2851061173894553,0.22070711418638675,0.31254538615319116
5159,Christiania,Folk,../data/raw/fma_small/005/005159.mp3,0.3075334601,0.0768375853,0.2241437525292787,0.6880427577541286,0.4926529830396914,0.816008196281083,0.17526547133452622,0.2787180810440031,0.2292495238256352,0.3167669237958353
5169,The Uncommon Man,Folk,../data/raw/fma_small/005/005169.mp3,0.1634196829,0.084939654,0.13023198067444158,0.6572828270922557,0.5945928740662707,0.8766989402813192,0.15638536884792073,0.2649057548320281,0.24880866005674201,0.329900216263309
5170,Labyrinth,Folk,../data/raw/fma_small/005/005170.mp3,0.0588164438,0.0504416263,0.05478928601956503,0.6727259765777843,0.6664723715672943,0.945380238720132,0.1401502963347405,0.25999231751976115,0.25837150151395677,0.3414858846315415
5171,Cover Up,Folk,../data/raw/fma_small/005/005171.mp3,0.2641673119,0.1710846317,0.22254698366906311,0.6151768268068931,0.5341908348523009,0.7837571156552254,0.17859277403174634,0.2644727051445436,0.24389847676059598,0.31303604406311414
5191,Say What You Feel,Pop,../data/raw/fma_small/005/005191.mp3,0.7082671135,0.4758557485,0.6033576872163464,0.6230447417505893,0.3946813717710256,0.42416699155292426,0.27266630629989724,0.2780874912291861,0.22131176546011877,0.22793443701079796
5264,Classical Homicide,Hip-Hop,../data/raw/fma_small/005/005264.mp3,0.0858182705,0.8914350161,0.6332539630672746,0.09785481919869463,0.9028800093259397,0.6509664316540518,0.25557273072304715,0.14962136741141085,0.334666018811181,0.2601398830543609
5268,3 Rocks Blessed,Hip-Hop,../data/raw/fma_small/005/005268.mp3,0.4000318397,0.4204394402,0.41036252000484635,0.4979537705698471,0.5180401124669092,0.589852623902554,0.2271778520260507,0.24797413599424614,0.25300538985559323,0.2718426221241099
5376,The Clouds,Folk,../data/raw/fma_small/005/005376.mp3,0.3479295973,0.0892983341,0.25399724127475815,0.6893593144907725,0.46538693715572593,0.7920143099560687,0.18203252515073567,0.2813353724497104,0.22488183278222376,0.31175026961733016
5381,Hartford,Folk,../data/raw/fma_small/005/005381.mp3,0.3501963579,0.1167829958,0.26103233247477947,0.6718295042622227,0.4668420725440498,0.7753441332061678,0.18487616803825935,0.2787968584717854,0.227123967118063,0.30920300637189224
6330,Nie Zama Nie Sema,International,../data/raw/fma_small/006/006330.mp3,0.8857535048,0.5404739624,0.7337136278200918,0.7055931726206823,0.39061769397829393,0.3348256567960707,0.2982486312094881,0.289978567872484,0.21162832195995168,0.20014447895807624
6331,track 1,International,../data/raw/fma_small/006/006331.mp3,0.9600765716,0.3722549681,0.7281211384825818,0.8111136937601109,0.2647334899576761,0.4447795550665194,0.28827209450674735,0.313217351094418,0.18136601254419146,0.2171445418546431
6332,Taso's Hasapiko,International,../data/raw/fma_small/006/006332.mp3,0.5443855777,0.7230153356,0.6399636054966498,0.4319005449872362,0.6042911869788203,0.37703116987892615,0.2820153719095399,0.22904042566453026,0.27213252210088174,0.21681168032504805
6342,Doulab Nahawand Murassaa,International,../data/raw/fma_small/006/006342.mp3,0.520078634,0.4748190135,0.49796329238429765,0.5226360368958588,0.4773770067380807,0.5030604268497071,0.24939434908409763,0.2556241290004063,0.24431273105790752,0.25066879085758836
6354,Daka Koz,International,../data/raw/fma_small/006/006354.mp3,0.6375446183,0.4724599541,0.5611067405367123,0.5851331644811575,0.42106550081398664,0.4525883359916971,0.26379641041590046,0.2702112490360073,0.22932412440539146,0.23666821614270075
6357,Zaharoula,International,../data/raw/fma_small/006/006357.mp3,0.6476195813,0.9534747766,0.8150230891501193,0.45911638965278023,0.7187788634537075,0.251333002106376,0.3146746686925208,0.22044155604925653,0.2858008048507387,0.17908297040748397
6358,track 2,International,../data/raw/fma_small/006/006358.mp3,0.9646997046,0.575507933,0.7943094173561268,0.7452647298112463,0.40771037011661826,0.3011972989597182,0.30843018610974493,0.29366827943545104,0.20953619006692864,0.18836534438787544
6360,Sabah Sabah Seyredelim Yaliyi,International,../data/raw/fma_small/006/006360.mp3,0.5616841046,0.3565101362,0.47041923354261683,0.6039736079389753,0.3995123911555474,0.5505451974968296,0.24050859245500653,0.27487327980813386,0.22404545916910718,0.2605726685677525
6363,track 02,International,../data/raw/fma_small/006/006363.mp3,0.92987684,0.4826093496,0.7408045362609899,0.7524506703730554,0.3448398482554768,0.3691953024414859,0.2963517604013232,0.29982328845035733,0.19945376208871815,0.20437118905960136
6366,Taheya,International,../data/raw/fma_small/006/006366.mp3,0.7594605252,0.442235605,0.6214308568403953,0.6662887548453656,0.3559716064988722,0.429511559371093,0.27486826704018535,0.2874790108852209,0.21078374519411933,0.22686897688047453
6367,"Manowe, Mahaba Wa Takanini, Mapenz",International,../data/raw/fma_small/006/006367.mp3,0.5930369499,0.4134111493,0.511175900406231,0.5898217119232904,0.4101997699366992,0.504829379054073,0.25129105361627324,0.27185196043382653,0.22715570626778303,0.24970127968211722
6368,track 3,International,../data/raw/fma_small/006/006368.mp3,0.981595047,0.5409890694,0.7925269741482652,0.7662309934690745,0.3827583542557956,0.3248305532929517,0.3063449328013011,0.2983942855372021,0.20335293766315224,0.1919078439983445
6370,Leventikos,International,../data/raw/fma_small/006/006370.mp3,0.7634227164,0.7470948342,0.7553028979170807,0.5686718151991886,0.5541297241638822,0.24487735093703572,0.3079044599367858,0.25548366065388856,0.2517952774041676,0.18481660200515815
6372,track 03,International,../data/raw/fma_small/006/006372.mp3,0.8127154197,0.4222513858,0.6476119927194707,0.7050885811825942,0.3266280352542993,0.4294583654023795,0.27866041311581763,0.29514609518226004,0.20214998577690682,0.2240435059250156
6373,Semseyemin Ucu Kare with Oud Solo by Haig Manoukian,International,../data/raw/fma_small/006/006373.mp3,0.4829911512,0.2495012499,0.38440299546124995,0.6310819384355583,0.4059242684535894,0.6444169937389778,0.21746359039335802,0.27830298073917026,0.22219440769904847,0.2820390211684233
6376,track 4,International,../data/raw/fma_small/006/006376.mp3,0.9746937798,0.7166558663,0.8554599917830799,0.7177436389418629,0.5070680602655891,0.20115206049530582,0.3228962839756207,0.2813543245783099,0.22790736166413433,0.16784202978193513
6379,Matamu Choz,International,../data/raw/fma_small/006/006379.mp3,0.7732846289,0.3651422266,0.6046891610321028,0.7074650202446112,0.3039150416970312,0.4766782205741188,0.2682164792132289,0.2972490298815203,0.19854589716462995,0.2359885937406208
6380,track 04,International,../data/raw/fma_small/006/006380.mp3,0.9680821881,0.7425791403,0.8627302308732351,0.7083250037677516,0.5255675628904294,0.18341789133720138,0.32491976208476603,0.2784317701450883,0.23192536051220702,0.16472310725793862
6381,Kateva Lenko,International,../data/raw/fma_small/006/006381.mp3,0.635565533,0.6720264762,0.6540501247807247,0.505722344301378,0.5405700997333108,0.3466836548291275,0.28651229958497454,0.24701614163520497,0.2557758412221997,0.21069571755762076
6383,Telegrafin Tellerine,International,../data/raw/fma_small/006/006383.mp3,0.8604503653,0.4825918564,0.697592191401431,0.7099598644319627,0.3552245771399423,0.37893620017656116,0.2898838733569616,0.29349132422320134,0.20584280435222743,0.21078199806760967
6385,track 05,International,../data/raw/fma_small/006/006385.mp3,0.9451489753,0.5439832,0.7711109866267241,0.7420437680463599,0.3866046797394465,0.3247768132063002,0.3037567697677806,0.2950544935348356,0.20679355459654786,0.1943951821008361
6387,Karsilamas Hrysodaktili,International,../data/raw/fma_small/006/006387.mp3,0.5694691806,0.7768833897,0.6811178124395946,0.4324789991693223,0.6280543717087707,0.3428832222820165,0.2905955059739063,0.22662427571342117,0.27557748619113676,0.20720273212153575
6389,Kwala Ulala Huez,International,../data/raw/fma_small/006/006389.mp3,0.8384104393,0.4591299116,0.6759187600788436,0.7055042584042434,0.34417398351200423,0.399156384549366,0.28523081020481417,0.2937955775976442,0.20470172842089154,0.21627188377665013
6390,track 5,International,../data/raw/fma_small/006/006390.mp3,0.9619332295,0.5646818131,0.7887271670426355,0.7465981053626518,0.4001965948519571,0.3089911025112236,0.3071493376488291,0.2944782096892006,0.20826337381290952,0.19010907884906067
6393,Rumor,International,../data/raw/fma_small/006/006393.mp3,0.2208457849,0.9225539467,0.6707751654913304,0.16548527408782254,0.8538697428413314,0.553660176498113,0.27072820046977625,0.16333862108281755,0.325125071811558,0.24080810663584817
6406,The Hungry Stones,Folk,../data/raw/fma_small/006/006406.mp3,0.1358732303,0.0900647964,0.11526751984564058,0.6505549974685961,0.6143397845096517,0.8873266447207393,0.15338953366320865,0.26197999219443757,0.2526620745528248,0.33196839958952895
6407,Huna Cosm,Folk,../data/raw/fma_small/006/006407.mp3,0.0420093167,0.0286660985,0.035961979178102815,0.687478847271977,0.6777049116292476,0.9646853625646064,0.13606342783908804,0.2610307003527181,0.2584918306725712,0.3444140411356227
6459,Ma Alli Wu Ultillu,International,../data/raw/fma_small/006/006459.mp3,0.4855686061,0.441824699,0.46421220141026964,0.5231331273568601,0.4795042876118719,0.5367491619352273,0.24088645139483036,0.2555061787613444,0.24459841728957413,0.25900895255425116
6461,Florida Rain,Folk,../data/raw/fma_small/006/006461.mp3,0.3457580863,0.2530424984,0.3029679522972291,0.5820198293178473,0.4960156185234252,0.702131750755637,0.19898936174711854,0.2630392450476496,0.24136227751115524,0.29660911569407666
6463,Are You the One?,Folk,../data/raw/fma_small/006/006463.mp3,0.1401283794,0.3331048586,0.2555335687695418,0.4818636178091246,0.652049864173054,0.7694570597298449,0.18475873730394574,0.23168551199483312,0.2746691127081187,0.3088866379931025
6467,As She Came Out of  the Water,Folk,../data/raw/fma_small/006/006467.mp3,0.1766639211,0.0149764144,0.1253683253591344,0.7076304138484678,0.5822828315375216,0.9077868039927401,0.15253129786364644,0.2730437108501299,0.24087649013610196,0.3335485011501217
6469,Derya'da Deryaliklar,International,../data/raw/fma_small/006/006469.mp3,0.8310125528,0.3032102633,0.6255071249320938,0.7668434651484056,0.24545184974005402,0.5069875217801855,0.2685378385755618,0.3093051005037916,0.18363251411210582,0.2385245468085408
6517,Stars,Rock,../data/raw/fma_small/006/006517.mp3,0.5350775049,0.0793176237,0.3824913212606426,0.7529820629601426,0.33349978401748953,0.7293178197738707,0.20767544717822467,0.30080651558097404,0.19774631537670745,0.2937717218640939
6519,Somebody To Love,Rock,../data/raw/fma_small/006/006519.mp3,0.6642223726,0.1936855637,0.48923688426372763,0.7386928761156966,0.2740991724250184,0.6176121700744569,0.23658911859116896,0.3036212242271972,0.1907926522226245,0.2689970049590094
6603,The Woods,Hip-Hop,../data/raw/fma_small/006/006603.mp3,0.7474744085,0.6395363065,0.6956021415630083,0.5867930068150466,0.4861974196219509,0.3112099361316142,0.2950868478980797,0.26466386262824404,0.23933517868327608,0.20091411079040022
6605,Bad Weather,Hip-Hop,../data/raw/fma_small/006/006605.mp3,0.7619929472,0.6835051801,0.7238137131907889,0.5834390382062531,0.511774700628155,0.28001457837590826,0.30124474419905295,0.26179149413841935,0.24368685635029236,0.1932769053122352
6606,Smash Your Eyes,Hip-Hop,../data/raw/fma_small/006/006606.mp3,0.114862562,0.5724688069,0.4128643500126363,0.3130306128980944,0.745382056070145,0.6950723722112372,0.21619204939879236,0.19565118260399206,0.3014743193631066,0.28668244863410897
6607,The World,Hip-Hop,../data/raw/fma_small/006/006607.mp3,0.8608139135,0.3050312959,0.6457726709739344,0.7822985661988711,0.23708316911330804,0.5011757507868965,0.272021786958933,0.3118143745617806,0.1807640627709491,0.23539977570833728
6608,Cavalcade Lagoons,Hip-Hop,../data/raw/fma_small/006/006608.mp3,0.7269837212,0.7786265237,0.7532478324890639,0.537360003581838,0.5834368654357325,0.24853984036663618,0.30737719132865143,0.24769243641725938,0.2593723470333993,0.18555802522068993
6609,2009,Hip-Hop,../data/raw/fma_small/006/006609.mp3,0.819625594,0.4142151797,0.6493690512465758,0.7123657663145234,0.31945981080079233,0.433404419701597,0.27856890369291587,0.2966823844251214,0.20028797348324726,0.2244607383987155
6610,Clack Struck Twelve,Hip-Hop,../data/raw/fma_small/006/006610.mp3,0.6661914238,0.5597066642,0.6152570857351269,0.5646544229413963,0.4608143419505098,0.3906957813277248,0.2772836366978679,0.26360144349724635,0.23760228340012007,0.2215126364047656
6611,Escape Tune,Hip-Hop,../data/raw/fma_small/006/006611.mp3,0.4599500795,0.4437888865,0.451941728220003,0.5103552088560311,0.49426839490957036,0.5481900762568428,0.23784488141080082,0.2521520259122397,0.24812815558805262,0.2618749370889069
6762,Western States,Folk,../data/raw/fma_small/006/006762.mp3,0.3052674823,0.2080478804,0.26122036318854763,0.6001568109622324,0.512804637112767,0.7449300070774144,0.18826732975997348,0.26422456521261645,0.24212332251489105,0.30538478251251905
6779,Castle By the Sea,Folk,../data/raw/fma_small/006/006779.mp3,0.1759599918,0.0649673646,0.1326323436747715,0.6727733451829543,0.5844923838585604,0.8812854147145877,0.15621018226590752,0.2680955439225394,0.24544244082645414,0.3302518329850988
6782,Sunshine,Folk,../data/raw/fma_small/006/006782.mp3,0.6969467268,0.0678613362,0.49514639297286783,0.8229876148971147,0.21959786809994675,0.6930814436082109,0.22904221399777677,0.31790339556358216,0.17387867785171515,0.2791757125869258
6783,Fisherman's Girl,Folk,../data/raw/fma_small/006/006783.mp3,0.7827270172,0.1254755322,0.5605379972114657,0.8298959658402016,0.17741428667906414,0.6371815258761362,0.2456694989600346,0.32161175912930534,0.167479913041235,0.2652388288694251
6788,Tokugiri Star,Rock,../data/raw/fma_small/006/006788.mp3,0.0624763798,0.9457193357,0.6701821990883386,0.05852216908900054,0.9416303946745143,0.6640395052064911,0.25986251781438297,0.1409623288672023,0.34090399876976885,0.25827115454864585
6802,Spanish Civil War Tribute,International,../data/raw/fma_small/006/006802.mp3,0.4834776755,0.3643004972,0.42805695588732723,0.5647408788847547,0.44693968495035796,0.5791844134500904,0.23101769446055548,0.2648538673656699,0.2354213849948243,0.26870705317895044
6803,Balkan Qoulou,International,../data/raw/fma_small/006/006803.mp3,0.8118769817,0.2951305567,0.6108380632018416,0.7602582342573982,0.24747961078880215,0.5158639365725975,0.26554117008202466,0.30833599028210557,0.18464063869856262,0.24148220093730716
7011,in sleepy electricity,Electronic,../data/raw/fma_small/007/007011.mp3,0.2061910169,0.2771852067,0.2442809594131088,0.5314959834578139,0.5945436655383597,0.7591422551352209,0.18431285565244931,0.24563572363487202,0.2616211126867062,0.3084303080259726
7481,Seeing You Out,Hip-Hop,../data/raw/fma_small/007/007481.mp3,0.4344889958,0.9238669896,0.7219109716384213,0.31191098308961396,0.7659415481431526,0.4034841577706979,0.2910397418250753,0.19314859967360282,0.3041406941956944,0.21167096430562743
7482,Seeing Things Intro,Hip-Hop,../data/raw/fma_small/007/007482.mp3,0.4651394178,0.67153867,0.5776326095783945,0.4026422253668211,0.6070584929381565,0.44382580349540957,0.26708779347007466,0.22421087934422332,0.27506386366305674,0.23363746352264525
7487,The Robot's Heel,Hip-Hop,../data/raw/fma_small/007/007487.mp3,0.5905143488,0.6899029648,0.6421344473622786,0.4716287562153722,0.5672938389311654,0.3632070138216758,0.283468850561338,0.2390317889919169,0.2630283008378276,0.21447105960891746
7488,The Discovery,Hip-Hop,../data/raw/fma_small/007/007488.mp3,0.6698470452,0.7588296026,0.7157225124813543,0.5034174334214325,0.5851595249781228,0.28910563306968334,0.299487930505892,0.24220126132102665,0.262830971180238,0.19547983699284338
7492,In the Dark,Hip-Hop,../data/raw/fma_small/007/007492.mp3,0.6458740192,0.8027638302,0.7285543959633132,0.477522436831473,0.6204171892182454,0.2866245950323667,0.3013594285712444,0.2344568841504436,0.27047142647997213,0.19371226079833978
7495,Soft South Africans,Rock,../data/raw/fma_small/007/007495.mp3,0.5974227527,0.7923692565,0.701699003879159,0.4472272750459257,0.6284574284269413,0.3202959301099595,0.29519381652539556,0.22887143277045333,0.27434613356332316,0.20158861714082804
7526,Easy on the Eyes,Pop,../data/raw/fma_small/007/007526.mp3,0.3501167137,0.4357480538,0.39525819384459027,0.46955402884150366,0.553274187091073,0.6085756093545712,0.2229113743320558,0.2401035054173624,0.2610704413640601,0.27591467888652166
7527,With You,Pop,../data/raw/fma_small/007/007527.mp3,0.4310708205,0.279904287,0.363433943219068,0.5934475074374825,0.44834519132445344,0.6489292130762498,0.2137821819862149,0.26906990606881753,0.23272765414756716,0.2844202577974004
7528,Game,Pop,../data/raw/fma_small/007/007528.mp3,0.1971475635,0.3333057388,0.27382464946658863,0.49160370203599985,0.6146807099263,0.737920481051651,0.19083829080439327,0.23727160010851217,0.2683474201690352,0.3035426889180594
7529,Seeking,Pop,../data/raw/fma_small/007/007529.mp3,0.1762306532,0.3240024242,0.2608014704854781,0.4939787270798082,0.6259287130395822,0.7535146512227799,0.1872640385999095,0.23644056100690677,0.2697907975119606,0.30650460288122316
7872,Saved,Rock,../data/raw/fma_small/007/007872.mp3,0.8499116543,0.5205238316,0.7047321758577892,0.6900171070989862,0.38306107266238104,0.3552632176137207,0.29279218912346305,0.28851527663335563,0.21225576836555138,0.20643676587762994
8208,Rocket USA,Rock,../data/raw/fma_small/008/008208.mp3,0.3177402063,0.9168268266,0.6861232646809875,0.232246222222228,0.8080995780449934,0.48600216196689544,0.2790552479886165,0.17724496188415229,0.31525634358776905,0.2284434465394622
8256,Sugar In My Coffin,Folk,../data/raw/fma_small/008/008256.mp3,0.7087070917,0.2862550105,0.5404663138726721,0.7112305012660197,0.2887849454717362,0.5451070851044899,0.251993585444665,0.29891756110195444,0.1959231056618461,0.25316574779153445
8259,Always Sugar for the Horses,Folk,../data/raw/fma_small/008/008259.mp3,0.8513211301,0.2462504659,0.626652598538739,0.8040167991748394,0.20340193990066588,0.5432512156041199,0.2653250308951518,0.31681557008453204,0.1737651973621602,0.24409420165815587
8261,Black Diamond,Folk,../data/raw/fma_small/008/008261.mp3,0.7641573964,0.3980705055,0.609260475421577,0.6878428755253092,0.32717110280543743,0.4571328308171774,0.2706479040722173,0.2927740436040477,0.20412434787347983,0.23245370445025512
9512,Eywat Setenafegagn,International,../data/raw/fma_small/009/009512.mp3,0.6927418525,0.5054784794,0.6063826215112319,0.6018483233098136,0.4182798479138506,0.41167894258855886,0.27419165290824427,0.2729512006052348,0.2271758873172279,0.22568125916929302
9553,Morning Birds,Rock,../data/raw/fma_small/009/009553.mp3,0.1597822246,0.5895778366,0.4319330878203596,0.3114295357766032,0.7257988479971779,0.6612156464830747,0.2229269142337897,0.19761889966863747,0.2990795941263366,0.28037459197123615
9887,All I Ever Wanted,Folk,../data/raw/fma_small/009/009887.mp3,0.3085933622,0.1766176069,0.25141961166641646,0.6217670096028669,0.5045973235466985,0.7602636727021038,0.18519488584772384,0.26820620480006085,0.23855178615835476,0.3080471231938605
9888,Cross,Folk,../data/raw/fma_small/009/009888.mp3,0.0375650379,0.1593810264,0.11578739924695158,0.5950005843899424,0.689812789040891,0.9035821255007056,0.15177396291790676,0.24508510390676508,0.26945939679727626,0.3336815363780519
10381,Baron in the Trees,Folk,../data/raw/fma_small/010/010381.mp3,0.2472969302,0.5480016485,0.42512443969093405,0.3643201074913799,0.6583569389187984,0.6208318697703353,0.2262518480312511,0.212904651179516,0.2856825558710577,0.2751609449181753
10382,New Dish Rag,Folk,../data/raw/fma_small/010/010382.mp3,0.2609534217,0.121284816,0.20347812522368577,0.6481655123844109,0.529575231430385,0.8118898384291713,0.17291874754724684,0.2697536685804496,0.23958755472722812,0.31774002914507543
10383,Graceless Lady,Folk,../data/raw/fma_small/010/010383.mp3,0.088626728,0.3475270646,0.2536037830410644,0.4656047832365335,0.6897014939615103,0.7925661399358032,0.1819162109277139,0.22487556431919656,0.2813625109540168,0.3118457137990727
10384,Blood Mumble,Folk,../data/raw/fma_small/010/010384.mp3,0.2890644118,0.5259957956,0.4243994646309988,0.3925800682396885,0.6253403023786956,0.6041975655189935,0.22788337055543773,0.22074640832738415,0.27859937087381914,0.2727708502433589
10385,Curee,Folk,../data/raw/fma_small/010/010385.mp3,0.0955867796,0.2235047681,0.17188835591414234,0.5532095794532726,0.6587555140557586,0.8428843688186813,0.16535449495922988,0.24211500658967297,0.2690665594010197,0.3234639390500774
10386,The Birds &amp; The Herds,Folk,../data/raw/fma_small/010/010386.mp3,0.4804809889,0.5172850457,0.49922229477416813,0.4815992669217702,0.5184032317603608,0.5014547487057895,0.24974199340863054,0.2453793378124,0.2545785150735038,0.2503001537054656
10388,Night Lighter,Folk,../data/raw/fma_small/010/010388.mp3,0.1778893374,0.2837511206,0.23681143849312555,0.5218510676440006,0.6149718042326683,0.770998832295603,0.18196795657353626,0.24198366840363883,0.2655998823207457,0.3104484927020792
10389,Terrapin (oh! syd),Folk,../data/raw/fma_small/010/010389.mp3,0.2569090583,0.5021692659,0.3988585186824632,0.39612984238197557,0.6341758901326736,0.6324632746061774,0.22095880606700125,0.2203567028554727,0.2795814484137548,0.27910304266377123
10438,Little Lepers,Folk,../data/raw/fma_small/010/010438.mp3,0.2725107911,0.6703123474,0.5116545584390146,0.30245336792871563,0.6994852364928248,0.5647718554172322,0.24555457029600336,0.19920172689967847,0.2962933120726516,0.2589503907316665
10439,In The Light Of The Moon,Folk,../data/raw/fma_small/010/010439.mp3,0.2617932871,0.2579096344,0.25985871611989914,0.5564323120950853,0.5529315194881572,0.7401510864975356,0.18859637294066448,0.2537076790805858,0.2528210539641722,0.3048748940145774
10440,No Gravity Blues,Folk,../data/raw/fma_small/010/010440.mp3,0.2136367676,0.1350474602,0.1787155351068381,0.6299934779730053,0.564183015420106,0.826592411463185,0.1680080036152573,0.26382593846531793,0.24702241936003647,0.3211436385593884
10441,In The Shade,Folk,../data/raw/fma_small/010/010441.mp3,0.3430703457,0.3597042188,0.35148569467421836,0.5136516083500741,0.5295959288557814,0.6486660381587878,0.21199598719846388,0.24931901466909792,0.25332609716078347,0.28535890097165484
10442,Something Brighter Than The News,Folk,../data/raw/fma_small/010/010442.mp3,0.0967639758,0.2659489757,0.20011512272752172,0.5235428221685893,0.6657943275098183,0.8230024974714543,0.17125471392934988,0.23664939570246343,0.27282517573792636,0.3192707146302603
10443,Beast (1 Beast),Folk,../data/raw/fma_small/010/010443.mp3,0.0864540467,0.3639454457,0.2645095363465913,0.45389409460609725,0.6953497307961575,0.7871250233719472,0.1840438408887386,0.22241801308579634,0.283160589106913,0.31037755691855207
10447,Low Gravity Blues,Folk,../data/raw/fma_small/010/010447.mp3,0.3185003823,0.6125653998,0.4882001959019373,0.35464634705392073,0.6479498815330472,0.5543226940859357,0.24292156363016923,0.21255159501668303,0.28499974725706384,0.2595270940960838
10458,Highway,Folk,../data/raw/fma_small/010/010458.mp3,0.1007212691,0.1966597044,0.15623670084812016,0.5724947181345038,0.6509136944264615,0.8526599164918596,0.1622636877038979,0.24603670475509098,0.2661073256826984,0.3255922818583126
10480,Adversaries &amp; Enemies,Folk,../data/raw/fma_small/010/010480.mp3,0.2886263726,0.3961667033,0.3465928733859254,0.4732440349142418,0.5757605815631286,0.6597981085013143,0.210067433157057,0.2384309500911525,0.26417091464298986,0.2873307021088005
10481,Spit Shine,Folk,../data/raw/fma_small/010/010481.mp3,0.6512680953,0.6062074135,0.6291413037379002,0.5381555226595978,0.4945206616199417,0.37194525305349035,0.2808756230618611,0.2564480648043745,0.24549861524624844,0.21717769688751604
10485,Song For Baltimore,Folk,../data/raw/fma_small/010/010485.mp3,0.3419671175,0.1919980036,0.2773127682217719,0.6204066149057587,0.4847012006575001,0.7368427582047763,0.19145750783069732,0.2698212599136718,0.23558088735632887,0.30314034489930203
10678,Glory Daze,Folk,../data/raw/fma_small/010/010678.mp3,0.2016570435,0.2570437366,0.23101628267121246,0.5443572230247574,0.5930526784015274,0.7711470305714893,0.18114398664631207,0.24780277351952112,0.2601682708058205,0.3108849690283464
10679,The Rise Of Quinnisa Rose,Folk,../data/raw/fma_small/010/010679.mp3,0.1717236177,0.4415475632,0.3350024264418347,0.41313322611709274,0.6637040063325795,0.7063677829728058,0.2032462508868907,0.21976287015578158,0.28234222029421757,0.29464865866311024
10682,She Said Nothing,Folk,../data/raw/fma_small/010/010682.mp3,0.2695074496,0.368178655,0.32263740281274395,0.4857120944487101,0.5784353413249856,0.6829412779249419,0.20398249788848621,0.24011281781846897,0.2634417112969121,0.29246297299613266
10684,Don't Trust The Ruin,Folk,../data/raw/fma_small/010/010684.mp3,0.1449158323,0.4536138063,0.3367239846797192,0.399711440364906,0.6844466447858356,0.7175328586612517,0.20225224550363585,0.21540136767665616,0.2863567235073475,0.2959896633123605
10693,6.6.05,Hip-Hop,../data/raw/fma_small/010/010693.mp3,0.7262405016,0.3627917668,0.5740396903621234,0.683176257865452,0.3213737147170605,0.4903970816706015,0.26234312247597213,0.29259512931409065,0.20376906108290513,0.24129268712703214
10694,aint no thing,Hip-Hop,../data/raw/fma_small/010/010694.mp3,0.1758973984,0.1299341829,0.15463309259304583,0.6276760393904561,0.5899271098406053,0.8473959004059964,0.1626143422122411,0.2609749290707159,0.2513070293134378,0.3251036994036052
10697,1.26 beat1,Hip-Hop,../data/raw/fma_small/010/010697.mp3,0.442031867,0.3570233789,0.40178219505391144,0.5517296016730834,0.46839840441907915,0.6019748220335625,0.22460319745408916,0.2609379618579304,0.24007502719090354,0.2743838134970769
10698,2.12.05 elevator,Hip-Hop,../data/raw/fma_small/010/010698.mp3,0.7051856482,0.5372199815,0.6268540926523949,0.5964277592257566,0.4333132876742384,0.3879953914353329,0.2792052728963947,0.2708380181078915,0.23007525509323917,0.21988145390247463
10805,Super Nude,Pop,../data/raw/fma_small/010/010805.mp3,0.6681750517,0.7833269837,0.7280312709996865,0.4966916023584643,0.6015434147702216,0.2802275792162842,0.3017788469672995,0.23945243255520152,0.26592294811428685,0.19284577236321201
10806,Glowing Pavements,Pop,../data/raw/fma_small/010/010806.mp3,0.5066276499,0.7370601687,0.6324275721089607,0.40361425304817306,0.6271658345793676,0.3953186251160381,0.27939716095371425,0.22225402100367883,0.27793090732999776,0.22041791071260913
10807,Three Owls Teahaus,Pop,../data/raw/fma_small/010/010807.mp3,0.0493143657,0.9695950235,0.6864934144842028,0.04096565183393818,0.9601868789096107,0.6725799721447103,0.26141191601807934,0.13708067524040252,0.3437074467191692,0.2577999620223489
10808,Wind Up The Hypnotist,Pop,../data/raw/fma_small/010/010808.mp3,0.7344444078,0.8300191415,0.7836901056556379,0.5330581958872266,0.6162189334177787,0.222949842795515,0.31299921598110003,0.24361004629067734,0.26473504971559697,0.17865568801262563
10809,Pass That Joint,Pop,../data/raw/fma_small/010/010809.mp3,0.4652830591,0.7515833642,0.6250463496524253,0.3729605542330474,0.6522268624595448,0.4169130795667389,0.2764851994505957,0.21487823006818843,0.284103271506779,0.22453329897443688
10810,Under The Sunset,Pop,../data/raw/fma_small/010/010810.mp3,0.1875057668,0.4615396327,0.35226215034836406,0.4031736472886756,0.6607441681680236,0.6892337942005263,0.20771511527106928,0.21856402663960192,0.28277443223702553,0.2909464258523033
10992,The Grove Is Hotter Than An Ocean's Oven,Folk,../data/raw/fma_small/010/010992.mp3,0.1611852015,0.3855447876,0.29548726912349765,0.4491858619926303,0.6527844396997085,0.7352433183063022,0.1942528947739038,0.22652594465849227,0.2776768595875672,0.3015443009800366
11059,Vitamin C,Folk,../data/raw/fma_small/011/011059.mp3,0.2621538169,0.2550275061,0.2586152089329089,0.5584391821778018,0.55202174720876,0.7414179005739017,0.18828068798790315,0.2541076113016286,0.25248211357257894,0.30512958713788924
11198,Together We Will Wait,Pop,../data/raw/fma_small/011/011198.mp3,0.7645884353,0.3917388866,0.607476267301493,0.6908607158715532,0.32317020288782033,0.4611942036003433,0.27002142121299555,0.29350237823400543,0.20320091715730043,0.23327528339569856
11199,Love Is An Eternal Lie,Pop,../data/raw/fma_small/011/011199.mp3,0.4366125188,0.1099750359,0.3183747792257473,0.7009903452595073,0.40589405175124615,0.7448321591788605,0.19648686066036808,0.28807219570116843,0.2144581972436858,0.30098274639477757
11200,Berlin Lights (Finistere),Pop,../data/raw/fma_small/011/011200.mp3,0.5698886011,0.1328171518,0.41377132179259296,0.7337503355624374,0.31830505122914654,0.6844712951161572,0.2175365054589412,0.29956927452841675,0.19772959333690424,0.2851646266757377
11204,Steppin' In,Hip-Hop,../data/raw/fma_small/011/011204.mp3,0.7534478634,0.4547694868,0.6222937284700693,0.657632114250194,0.3657890390555466,0.423121890586129,0.275548084856634,0.2854596065297471,0.21320570708683448,0.2257866015267844
11262,Wataridori 2,Electronic,../data/raw/fma_small/011/011262.mp3,0.514512044,0.5637149693,0.5396745361947133,0.47700485921736574,0.5260575643567716,0.4615426217772081,0.25970171476104514,0.24392579117909657,0.2561893321052934,0.24018316195456496
11268,Fake French,Rock,../data/raw/fma_small/011/011268.mp3,0.8750540417,0.7011092543,0.7928662441927413,0.6538559679931839,0.503570093909779,0.22907113563324316,0.31367088679148114,0.2729623923668739,0.2348737544566386,0.17849296638500628
11298,Now Get Busy,Hip-Hop,../data/raw/fma_small/011/011298.mp3,0.8584214819,0.7773638002,0.8188961834227759,0.6270782718484103,0.5587212876957425,0.18656279673179424,0.3197212632039469,0.26391620623658435,0.24647847520647823,0.16988405535299053
11306,Inspiration,Rock,../data/raw/fma_small/011/011306.mp3,0.2371179599,0.6169119867,0.4673357070892823,0.3185760135676248,0.6937468581699232,0.6036329319384749,0.23463769357982853,0.20220517535517402,0.2942570620697638,0.2689000689952335
11503,All Operations,Folk,../data/raw/fma_small/011/011503.mp3,0.1911028609,0.1343984005,0.16520174560385725,0.6268119464804109,0.5798178643768761,0.8377292852410984,0.16502741602978954,0.2618369073050123,0.24981677186916712,0.3233189047960309
11504,A Friendly Noose,Folk,../data/raw/fma_small/011/011504.mp3,0.1860639615,0.2151576584,0.20113753470852297,0.5703495853146755,0.5953086143914115,0.7995215369010531,0.1739455569220219,0.251628655042547,0.25798809454538985,0.3164376934900412
11508,Under The Concourse,Folk,../data/raw/fma_small/011/011508.mp3,0.1606628196,0.4231455719,0.32005055586610076,0.4234227041742094,0.6646574596814513,0.7201555157118497,0.19950840022936778,0.22123566485307425,0.28159313506648426,0.29766279985107363
11763,"Press Play Instrumental     {6th Sense, A Pinks, Emilio Rojas, Skyzoo}",Hip-Hop,../data/raw/fma_small/011/011763.mp3,0.3497487783,0.4491186785,0.4025119844799213,0.4614078663720033,0.5588086607685715,0.6026179891523024,0.22464993632758415,0.23827827991490952,0.2626546439492443,0.274417139808262
11765,Just Fine Instrumental     {Wildabeast},Hip-Hop,../data/raw/fma_small/011/011765.mp3,0.7899841459,0.4109383911,0.6296607467728987,0.696802888144563,0.32632577300391785,0.44221049176450405,0.27496174440611415,0.2940571446799011,0.20301847869846273,0.22796263221552193
11766,Beyon My Instrumental     {6th Sense},Hip-Hop,../data/raw/fma_small/011/011766.mp3,0.7529734608,0.4252675721,0.611482436603439,0.6698083294305013,0.34776041964904353,0.44234572155100454,0.2722836301672419,0.28863709540782756,0.2091647594261627,0.22991451499876786
11767,Let's Do It Instrumental     {6th Sense},Hip-Hop,../data/raw/fma_small/011/011767.mp3,0.6538966483,0.8758459829,0.7728800076402679,0.47063523381704064,0.6659180564529095,0.2600016827061326,0.30897702270475214,0.22838256514599078,0.27763435072075704,0.1850060614285
11768,The Itis Instrumental     {Black ELement},Hip-Hop,../data/raw/fma_small/011/011768.mp3,0.4095109885,0.4375906842,0.423783468649304,0.4919367277409114,0.5196936018467377,0.5766201137667984,0.2306100666829298,0.24687484807914897,0.2538233098352446,0.2686917754026767
11769,Fallen Shadows Instrumental     {Viva La Hova},Hip-Hop,../data/raw/fma_small/011/011769.mp3,0.3233512502,0.4379300517,0.38492776022772607,0.45851862436975643,0.5699281800314262,0.6220032786842314,0.2199193191284104,0.23671375159899952,0.26461109120032267,0.27875583807226745
11770,Future Music Instrumental     {6th Sense},Hip-Hop,../data/raw/fma_small/011/011770.mp3,0.4790991509,0.3164909691,0.40601879877350383,0.5902205484880029,0.43098969135871346,0.6076686144252301,0.22467047428821016,0.270111954589894,0.23035132939382205,0.27486624172807383
11771,D'Evils 2008 Instrumental     {Talib Kweli},Hip-Hop,../data/raw/fma_small/011/011771.mp3,0.669565385,0.4311836902,0.5631328348998519,0.6212365890241365,0.38412654782290684,0.465155366025529,0.2629783133677017,0.2787109781357191,0.21987633683642405,0.23843437166015513
11772,Ignite The People (Like Obama) Instrumental     {6th Sense},Hip-Hop,../data/raw/fma_small/011/011772.mp3,0.808026023,0.5844042449,0.705136290124943,0.6425052083455572,0.4349611070557548,0.32370807798256723,0.2953842274321131,0.2774514305878297,0.2254507635558546,0.20171357842420262
11773,05 Too Complex Instrumental     {6th Sense & The Kid Daytona}.mp3,Hip-Hop,../data/raw/fma_small/011/011773.mp3,0.316647427,0.3560508001,0.3369256336920437,0.5074131280709884,0.5448591154039595,0.6639432622888685,0.20816679900594212,0.24686143097691562,0.25628065648141696,0.28869111353572535
11774,"Hippie Robot Instrumental     {6th Sense, Wildabeast, Jelani, Scheme}",Hip-Hop,../data/raw/fma_small/011/011774.mp3,0.7762690414,0.5212560807,0.6611737768177137,0.6448989707321604,0.40110063793442147,0.37366514562024633,0.28530815369274637,0.2807023993559246,0.21997121531007552,0.2140182316412535
11775,We Don't Stop Instrumental     {6th Sense},Hip-Hop,../data/raw/fma_small/011/011775.mp3,0.2214397472,0.8769741308,0.6395776683610894,0.17912415545148486,0.8292284646984855,0.5573560046022717,0.265894326547071,0.16777863274987972,0.32142034663431746,0.24490669406873175
11776,"The Proposal Instrumental     {Jelani, 6th Sense, Wildabeast}",Hip-Hop,../data/raw/fma_small/011/011776.mp3,0.71710548,0.3563565156,0.5662288564072849,0.6813652487677234,0.32172913736294034,0.4971449710379275,0.26052718295829236,0.29231839360319806,0.20401784915472862,0.243136574283781
11777,Never Change For The Fame Instrumental     {Wildabeast},Hip-Hop,../data/raw/fma_small/011/011777.mp3,0.0542793309,0.5776031489,0.4102265492274648,0.30113563852701597,0.7835856627013243,0.7323956184270038,0.2114445242288337,0.18959149980990347,0.30714556268331966,0.29181841327794317
11778,...Both Nice Instrumental     {Both Nice},Hip-Hop,../data/raw/fma_small/011/011778.mp3,0.8354711235,0.5245465127,0.6975532388958148,0.6797308352532212,0.38872792232362435,0.3557567777204558,0.29178871744196744,0.2866344086601688,0.21426309019871467,0.2073137836991491
11779,Entourage (Oh Yeah!) Instrumental     {6th Sense},Hip-Hop,../data/raw/fma_small/011/011779.mp3,0.1343807826,0.6921411839,0.49855672354441377,0.23752394130137922,0.7836951090770831,0.64964362545271,0.2345601123699323,0.18067125615521656,0.31195229743939834,0.27281633403545286
11780,What Kinda Instrumental     {Both Nice},Hip-Hop,../data/raw/fma_small/011/011780.mp3,0.3773488656,0.4192003799,0.3988239742529975,0.48975522716858844,0.5307651993480315,0.6020891270725254,0.22413321655622617,0.24546928926489206,0.2557452461921508,0.274652247986731
11781,Love Lockdown Instrumental     {6th Sense},Hip-Hop,../data/raw/fma_small/011/011781.mp3,0.3912852974,0.1908368912,0.30783348015143436,0.6355505961779467,0.45108331170876126,0.7159883119871046,0.19818249121861226,0.27503693426397524,0.22870617717089226,0.2980743973465203
11782,Acapella,Hip-Hop,../data/raw/fma_small/011/011782.mp3,0.8053722939,0.2045154773,0.5875589809699936,0.8004436762311871,0.19963281849059136,0.5790835733454174,0.2559335095099085,0.316651682861832,0.17364127267413793,0.2537735349541216
11783,Hey Young World Instrumental     {6th Sense},Hip-Hop,../data/raw/fma_small/011/011783.mp3,0.9467777858,0.5089757003,0.7600804033719807,0.754152848758203,0.36186245147861495,0.34924022318472003,0.30041771303353787,0.2986422379439386,0.20173519692169775,0.1992048521008259
11784,Do What It Do Instrumental     {6th Sense},Hip-Hop,../data/raw/fma_small/011/011784.mp3,0.8572689278,0.4379285565,0.6806950253856477,0.7248566486449356,0.32569431954636185,0.41005881686017637,0.284963757082945,0.29783023033717315,0.1998088777104944,0.21739713486938742
11785,AM Set Instrumental     {Both Nice},Hip-Hop,../data/raw/fma_small/011/011785.mp3,0.2234273183,0.5997878852,0.4525843975411757,0.3241060809329392,0.6938337831193497,0.6177519189753351,0.23084762501783973,0.2030149342973979,0.293831727044879,0.27230571363988343
11786,4AM Instrumental     {Wildabeast},Hip-Hop,../data/raw/fma_small/011/011786.mp3,0.7545666094,0.506418114,0.6425846536483458,0.6375711121940552,0.3979301794339864,0.3897823927582729,0.28132596477900507,0.27991905513927623,0.22027120559180277,0.2184837744899159
11787,Release Instrumental     {Wildabeast},Hip-Hop,../data/raw/fma_small/011/011787.mp3,0.3442933092,0.373470387,0.35917823759647277,0.5055082782338072,0.5335875721593488,0.6412841103309112,0.2139476741870808,0.24766115777098968,0.2547138623117931,0.2836773057301365
11788,"2-0-0-9 Instrumental     {The Kid Daytona, 6th Sense, Outasight, Harlem's Cash}",Hip-Hop,../data/raw/fma_small/011/011788.mp3,0.8107400378,0.4530468049,0.6567156219864287,0.6915407459152512,0.34718204210618675,0.4092536688424699,0.28168953172682726,0.2916722198667897,0.20670071653810815,0.21993753186827497
11789,Ate Ten Instrumental     {Both Nice},Hip-Hop,../data/raw/fma_small/011/011789.mp3,0.5764930879,0.5266420873,0.5521304956766008,0.5274523646321903,0.47786503989734275,0.4491246030402799,0.26273125047743684,0.2563268831801615,0.24392631516073784,0.23701555118166384
11790,Just Got Chopped (Crack) Instrumental     {Old Money},Hip-Hop,../data/raw/fma_small/011/011790.mp3,0.1883594143,0.3498178743,0.28093755012031557,0.47865230885017657,0.6249531924613272,0.7353561167676548,0.19214242561582098,0.23414759300019858,0.2710362401564366,0.30267374122754376
11791,"The Cuchifritos Groove Instrumental     {Wildabeast, 6th Sense, Jelani}",Hip-Hop,../data/raw/fma_small/011/011791.mp3,0.5758589199,0.3397552725,0.47278279411371554,0.619490353363127,0.38427158431241293,0.5548958262682933,0.24044896893540119,0.2784435759167971,0.2200812221592374,0.26102623298856426
11792,I Won't Let You Fall Instrumental     {6th Sense},Hip-Hop,../data/raw/fma_small/011/011792.mp3,0.4011729766,0.2454640228,0.3325600273960049,0.604261656090829,0.45762779113776675,0.6811454855033772,0.20565627557530555,0.2698612231993676,0.2330548826674547,0.29142761855787214
11793,What You Talkin Bout Instrumental     {Mekka Don},Hip-Hop,../data/raw/fma_small/011/011793.mp3,0.817792708,0.9038414828,0.8618916229109307,0.5822505361474887,0.651969678469818,0.1456810860888879,0.3272997956210611,0.24745666364761987,0.26532476730444565,0.1599187734268735
11794,Give A What Instrumental     {6th Sense},Hip-Hop,../data/raw/fma_small/011/011794.mp3,0.3533990076,0.4508592842,0.40507095225528156,0.4617609686417861,0.5573898714194585,0.5998534692414478,0.22533149797026214,0.23847456492530214,0.2624056427977927,0.27378829430664314
11795,Stakes Is High Instrumental     {U-N-I},Hip-Hop,../data/raw/fma_small/011/011795.mp3,0.7644878469,0.4277466804,0.619438814836065,0.6752464475474926,0.3452775672202131,0.43757275740784946,0.27387380241910825,0.28959258557555384,0.20820146185672095,0.22833215014861702
11803,D'Evils 2008,Hip-Hop,../data/raw/fma_small/011/011803.mp3,0.5798632213,0.530494416,0.5557273075995068,0.5275778846879358,0.4785077001593568,0.4455055590133493,0.2636042786460826,0.2562874359183773,0.24401493358620693,0.23609335184933308
11818,Future Music,Hip-Hop,../data/raw/fma_small/011/011818.mp3,0.7308414582,0.5782167729,0.6589627734124259,0.5966700628013746,0.45098833526311544,0.3537989621853013,0.28662836428332894,0.269318250610467,0.23280752530729557,0.21124585979890853
11839,Belief feat. John Mayer,Hip-Hop,../data/raw/fma_small/011/011839.mp3,0.8820746952,0.6064072839,0.7568968099678938,0.6829974356024875,0.43682729509449614,0.2905353710644782,0.3046788717604333,0.2829751170335529,0.22122689025173753,0.19111912095427633
11861,Nike Boots Freestyle,Hip-Hop,../data/raw/fma_small/011/011861.mp3,0.5533297236,0.669186787,0.6139970435248999,0.45585697587874846,0.5689135662447485,0.393034170088706,0.27690136031759016,0.23639905195613212,0.26469490624664954,0.22200468147962812
11862,05 A-Trak &amp; Lupe Fiasco feat. 6th Sense - Me &amp; My Sneakers.mp3,Hip-Hop,../data/raw/fma_small/011/011862.mp3,0.2515502612,0.7035428029,0.528322822440114,0.2749221740985769,0.7263434060491554,0.5692380351057791,0.24771433293150696,0.1922651772311374,0.3019606716305642,0.25805981820679147
11868,Classic Freestyle,Hip-Hop,../data/raw/fma_small/011/011868.mp3,0.8598401914,0.6183367001,0.7488876515998063,0.665203739179714,0.44832189698772573,0.2874992577706471,0.30390251022660525,0.279505801058905,0.22500918088786562,0.1915825078266242
11916,comedi humaine,Hip-Hop,../data/raw/fma_small/011/011916.mp3,0.1821698705,0.593758724,0.43916698648924807,0.3148156889706221,0.7146312136494231,0.6457081752014971,0.22575249337823847,0.19935515640493706,0.29734808748321806,0.27754426273360644
11917,court metrage,Hip-Hop,../data/raw/fma_small/011/011917.mp3,0.1560784621,0.5698381794,0.41777747487951505,0.3235735451434555,0.720041357434907,0.669792040126414,0.21979808788786728,0.2000376128004277,0.29736883147657595,0.2827954678351292
11918,deprecie,Hip-Hop,../data/raw/fma_small/011/011918.mp3,0.1862348653,0.6996942787,0.5119841348610435,0.2498669158760543,0.7588760696249496,0.613350316172912,0.24060767380203402,0.18512855552602062,0.30798763382074923,0.26627613685119617
11919,galerie de portraits,Hip-Hop,../data/raw/fma_small/011/011919.mp3,0.4711385096,0.482088658,0.4766450300802213,0.4950775966453896,0.5060157854258849,0.5234150524203283,0.2441232921880499,0.24866483861441624,0.25139971157307367,0.25581215762446013
11920,Ofura,Hip-Hop,../data/raw/fma_small/011/011920.mp3,0.0481005043,0.3617659173,0.2580583630051783,0.45257949734484476,0.720065007077078,0.8103873747269956,0.18052889391951943,0.21929371078422064,0.2865455427931333,0.3136318525031266
11921,l'air du temps live,Hip-Hop,../data/raw/fma_small/011/011921.mp3,0.1611145966,0.3013785448,0.24164740894880946,0.5069663947952302,0.6303006216494421,0.7719458069396278,0.182539074617376,0.23800299162459168,0.2692438488551498,0.31021408490288255
11922,galerie de portraits remix,Hip-Hop,../data/raw/fma_small/011/011922.mp3,0.4092324181,0.4971319354,0.4553083203822015,0.45844708659698286,0.5459608488795341,0.5485811818767223,0.2383339451420484,0.23908319492171845,0.2609490948860795,0.2616337650501538
11933,Tell Me What I Want,Rock,../data/raw/fma_small/011/011933.mp3,0.3234834509,0.5059012111,0.42460427364701564,0.41759738756284115,0.5973318493930402,0.5923716124185135,0.2291359516105444,0.22753603386636095,0.2723377648068565,0.2709902497162382
11937,Wir können auch anders,Pop,../data/raw/fma_small/011/011937.mp3,0.8718107405,0.4499390087,0.69372151429846,0.7289105093909324,0.3308153546928384,0.39937424829418905,0.2876468706208644,0.29794907398138387,0.20010203761544482,0.21430201778230687
12046,Well Water,Folk,../data/raw/fma_small/012/012046.mp3,0.5244880303,0.5292294762,0.5268640870314184,0.4983535793023363,0.5030881989308137,0.4731471860884835,0.25666712262475044,0.24945274411525736,0.250636608335792,0.24324352492420023
12047,Comin' Home Pt. I,Folk,../data/raw/fma_small/012/012047.mp3,0.1276723009,0.3018977943,0.2317784444467445,0.5018201401001683,0.6527242499020184,0.7900323740899181,0.17917810137339585,0.2347267300293746,0.2729602271214054,0.3131349414758242
12048,She Sells Sanctuary,Folk,../data/raw/fma_small/012/012048.mp3,0.1735013213,0.196064474,0.18512696515870197,0.5815561187270505,0.6006418832622906,0.8152951600057927,0.1700800528782446,0.252825209661765,0.2576969143034826,0.3193978231565077
12049,"On a Sunday, Years After",Folk,../data/raw/fma_small/012/012049.mp3,0.3282893389,0.1557747943,0.25694325888667163,0.640503742367914,0.4875761472706629,0.7628602133335458,0.18568713457232483,0.27249592741642964,0.23385378593625575,0.3079631520749899
12050,Echohead,Folk,../data/raw/fma_small/012/012050.mp3,0.4250127997,0.5188232393,0.4742433096768879,0.4539641808262946,0.5476257089228816,0.5301609923158142,0.24309738866701347,0.23821723527170724,0.26160730374415364,0.2570780723171257
12051,Comin' Home Pt. II,Folk,../data/raw/fma_small/012/012051.mp3,0.0520947331,0.1045266309,0.08258231585534843,0.6342658811508249,0.6743330822316465,0.9220620775696355,0.1458047888813174,0.25314241357919076,0.26349105774720716,0.3375617397922846
12052,Breath in a Seed,Folk,../data/raw/fma_small/012/012052.mp3,0.0685286228,0.1824576246,0.13781682937424442,0.5801171035737263,0.6711667867667244,0.8763602176381408,0.1573861074150956,0.24493732055868098,0.26828558439233313,0.32939098763389024
12053,Land Upon Mud II,Folk,../data/raw/fma_small/012/012053.mp3,0.2197428862,0.1866600943,0.2038736457215486,0.5957385073333732,0.567293202162511,0.7969701894800053,0.17459441454918667,0.2583539423970057,0.25110852327953276,0.31594311977427497
12058,Land Upon Mud I,Folk,../data/raw/fma_small/012/012058.mp3,0.3416145112,0.4231754126,0.38456332644415997,0.4740395969175967,0.5534206725862322,0.6189499400159899,0.22018256141700732,0.24079195353751257,0.2606854147810018,0.27834007026447827
12059,Brotha-o-Brotha-o-,Folk,../data/raw/fma_small/012/012059.mp3,0.5249407968,0.3568033687,0.44881593335168435,0.5870539782084297,0.4201130148309422,0.5654127488219057,0.23564785317845383,0.2705823770009206,0.22898022007265967,0.26478954974796604
12060,Heart of Glass,Folk,../data/raw/fma_small/012/012060.mp3,0.4321945606,0.4669092679,0.4498868761495166,0.4852720200378037,0.5198111587216752,0.5507216836402672,0.23727384501086346,0.24582012816627447,0.25445887227105507,0.26244715455180695
12061,Do Insects Sleep?,Folk,../data/raw/fma_small/012/012061.mp3,0.0621665922,0.2761549569,0.20015774454939528,0.5137199293419528,0.6913006079146039,0.8377001692748431,0.16965545270656818,0.23213795218203118,0.2772480228722729,0.3209585722391278
12062,Sleepin' Time,Folk,../data/raw/fma_small/012/012062.mp3,0.6518552697,0.5813773224,0.617622410391921,0.5477956913104799,0.4791682085847585,0.3849998048289462,0.2781091052818774,0.2593521479093503,0.24215046761212736,0.220388279196645
12064,Beatle Bones 'N' Smokin' Stones,Folk,../data/raw/fma_small/012/012064.mp3,0.0735099979,0.4011507205,0.288379628570507,0.4266287492357536,0.7138997214416487,0.780065440699986,0.18819214559212263,0.21609380862180133,0.288006654215648,0.30770739157042787
12065,So Old Again,Folk,../data/raw/fma_small/012/012065.mp3,0.4193574104,0.6314903001,0.5360226845842356,0.394753110549988,0.6065994625689105,0.48628449274975966,0.2568805007608019,0.22303783598024018,0.2756653905546685,0.24441627270428942
12066,Apes &amp; History (Swimmin in Paper),Folk,../data/raw/fma_small/012/012066.mp3,0.0591716211,0.0448847824,0.05251630430017574,0.676663269150431,0.6660227782271029,0.9479987124027904,0.13962452011373466,0.26063052340999276,0.2578719887992857,0.341872967676987
12067,For Four Beating Lungs,Folk,../data/raw/fma_small/012/012067.mp3,0.1230461871,0.2345804663,0.1873077138419206,0.5481821899375122,0.6419018558663674,0.8230780802965699,0.16953193765793148,0.24320769930744118,0.26710329970443075,0.3201570633301965
12109,The Mysticism of my Fucking Sound,International,../data/raw/fma_small/012/012109.mp3,0.5028441126,0.2955139865,0.4124201242626283,0.6120264474651416,0.40895751160334715,0.6096984990934469,0.2254512620855833,0.2752584091602543,0.22467196167779402,0.27461836707636855
12146,Kokoro (I Fall To Pieces),Pop,../data/raw/fma_small/012/012146.mp3,0.9850936269,0.84820603,0.9192015347809633,0.7047875080786254,0.5998648469811168,0.10785084442728597,0.3358068127604531,0.2710008631376364,0.24400759327459856,0.14918473082731207
12147,Capture Me Burning,Pop,../data/raw/fma_small/012/012147.mp3,0.8613249044,0.970143647,0.9173492483111678,0.6094144701080413,0.6929680649041952,0.10030499477625665,0.33605434933123035,0.2469875974566867,0.2685109559601937,0.14844709725188918
12173,Mit der Schaufel aufs Ei,Hip-Hop,../data/raw/fma_small/012/012173.mp3,0.8052493008,0.423244018,0.6432580878666326,0.7003834304192501,0.32944144670310777,0.43045051841743276,0.2779512527905782,0.29429159372135,0.20308591324731282,0.22467124024075893
12174,Ode To Charles,Hip-Hop,../data/raw/fma_small/012/012174.mp3,0.6492099005,0.7723674086,0.7134510875928002,0.4864617618963999,0.5998354390058573,0.2956943443614531,0.29868108553034844,0.23802770510254231,0.2666030243956215,0.19668818497148768
12179,U Fine,Pop,../data/raw/fma_small/012/012179.mp3,0.2186105585,0.1958791934,0.20755629922350768,0.5892371542489138,0.5696218560127044,0.7928365944173859,0.17554540737729465,0.25712917779773675,0.2521346569380368,0.31519075788693185
12188,Gimme,Pop,../data/raw/fma_small/012/012188.mp3,0.8368345931,0.4965008808,0.688042607998959,0.6905807336018064,0.36955112950985436,0.3742554695953142,0.28897882428194877,0.2897132204351257,0.21015848457967773,0.21114947070324774
12189,Ultraviolence,Electronic,../data/raw/fma_small/012/012189.mp3,0.4775709694,0.4136335875,0.4467475660380121,0.5347427421301647,0.4711819376428684,0.555318675051441,0.23632827006242316,0.2580664189160122,0.24217392950397068,0.263431381517594
12348,Fools With Tools,Folk,../data/raw/fma_small/012/012348.mp3,0.2794159098,0.5560875903,0.4400605973812143,0.37089855630281326,0.6436127869826013,0.598456204970348,0.2309173274122902,0.21548638209130988,0.2830467125610534,0.27054957793534645
12349,Knickers to the Right,Folk,../data/raw/fma_small/012/012349.mp3,0.2693933676,0.5758465681,0.4495397960689446,0.35530192815365963,0.65779378276912,0.5973659619945786,0.23250928376533397,0.21159885450740473,0.28634120983821937,0.2695506518890418
12350,It's Not Like You (Always),Folk,../data/raw/fma_small/012/012350.mp3,0.5831042478,0.509322565,0.547457778746719,0.5388761031167476,0.4654092518529165,0.45528365521978875,0.26146329336558755,0.25922910046361014,0.24086711158975954,0.23844049458104283
12351,Gadget,Folk,../data/raw/fma_small/012/012351.mp3,0.0925246038,0.2832236008,0.21068508532696936,0.5110426639520739,0.6722080045486161,0.8177041033156384,0.1732566842079685,0.23395570375312905,0.2748696919289869,0.31791792010991554
12352,Try To Find Me,Folk,../data/raw/fma_small/012/012352.mp3,0.0560310146,0.2418321442,0.17553099521946972,0.5375676572141755,0.6890428982891685,0.8561238061651699,0.16440744450673123,0.23613045470576322,0.27474947090632057,0.32471262988118493
12353,10 Acres of the Finest Sand,Folk,../data/raw/fma_small/012/012353.mp3,0.0945467949,0.3949771252,0.2871811500230465,0.4330079534241369,0.6985171565742387,0.7700318778002373,0.1891604983168583,0.21885789885559473,0.2854114600811179,0.3065701427464291
12355,God Forsaken Town,Folk,../data/raw/fma_small/012/012355.mp3,0.0378674923,0.1030873917,0.07765615655117045,0.6347779824082589,0.6842243684277108,0.930094400934819,0.14440171099300736,0.25207354778709656,0.2648509691558777,0.33867377206401844
12376,"Good Morning, Bubblegum",Pop,../data/raw/fma_small/012/012376.mp3,0.9693621689,0.3976713112,0.7408797089426998,0.8069891151205322,0.2820293853892173,0.42646132652682545,0.2914970130588174,0.31141896661862584,0.1842289790699254,0.21285504125263133
12387,Spherical Hearts (Trondheim Remix),Pop,../data/raw/fma_small/012/012387.mp3,0.7092559212,0.4093707426,0.5790631945885251,0.6526434254070657,0.3550468449755159,0.46549706715195105,0.2653715035539949,0.2856339155280377,0.21211199104374376,0.23688258987422356
12390,Varal,Pop,../data/raw/fma_small/012/012390.mp3,0.3159425616,0.2927757318,0.3045794899212645,0.5477161070122895,0.5261426651400717,0.6957372868264986,0.19992160073488516,0.25494858833598827,0.24950737368202178,0.2956224372471049
12394,Is It Too Late For Us All?,Hip-Hop,../data/raw/fma_small/012/012394.mp3,0.0358849915,0.3368541723,0.23953962721319527,0.46960095901247534,0.722145581933059,0.827429797146221,0.1760825385439259,0.22163107737571053,0.2853050072319877,0.3169813768483758
12481,Haystack (A.P.),Folk,../data/raw/fma_small/012/012481.mp3,0.0730306379,0.2174439509,0.16219640232613441,0.5557550917693342,0.6732585202041941,0.8578071369063919,0.16248959206758232,0.24084959230648625,0.270880040739525,0.32578077488640644
12482,She Said Nothing II,Folk,../data/raw/fma_small/012/012482.mp3,0.0559026203,0.2467527137,0.17890221445627794,0.5340910864612516,0.6900024507473578,0.8540202973801969,0.1650753575310304,0.23547175123143949,0.27520115919449406,0.32425173204303603
12484,Frost Farm,Folk,../data/raw/fma_small/012/012484.mp3,0.0596244838,0.2970213627,0.21421574284886416,0.49886573522771704,0.6973262512513714,0.8302063225393376,0.17235746598196516,0.2291142077717289,0.27941024643621537,0.3191180798100906
12485,Got Wings?,Folk,../data/raw/fma_small/012/012485.mp3,0.63735238,0.6119731746,0.6247916543623427,0.5276281235499424,0.5030032120780475,0.3755516698948804,0.2799445358940876,0.25402380081957476,0.2478448771679753,0.2181867861183624
12486,I'm So Glad,Folk,../data/raw/fma_small/012/012486.mp3,0.0558327611,0.0446565972,0.050554470057220066,0.6766824641164911,0.6683733936526545,0.9497717600259371,0.1392193177950642,0.2603894798597887,0.2582348492089538,0.3421563531361933
12487,So Po Swing,Folk,../data/raw/fma_small/012/012487.mp3,0.5760908546,0.3455103682,0.47500425644801214,0.6165376512782726,0.3867016796494799,0.551387178708146,0.24114406741136676,0.27780736443227155,0.2207634945710734,0.2602850735852882
12488,Moon Perfume,Folk,../data/raw/fma_small/012/012488.mp3,0.0387865617,0.1994532991,0.14367674810208847,0.5667360133652978,0.6941588047739443,0.8845355544833632,0.1572710378577483,0.24009386185636855,0.2727219367369605,0.32991316354892264
12489,'Preese 'Preese,Folk,../data/raw/fma_small/012/012489.mp3,0.1834228102,0.336253805,0.27084178839189793,0.48693066173668054,0.6244457255353115,0.7440958669011147,0.1897312560271406,0.23549684168807133,0.27021354831574923,0.30455835396903874
12490,I've Been A Baby All My Life (I Hope You Don't Expect A Man),Folk,../data/raw/fma_small/012/012490.mp3,0.1629731593,0.300117114,0.24148554073475306,0.5081320225925109,0.628762361376662,0.7715082585973763,0.18256457531469114,0.23835244261963912,0.2689110802917017,0.3101719017739681
12508,Satie (First Gnossienne),Folk,../data/raw/fma_small/012/012508.mp3,0.0719510051,0.2181321007,0.16241699494002337,0.5552001256712281,0.6741129542927858,0.858077021278013,0.16248941535243705,0.24066260999034142,0.2710514953875312,0.32579647926969035
12513,My Last Days As A Fish,Folk,../data/raw/fma_small/012/012513.mp3,0.5433627867,0.563945747,0.5537499090427815,0.49263903089877975,0.5131044484945427,0.4464643637121431,0.263216248656704,0.24761250748550068,0.25273221059355605,0.2364390332642392
12514,Indang Pariman,Folk,../data/raw/fma_small/012/012514.mp3,0.5434792018,0.5105296314,0.5272618644120703,0.5171802802343612,0.4842787129983028,0.47328241089574885,0.25671646205323523,0.25414135581714126,0.2459157663165949,0.24322641581302865
12518,When you walk,Pop,../data/raw/fma_small/012/012518.mp3,0.5640880663,0.3129827019,0.45615431502436615,0.6285650779476607,0.37945842040380223,0.5753312010619177,0.2357986475814548,0.280167885781496,0.21838997875982058,0.26564348787722863
12521,Never Get Out,Rock,../data/raw/fma_small/012/012521.mp3,0.9475294488,0.4039507167,0.7283502721444111,0.791544946438822,0.2880358834118376,0.4231004058528397,0.2901909046786771,0.3091212740923544,0.18683476370120608,0.21385305752776246
12526,Time (Reprise) (Closing Credits),Hip-Hop,../data/raw/fma_small/012/012526.mp3,0.7433384661,0.5826638015,0.6678507246242726,0.6027941513329124,0.45020675725844683,0.346442380174779,0.2884709696597854,0.27030146752087475,0.23204944835655253,0.2091781144627873
12527,Solid Ground,Pop,../data/raw/fma_small/012/012527.mp3,0.3199972696,0.2574782858,0.2904249646724275,0.5717240368438087,0.5141491909018051,0.7119488076434854,0.19608387639803596,0.2597816786228656,0.24524721306354824,0.2988872319155502
12530,Stalker,Pop,../data/raw/fma_small/012/012530.mp3,0.2468467097,0.398087432,0.33121511258249575,0.46001741141291086,0.6023759134486001,0.6817399130922549,0.20539095232966145,0.23362506554374143,0.26936734649273253,0.2916166356338645
12531,Que Le Hip-Hop Renaisse,Hip-Hop,../data/raw/fma_small/012/012531.mp3,0.7026632975,0.4658254269,0.5961245834555645,0.624130669091073,0.39077003659450443,0.43229133070195885,0.2708820215217012,0.27857559722465686,0.22059508673476244,0.22994729451887955
12532,Sweet Man Like Me,Pop,../data/raw/fma_small/012/012532.mp3,0.2729863789,0.4620128857,0.3794584757373167,0.42658627393399307,0.6090996272440887,0.6395228457286634,0.21722989390827824,0.22771253222681975,0.2733074530629071,0.28175012080199496
12537,Maree Lunaire,Pop,../data/raw/fma_small/012/012537.mp3,0.1326713424,0.3809031845,0.28520950287153746,0.44770668526193524,0.6698306637712471,0.7535050986079852,0.1907387864796975,0.2243936923622709,0.2802062790602022,0.3046612420978294
12551,I Don't Want To Live On The Moon,Pop,../data/raw/fma_small/012/012551.mp3,0.263416485,0.2133469253,0.2396926731303222,0.5866051928276458,0.5422509497938749,0.7620296367283621,0.18335259007509344,0.2593876187782789,0.24813409296473024,0.3091256981818975
12986,I Will Swallow The Sea,Folk,../data/raw/fma_small/012/012986.mp3,0.7722864978,0.2650684048,0.5773593741801574,0.753840462003535,0.24709785339760243,0.5440486599135255,0.2577993595505027,0.307557694499883,0.1852896146225717,0.24935333132704243
13191,Outside To Play,Pop,../data/raw/fma_small/013/013191.mp3,0.3808954642,0.1498959283,0.28943923711985925,0.6586950308636965,0.4504215889414339,0.7436287242196378,0.19244765237895298,0.2784058593617253,0.22606137492638886,0.30308511333293287
13197,Different Day,Pop,../data/raw/fma_small/013/013197.mp3,0.0630628628,0.1672363262,0.12638218518724154,0.5905388476067447,0.672985582262133,0.8863821228638933,0.15488689682934212,0.24637427310405197,0.26754788235080895,0.3311909477157969
13199,No Mas,Hip-Hop,../data/raw/fma_small/013/013199.mp3,0.7586973609,0.403015198,0.6074713718586267,0.6826465187985666,0.3321507289286026,0.45531188072331474,0.27054426163030626,0.2916664517372126,0.20543199835343567,0.23235728827904548
13201,Moy Moy Moy,Hip-Hop,../data/raw/fma_small/013/013201.mp3,0.3969966512,0.3797654874,0.3884766186555981,0.5207193061929689,0.5039022048394777,0.6116796094705846,0.22154230493770827,0.2528651270030901,0.24864822594284802,0.27694434211635366
13218,Perdon,Pop,../data/raw/fma_small/013/013218.mp3,0.4446586866,0.1810963124,0.33949758609871983,0.6589099320596539,0.41303743700402956,0.69964534727736,0.20465921538183138,0.28167631086155287,0.22027705232046702,0.2933874214361488
13220,Horse On A Rock,Pop,../data/raw/fma_small/013/013220.mp3,0.4435292096,0.5064044458,0.4760061042121234,0.4692306100918853,0.5320268805682687,0.5259735315081957,0.24377734444407126,0.24213121544625893,0.25782371141311755,0.25626772869655234
13328,Street Wild Lover,Pop,../data/raw/fma_small/013/013328.mp3,0.4881573304,0.6461903422,0.5726515247407483,0.4263090740154423,0.5829000243505775,0.4399796542885863,0.2666726811687467,0.23036834834341888,0.2694197285507787,0.2335392419370557
13362,All The Working Girls,Pop,../data/raw/fma_small/013/013362.mp3,0.5960818711,0.2965866757,0.4707851172545995,0.6519600838459567,0.3543398870130584,0.5735591336805883,0.23826856929868595,0.2855946353446317,0.21207781297191272,0.2640589823847696
13378,I Wish,Pop,../data/raw/fma_small/013/013378.mp3,0.9228148179,0.5368466966,0.7549144202444877,0.7301021060735761,0.3835113609700126,0.332015462581295,0.30116820038250774,0.2937874655906994,0.20773554544959014,0.19730878857720274
13474,Then,Electronic,../data/raw/fma_small/013/013474.mp3,0.595349013,0.5333815593,0.565215151549113,0.5348706462694385,0.4734122458710661,0.4367351545738982,0.2658282543437903,0.2578829847641036,0.24251111253483965,0.2337776483572664
13556,Let Me Go,Rock,../data/raw/fma_small/013/013556.mp3,0.9018224131,0.5536465336,0.7482673816680783,0.711517772700304,0.39759484575180487,0.32316424271320837,0.3010385098362631,0.2901762761919325,0.2119956297991069,0.19678958417269754
13561,The Dao of Sun Zoo,Hip-Hop,../data/raw/fma_small/013/013561.mp3,0.6630685878,0.4396946428,0.5625794748451572,0.6138412031764021,0.3916976866373516,0.46231205361428,0.2631499281840599,0.2769911807470653,0.22181465608930345,0.23804423497957136
13562,It's Not Jazzz,Electronic,../data/raw/fma_small/013/013562.mp3,0.7099116552,0.5522799487,0.6359983097166525,0.5934761168424886,0.4411147183697673,0.37722969933773665,0.2814284298009722,0.2697123380893829,0.23159602401463242,0.21726320809501254
13566,New Pirates (featuring DJ HDL),Hip-Hop,../data/raw/fma_small/013/013566.mp3,0.3960530119,0.2624282074,0.3359513002462105,0.5919755643074462,0.46562889111084965,0.6740786725873468,0.20692946974942403,0.2673081929436098,0.23558118772454478,0.2901811495824214
13591,Johnny Marr,Hip-Hop,../data/raw/fma_small/013/013591.mp3,0.8728907485,0.4791873553,0.7041160345767943,0.7187433720377179,0.35055476269500224,0.3790795250975042,0.29074679856602265,0.2950309062638271,0.20415744972046557,0.21006484544968462
13596,Insane,Rock,../data/raw/fma_small/013/013596.mp3,0.3175380519,0.4169794095,0.3706091218193474,0.4694376547271297,0.5655201758343444,0.6346917832898957,0.21638859087196666,0.238866389553876,0.2629560419133676,0.28178897766078975
13666,Seven Faces of Him,Rock,../data/raw/fma_small/013/013666.mp3,0.05163488,0.7099950616,0.5033682291965804,0.20828949220856313,0.837702031849333,0.7012486239305579,0.22934207208397475,0.17073897299966842,0.3203930284970964,0.27952592641926044
13668,No Time For Lookin' Back,Electronic,../data/raw/fma_small/013/013668.mp3,0.2941244062,0.2927917864,0.2934588527424295,0.5415960781365601,0.5403644067228177,0.7065422178843263,0.19711560621274687,0.2526304163017076,0.2523194501830581,0.2979345273024873
13670,Nada P Flojos,Hip-Hop,../data/raw/fma_small/013/013670.mp3,0.9609997752,0.5494122861,0.7827433896405893,0.7505164408099527,0.3894707162625188,0.3198048666390794,0.3055709081988768,0.295880278578951,0.20621291102245354,0.1923359021997186
13735,Funktions Prod. Sci Fi,Hip-Hop,../data/raw/fma_small/013/013735.mp3,0.1892344286,0.6004424348,0.44516333321384455,0.31261471244658395,0.7133974801175431,0.639134985615762,0.22739802865441655,0.19916891652741453,0.2973577796591337,0.2760752751590352
13747,Must Be a Hit,Hip-Hop,../data/raw/fma_small/013/013747.mp3,0.7356249213,0.8521456467,0.7960201718635628,0.5305680609626782,0.6308907930170611,0.2141904433295197,0.31510771137355137,0.241643236807401,0.26714327965787665,0.176105772161171
13748,Speak Your Mind feat. Hard Target,Hip-Hop,../data/raw/fma_small/013/013748.mp3,0.7038543972,0.8626700429,0.7872771479519977,0.5070850666184438,0.644942563712019,0.23082648805419104,0.3128705876402437,0.23641708764711297,0.27136236360498595,0.17934996110765733
13749,110% (radio edit),Hip-Hop,../data/raw/fma_small/013/013749.mp3,0.8432896913,0.8895635305,0.866735478173264,0.6013874446845701,0.6387023546412185,0.1355624111774236,0.3284740111254971,0.25191952405815154,0.26149746711928207,0.15810899769706915
13767,Deranged Barber,Hip-Hop,../data/raw/fma_small/013/013767.mp3,0.6228095579,0.4445628622,0.5410766506970383,0.590085654570186,0.4122552413608889,0.47475416989166597,0.25871950768253343,0.27171493857746304,0.22744832815266022,0.24211722558734322
13768,Just a Feelin',Hip-Hop,../data/raw/fma_small/013/013768.mp3,0.8374895821,0.4453594025,0.6707211781065174,0.7102869112271426,0.3352272612133369,0.40867825261517743,0.28370229083343035,0.29515219830332934,0.20284284156628823,0.2183026692969521
13927,Deep River Blues,Folk,../data/raw/fma_small/013/013927.mp3,0.8165242108,0.3791991746,0.6365939839646162,0.725294923338046,0.2978719349316784,0.45774284813631105,0.2745996910459774,0.300069858015741,0.19570184835463636,0.22962860258364523
13928,Shady Groove,Folk,../data/raw/fma_small/013/013928.mp3,0.8198704254,0.3623579708,0.6338338952154068,0.7344300075050959,0.2861380459217811,0.46852642457382837,0.27324071949740103,0.3021577631034104,0.19299365520389067,0.23160786219529794
13929,Home On The Range,Folk,../data/raw/fma_small/013/013929.mp3,0.3600904686,0.0858826706,0.26176418651713573,0.6947213964914121,0.45654136805220386,0.7890166982662521,0.18344849234979713,0.282842764969401,0.22289729704050062,0.31081144564030133
13930,John Henry,Folk,../data/raw/fma_small/013/013930.mp3,0.9408478611,0.7294484849,0.8418104863505057,0.6922401389905638,0.5174910954109985,0.1958278553466672,0.32172502403275577,0.2770302956320034,0.23261339513476118,0.16863128520047968
14344,Ecclesia,Electronic,../data/raw/fma_small/014/014344.mp3,0.1595228741,0.2029799896,0.1825492036947033,0.5747557935067469,0.6113929486586922,0.8190368417046757,0.16933206603566306,0.2506526872189025,0.26000618515883006,0.3200090615866043
14358,Rain,Hip-Hop,../data/raw/fma_small/014/014358.mp3,0.9614480941,0.6025825277,0.8023366314514886,0.7356368278362101,0.4269613285403279,0.28233570154856763,0.31084597242225764,0.2907889424520715,0.21356093911685733,0.18480414600881345
14363,4:15 p.m. (Thursday),Hip-Hop,../data/raw/fma_small/014/014363.mp3,0.3603220428,0.7364503194,0.5797374610424649,0.315666286346774,0.6897633514010175,0.48920666546559183,0.263319208494118,0.20220779201657887,0.29394506821726574,0.24052793127203734
14365,Requiem for Stateway,Hip-Hop,../data/raw/fma_small/014/014365.mp3,0.565653204,0.4612788638,0.516111294869665,0.5523513418939455,0.4480152505127947,0.4893248418913986,0.25350826333288745,0.2628639154456502,0.23682000383984736,0.246807817381615
14386,I Love Hip Hop,Hip-Hop,../data/raw/fma_small/014/014386.mp3,0.3384434529,0.5139434067,0.4351331957580783,0.4188048368281317,0.5923659723098872,0.5804774228603882,0.2319911209629058,0.22823384522326456,0.2714917835569669,0.26828325025686267
14391,Freeze,Hip-Hop,../data/raw/fma_small/014/014391.mp3,0.3168072016,0.4501243286,0.3892163371334918,0.44873714855315006,0.5785172041448827,0.6201272666893561,0.22077592680141325,0.23431563939029768,0.2667866161166656,0.2781218176916235
14538,Infrared Beams,Hip-Hop,../data/raw/fma_small/014/014538.mp3,0.5836589285,0.5236104106,0.5544481972675485,0.5327310699154257,0.4730262941457211,0.4473739647691116,0.2632423633665311,0.2575871254626557,0.2426580470301296,0.2365124641406835
14539,Intro,Hip-Hop,../data/raw/fma_small/014/014539.mp3,0.6445485211,0.7364446097,0.69202364815387,0.4923942728182276,0.578228508899545,0.31289550780442854,0.29446989240001303,0.24118092780129227,0.26279693552377636,0.20155224427491836
14541,Different,Hip-Hop,../data/raw/fma_small/014/014541.mp3,0.939275117,0.5658445185,0.7753766067311614,0.7316859734653455,0.40240994677807135,0.30998265558887367,0.3054530132559864,0.29239491312595833,0.21036188385498408,0.19179018976307124
14542,Due Damage,Hip-Hop,../data/raw/fma_small/014/014542.mp3,0.6984322767,0.6095254148,0.6554879390284223,0.5658082921023062,0.4808660536071648,0.3488649405023794,0.2865389859224066,0.26196082154432737,0.24062813126192853,0.21087206127133737
14568,Monkey Dance,Instrumental,../data/raw/fma_small/014/014568.mp3,0.7809204655,0.6127986616,0.7019113096023913,0.6163447289851225,0.4601728165023918,0.3145796551713795,0.2956725864736059,0.27142507507638153,0.23218029935592496,0.2007220390940876
14569,Gretchen's Tango,Instrumental,../data/raw/fma_small/014/014569.mp3,0.231599744,0.22731642,0.2294680764534382,0.5703851138583833,0.5666179083926318,0.7705448942866605,0.1809941251059649,0.25452055785788164,0.25356353041251606,0.31092178662363734
14570,So Wunsch Ich Dir,Instrumental,../data/raw/fma_small/014/014570.mp3,0.0981156241,0.0017436036,0.06938917727587796,0.7092751612195531,0.6377297498337546,0.9512915589991446,0.14130100778682647,0.26794410782208966,0.24944363914730494,0.34131124524377887
14571,Through the Doors of the Circus,Instrumental,../data/raw/fma_small/014/014571.mp3,0.0997190339,0.5375216312,0.3865704267852484,0.33453708862386106,0.7414294713355606,0.7156787196535391,0.2098633594643189,0.19922270340275322,0.2992608778858525,0.2916530592470754
14576,Funeral March For A Marionette,Instrumental,../data/raw/fma_small/014/014576.mp3,0.1575759285,0.173511595,0.16573540183388868,0.594942542117338,0.6081877135564648,0.8344942779438577,0.16544315484273805,0.2541271674109871,0.2575155153997199,0.322914162346555
14577,Garden Theme,Instrumental,../data/raw/fma_small/014/014577.mp3,0.1538474231,0.397975513,0.30170642895215505,0.439375985086875,0.6611953918253376,0.7343050000994559,0.1952571728151137,0.22407640349936858,0.27972486287702214,0.3009415608084955
14578,Vespers,Instrumental,../data/raw/fma_small/014/014578.mp3,0.0486215889,0.3299114845,0.23580250901141228,0.47506982513739726,0.7120261472418531,0.8228424818007861,0.1760886554728332,0.22368860056508616,0.28349974699103736,0.3167229969710434
14579,Gretchen's Waltz,Instrumental,../data/raw/fma_small/014/014579.mp3,0.0356921416,0.2802326498,0.19975518389509178,0.5095777503904206,0.7100774548547234,0.8508685809764994,0.16816088970703158,0.22923410282246237,0.28012711125110945,0.32247789621939665
14580,Music For Darkness,Instrumental,../data/raw/fma_small/014/014580.mp3,0.1834431016,0.8779378016,0.6342027101025621,0.15580524991615155,0.8478030289527364,0.583808336957802,0.2625527885980618,0.16272386769670916,0.32507388016662553,0.24964946353860354
14581,Dance With a Ball of Emperor Rudolf II,Instrumental,../data/raw/fma_small/014/014581.mp3,0.4007438268,0.0391112836,0.28471503931400255,0.7361734646206516,0.4246396434761761,0.8007543588464404,0.18531672409858066,0.29105865449526924,0.2131489010748316,0.31047572033131854
14583,Ride On A Chair Running,Instrumental,../data/raw/fma_small/014/014583.mp3,0.9628203728,0.7333425316,0.8558079045358917,0.70644507066446,0.5192174849387431,0.19037926637665667,0.32367581735645645,0.2787679226774855,0.231169690461042,0.16638656950501607
14584,Dream Garden,Instrumental,../data/raw/fma_small/014/014584.mp3,0.0376406015,0.1178625156,0.08748824911050067,0.6243329865804153,0.6855753731227667,0.9231202936954755,0.1462948879393098,0.2502521732743124,0.26605724412675935,0.33739569465961844
14585,The Dream of Sergei Prokofiev and Waltz,Instrumental,../data/raw/fma_small/014/014585.mp3,0.081258632,0.5339827617,0.38192967616255635,0.3344959130297935,0.751406444964132,0.7284427800683011,0.20769385362490342,0.19807215326640823,0.30052829422092014,0.29370569888776815
14586,Music for an Underground Circus,Instrumental,../data/raw/fma_small/014/014586.mp3,0.070292223,0.0492936732,0.06070775416629299,0.674085868577524,0.6583260654234457,0.9402656726776293,0.1413571921624398,0.2610385452053934,0.2569568767435369,0.3406473858886299
14588,Music To Watch Girls Smash By,Instrumental,../data/raw/fma_small/014/014588.mp3,0.9003565273,0.834016893,0.86782084961733,0.6473763465176531,0.5939330768113059,0.1368926832615408,0.32851063611334397,0.2635187998509371,0.24980520706567852,0.15816535697004044
14589,Sad Story,Instrumental,../data/raw/fma_small/014/014589.mp3,0.1778597515,0.3031245992,0.2485141986323944,0.5085614099810378,0.6195962842221547,0.7620859244349689,0.18458551652193322,0.239405812344508,0.267520164785159,0.3084885063483999
14590,Helen Entrance,Instrumental,../data/raw/fma_small/014/014590.mp3,0.1825810659,0.3893520752,0.3040813082776764,0.4506810034202277,0.6402221303140522,0.7214792449848182,0.1970275276218977,0.2281362751065426,0.2757471369026573,0.2990890603689024
14653,Bad Sign,Rock,../data/raw/fma_small/014/014653.mp3,0.8009866274,0.6610260252,0.7343483448831819,0.6150133871979281,0.4881402096044421,0.2779475472686685,0.30277067023511267,0.2687121406040563,0.23669384664549048,0.19182334251534064
14733,Mania,Rock,../data/raw/fma_small/014/014733.mp3,0.5569079995,0.7021224145,0.6336885689557615,0.4465857005382068,0.5870717187237015,0.37753249982643994,0.28106999736432847,0.2331077681390709,0.2682681095010988,0.2175541249955018
14734,Shark,Rock,../data/raw/fma_small/014/014734.mp3,0.5422045255,0.661369814,0.6047296000457868,0.4520266310423949,0.5687647700689076,0.4026456875114117,0.2747188416544842,0.23581443696091695,0.2650141844300188,0.22445253695458023
14735,Start,Rock,../data/raw/fma_small/014/014735.mp3,0.286459198,0.5860986729,0.4612865305284473,0.35593059765489704,0.652936494038258,0.5832901442223862,0.2357929572783579,0.21221463408218183,0.28560338533666435,0.2663890233027958
14736,Hazing,Rock,../data/raw/fma_small/014/014736.mp3,0.2842799713,0.5664738951,0.4481672544441944,0.3665787676012446,0.6454253765200493,0.5916925059150634,0.23288062399768844,0.21463469544295513,0.28366220209653653,0.2688224784628199
14737,Speed and Sleep,Rock,../data/raw/fma_small/014/014737.mp3,0.5028419758,0.5477720707,0.5257871689502386,0.47820505678286873,0.5230775958045869,0.4752242634090843,0.25631033542812737,0.24440015118633396,0.2556167838649693,0.24367272952056934
14738,Devil's Roof,Rock,../data/raw/fma_small/014/014738.mp3,0.5637416624,0.563519138,0.5636304111817328,0.5041429384697254,0.503922194399978,0.43636961398439433,0.2656190148570066,0.25027880949085496,0.2502235680252137,0.23387860762692464
14739,Say Goodbye,Rock,../data/raw/fma_small/014/014739.mp3,0.3348846601,0.5922815974,0.481116007938308,0.37308312169608276,0.6297522949497636,0.5516396972612596,0.2420768852231398,0.21728774673924123,0.28086992736969857,0.2597654406679203
14740,Tar Kissers,Rock,../data/raw/fma_small/014/014740.mp3,0.5707804323,0.5909456738,0.5809505535239254,0.49654594131837937,0.5164524308585985,0.4192582015175797,0.2697380789439525,0.24790529493681968,0.2528896651597145,0.22946696095951336
14741,Limbo,Rock,../data/raw/fma_small/014/014741.mp3,0.9307337118,0.5647099745,0.7697930233448456,0.7265475375296498,0.4023028548126375,0.3116690752872316,0.3046351321616234,0.29174183563846573,0.21095073102455125,0.19267230117535966
14742,Bright Yellow Gun,Rock,../data/raw/fma_small/014/014742.mp3,0.7483750192,0.7253259647,0.7369406096934088,0.5636980552701002,0.5428687161877105,0.26340174318954873,0.3041985465394431,0.25581078431250187,0.2505375246557792,0.1894531444922758
14743,Vicky's Box,Rock,../data/raw/fma_small/014/014743.mp3,0.4934352077,0.5428690467,0.5187413161022114,0.475629589419597,0.5250308041738642,0.48248139718693245,0.2545498703270092,0.24380897863618084,0.2561559039705526,0.24548524706625732
14744,Bea,Rock,../data/raw/fma_small/014/014744.mp3,0.2419696209,0.7155498655,0.5341165169958506,0.26406549988171285,0.7370962168046847,0.5725041199221005,0.24829162479606526,0.18953106541024445,0.30416905888138146,0.2580082509123088
14745,Pearl,Rock,../data/raw/fma_small/014/014745.mp3,0.0456416014,0.4985683118,0.35401519551387794,0.35603152508553126,0.7613705781383525,0.7623102029060933,0.19963636962382827,0.20003930843168008,0.3000211410822272,0.3003031808622644
14869,ukelele,Electronic,../data/raw/fma_small/014/014869.mp3,0.0522069934,0.5003709539,0.35573632206078104,0.3552145505653334,0.7578531107235303,0.7576083312195898,0.20043758301433334,0.20033302767626965,0.29965136442268087,0.2995780248867162
15210,Go Away,Hip-Hop,../data/raw/fma_small/015/015210.mp3,0.7886741556,0.6417954576,0.7189952479353972,0.6125020073058399,0.4777865746896654,0.29408256213805534,0.2995370066907971,0.26927811516031136,0.23533953431268834,0.1958453438362032
16155,Nihilist,Pop,../data/raw/fma_small/016/016155.mp3,0.9619901791,0.5467826646,0.7824309512640479,0.7519411738267582,0.38756678701349406,0.3215981184583689,0.3053901346353122,0.29621937504559087,0.20576318598569246,0.19262730433340428
16158,Animals,Pop,../data/raw/fma_small/016/016158.mp3,0.1994467136,0.0863229645,0.15367277860100773,0.6612808468290566,0.5693580677244806,0.8589794204653299,0.16125939858255586,0.26790228558201923,0.24437392429892152,0.32646439153650336
16162,Rock da Dam (Featuring Portformat),Hip-Hop,../data/raw/fma_small/016/016162.mp3,0.5179123516,0.3676289396,0.44910145912213556,0.5779819901914169,0.4286954268307876,0.5622729136154713,0.23600608465625647,0.26846971605055076,0.2312389415312427,0.26428525776195005
16163,11:11,Pop,../data/raw/fma_small/016/016163.mp3,0.963822025,0.3777431156,0.7319982094439492,0.811220230904745,0.2683269528563014,0.4407450941634493,0.289122510943655,0.3129591068762647,0.18184946964720908,0.2160689125328713
16334,Kapi Radja (Ape King),International,../data/raw/fma_small/016/016334.mp3,0.1795136804,0.4872018857,0.3671449569859221,0.38417903865280645,0.6747456847140221,0.6841636159137626,0.21051009600641948,0.214126657124207,0.28632695057920304,0.28903629629017047
16337,Falling,Pop,../data/raw/fma_small/016/016337.mp3,0.0782231501,0.1656916419,0.12956191841564588,0.5925324031675757,0.6622409988845015,0.8791311043886131,0.15604605230836902,0.24792385321791974,0.2658228876888115,0.3302072067848997
16338,Black Elk Mountain,Pop,../data/raw/fma_small/016/016338.mp3,0.3371086338,0.2060829697,0.27938541603211287,0.6098960903231277,0.4908641124501126,0.7313443834415061,0.19236060052182075,0.2677041392183997,0.23766222304045337,0.30227303721932625
16339,This Is No Chanson,Pop,../data/raw/fma_small/016/016339.mp3,0.7238434737,0.3662841304,0.573634656641737,0.6802739072612468,0.32436591312972973,0.48880375939683957,0.2624278652003156,0.2919596172601456,0.20452853506494517,0.24108398247459378
16340,Barefoot Girl/ Pebble Road,Pop,../data/raw/fma_small/016/016340.mp3,0.7804525232,0.3724784728,0.6114925811768557,0.7081276043442547,0.3057297068234185,0.47009805448898995,0.2698205969715591,0.2971961342890993,0.1987393978847595,0.23424387085458206
16354,Rose of Los Angeles,Rock,../data/raw/fma_small/016/016354.mp3,0.1010979143,0.2046624654,0.16141176075400504,0.5669138304096206,0.6518863721613668,0.8487009937602925,0.16335959016722532,0.24504844245308643,0.2667810960244001,0.32481087135528824
16819,Mission Bucharest,Rock,../data/raw/fma_small/016/016819.mp3,0.8390209238,0.8516879605,0.8453781676370804,0.6024751329452755,0.612897481245785,0.15477519832785705,0.32486662192900256,0.25480834372584105,0.2574779325609838,0.1628471017841726
16820,Investigation,Rock,../data/raw/fma_small/016/016820.mp3,0.8525326958,0.8962841968,0.8746820447572466,0.6072762819514016,0.6422896415331001,0.1274824961346389,0.32984916639873707,0.2524541670603662,0.26145000381566247,0.15624666272523416
16821,The Pharaos' Theme,Rock,../data/raw/fma_small/016/016821.mp3,0.6474017014,0.6710414959,0.6593275559975195,0.5134893671709885,0.5360141086740742,0.3409833262751454,0.28771708849401195,0.2486731732026128,0.25433803238198754,0.20927170592138775
16822,Warzaw Express,Rock,../data/raw/fma_small/016/016822.mp3,0.6180127736,0.4452749399,0.5386137579173564,0.5872221388178894,0.4148397360642501,0.4762531540240513,0.2582022691812847,0.2710631034243977,0.2281422287982897,0.24259239859602796
16879,Yesterday,Hip-Hop,../data/raw/fma_small/016/016879.mp3,0.7142904138,0.7466936626,0.7306716844840703,0.5358987291520563,0.5653235327728617,0.2699945075492998,0.3028947935164844,0.24928892714693515,0.256733190762877,0.19108308857370354
16880,Lampion,Hip-Hop,../data/raw/fma_small/016/016880.mp3,0.490752511,0.6016064883,0.5489846964248927,0.4469649970732961,0.5573434182878018,0.45719273573486663,0.26152676337521685,0.23616174360109038,0.26372195456511105,0.23858953845858175
17132,Mai,Folk,../data/raw/fma_small/017/017132.mp3,0.2242754663,0.5995602812,0.4526433560634164,0.32453925276975776,0.6932608033693761,0.617292686080398,0.2309055152652178,0.20314184903286012,0.29371974057044875,0.27223289513147336
17462,Baby With A Bamboo Heart,Rock,../data/raw/fma_small/017/017462.mp3,0.5922385009,0.2110639933,0.4445753317583093,0.6975551822673319,0.3246670982837818,0.6279687344191673,0.22851156838291498,0.2942902976241709,0.2026901793451929,0.27450795464772126
17491,Weebles (Featuring Dabbla),Hip-Hop,../data/raw/fma_small/017/017491.mp3,0.369888815,0.4697717871,0.42279029519209155,0.4571431357995173,0.5557542790735992,0.5823152338799115,0.2298791340918151,0.23791334422032323,0.2625699836107412,0.2696375380771205
17496,Scary Thoughts + Scary Dreams,Hip-Hop,../data/raw/fma_small/017/017496.mp3,0.1003578291,0.181637945,0.146737924418822,0.5830043511524969,0.6489793443267234,0.8599629319701774,0.16025889484465985,0.24790783078982712,0.26481514597534134,0.32701812839017164
17499,The Way the World Ends,Hip-Hop,../data/raw/fma_small/017/017499.mp3,0.3660983812,0.3115511449,0.33992068236999146,0.551357348189793,0.49944738371812564,0.6617375191137953,0.20885375542389784,0.25802873070467086,0.24497617809949124,0.2881413357719401
17500,"X Man (Featuring Zack S. Byer, Dabbla, Cobes & Aynzli Jones)",Hip-Hop,../data/raw/fma_small/017/017500.mp3,0.7535442936,0.4710026898,0.6283599828983215,0.6510250212610719,0.37588824736612736,0.412661222685121,0.2773324996147797,0.28369002599252974,0.21545356494228807,0.22352390945040262
17631,Jaliya,International,../data/raw/fma_small/017/017631.mp3,0.7398233281,0.5500664257,0.651886351093246,0.6122821155657471,0.4302702483807902,0.36751334797754887,0.2845048502236573,0.2734574588165134,0.22795179905391436,0.21408589190591495
17632,N' Latéla,International,../data/raw/fma_small/017/017632.mp3,0.6449921492,0.5153245512,0.583769760093445,0.570493279188772,0.4424872694208932,0.4248181168447953,0.26968040799710175,0.2661236639759576,0.23414839783785138,0.23004753018908936
17633,Caira,International,../data/raw/fma_small/017/017633.mp3,0.7391056956,0.6358520996,0.6894146509300799,0.5826151914574867,0.4859906020871639,0.3167566348429723,0.2938118372955611,0.26405042634103515,0.23973053084652104,0.20240720551688282
17634,M.Samba,International,../data/raw/fma_small/017/017634.mp3,0.6833921108,0.5765773527,0.6322445020521015,0.5684679038214117,0.46512471400164257,0.3738497651130864,0.28116715819812893,0.26379512580923403,0.2378950412979603,0.2171426746946767
17635,Signolu,International,../data/raw/fma_small/017/017635.mp3,0.9405473261,0.5776015753,0.7804655189125594,0.7290575086448603,0.41058385271640996,0.3016248080172628,0.30672887178906394,0.29135900277799115,0.21189323459132922,0.1900188908416157
17636,Griot and the Family,International,../data/raw/fma_small/017/017636.mp3,0.7758772769,0.4962728663,0.6512573633500726,0.6541125950611931,0.3850439928341805,0.38985383173400834,0.28255730756486885,0.2833652269993617,0.21651677305446163,0.21756069238130787
17637,Bamba Bojang,International,../data/raw/fma_small/017/017637.mp3,0.6868591905,0.4855401858,0.594779295033466,0.6068131705891912,0.40853790436201504,0.4258673895715741,0.27124064643029955,0.2745244413767256,0.22514959104574875,0.22908532114722605
17782,Sit on the Moon,Hip-Hop,../data/raw/fma_small/017/017782.mp3,0.6924511469,0.6983211793,0.6953923569834759,0.5340874000114907,0.5395548009711656,0.3046279763105057,0.2955720153853651,0.25154139213973914,0.25292043624680755,0.19996615622808825
17884,End to Joy,Electronic,../data/raw/fma_small/017/017884.mp3,0.1380440913,0.8912399205,0.6377165385324772,0.12426770705957574,0.8767201903788029,0.6143275768821097,0.2600581553456161,0.15562611765895173,0.3302694816437084,0.25404624535172377
18159,Just Your Game,Folk,../data/raw/fma_small/018/018159.mp3,0.2707932796,0.4941789836,0.39846070578443044,0.4056993350428694,0.6228785230317597,0.6275338005671299,0.2214205476433217,0.2230291438899438,0.2771285951833381,0.2784217132833964
18197,Happening for Lulu,Rock,../data/raw/fma_small/018/018197.mp3,0.7783154394,0.6779928046,0.7298798415827734,0.5955936354167113,0.5043898727659928,0.2764350541246432,0.30230657276371975,0.26431866454510766,0.24127845350449123,0.19209630918668139
18607,Dear Giulietta,Rock,../data/raw/fma_small/018/018607.mp3,0.0969223936,0.6329563025,0.4527845134584579,0.2684353052931235,0.7798021685195626,0.6893004566426838,0.22295057450161418,0.18541580539168806,0.30919364484154066,0.282439975265157
18611,"I Love You, I'm Sorry",Rock,../data/raw/fma_small/018/018611.mp3,0.4966851351,0.6191765799,0.5612823534220394,0.4425621994284906,0.564227565050648,0.4462915697870431,0.2643837868971482,0.23478768360519522,0.2651636008956684,0.23566492860198818
19073,One Stringed Harp,Pop,../data/raw/fma_small/019/019073.mp3,0.2463813307,0.0156739208,0.17457008894817494,0.7174961987044765,0.5330041137321303,0.8765953824059157,0.16207567507764045,0.2789379807873501,0.23194432885847016,0.3270420152765393
19074,The Great Defector,Pop,../data/raw/fma_small/019/019074.mp3,0.5970582341,0.2413184523,0.4553642115532784,0.6826698417709243,0.33211192550635527,0.6074371397630695,0.23236904606537043,0.2916727497724485,0.20542367167547876,0.2705345324867023
19425,Seventeen,Pop,../data/raw/fma_small/019/019425.mp3,0.5277552347,0.4949884702,0.5116342313529209,0.5165085831736914,0.4837502992165422,0.4889027324449048,0.25285010091098625,0.25408558991859487,0.24589703575770816,0.24716727341271064
19438,Stumble,Hip-Hop,../data/raw/fma_small/019/019438.mp3,0.8185945303,0.4109888449,0.6476916070435503,0.713102778661433,0.31766316678937917,0.4357993146330739,0.2781213332306123,0.2969217513320232,0.19994234074136408,0.22501457469600045
19439,God Damn,Hip-Hop,../data/raw/fma_small/019/019439.mp3,0.7259199819,0.5395074847,0.6395420807769481,0.6078705358746289,0.4278949534459462,0.3789282339500562,0.2817970349385135,0.27301194058693806,0.2280443095520639,0.21714671492248455
19441,Resolutions (Chris Summer Remix),Pop,../data/raw/fma_small/019/019441.mp3,0.7163739558,0.4223139781,0.5880224233169971,0.6507352704622623,0.3597171312623209,0.4550631125718649,0.26765857229046996,0.2849817181753023,0.21302443815664954,0.23433527137757817
19442,Tongue Tied,Pop,../data/raw/fma_small/019/019442.mp3,0.7318660913,0.2850328711,0.555370017736936,0.7234659532425314,0.2767124234672606,0.5399415655430915,0.25480699449856575,0.3014494407588305,0.1928376763788598,0.2509058883637439
19673,Banaketwe,International,../data/raw/fma_small/019/019673.mp3,0.9602845695,0.4296130166,0.7438796268388965,0.7897745770952469,0.3050775798481037,0.4043010179630717,0.2937855699736064,0.307583039411103,0.18943540589191116,0.20919598472337955
19674,Sous les Tropiques,International,../data/raw/fma_small/019/019674.mp3,0.7462779665,0.1488993614,0.5380993510071829,0.8004071152571992,0.20802150142317372,0.627991706676411,0.24314035248312837,0.3160646000049385,0.17478576242656615,0.266009285085367
19707,Inside the Rain,Folk,../data/raw/fma_small/019/019707.mp3,0.489704616,0.4184596088,0.4554772525213287,0.5375871266728568,0.46664216650917667,0.5470788816655037,0.23850804421551494,0.2589183891603209,0.241185887140336,0.26138767948382813
19708,Sky Dreamer's Gold,Folk,../data/raw/fma_small/019/019708.mp3,0.0800970156,0.2184881027,0.16454875102757904,0.5555071455568652,0.668565087231405,0.8535169436893072,0.16325430153652082,0.24135467007443162,0.27024405372098315,0.3251469746680645
19729,Hot Boxing The Cockpit,Hip-Hop,../data/raw/fma_small/019/019729.mp3,0.5090161207,0.7239397927,0.625774014555972,0.40945491155131836,0.6185280887667898,0.3982928619665409,0.27817990793001,0.2240678599545036,0.27617152205586404,0.22158071005962232
19758,Row,Pop,../data/raw/fma_small/019/019758.mp3,0.461316557,0.2876608425,0.38442276602078607,0.6001000087777637,0.43181512946522843,0.6315088784293313,0.21884114787475553,0.27151662115075087,0.2294622385136199,0.2801799924608736
19759,Let It Go,Pop,../data/raw/fma_small/019/019759.mp3,0.7604156198,0.3881959536,0.6037085444265434,0.6901217668017838,0.3225653217778001,0.464599217835777,0.2691565546869738,0.29344975155579833,0.2031917217281971,0.2342019720290306
19760,Fish in the Sea,Pop,../data/raw/fma_small/019/019760.mp3,0.6636519537,0.3471370116,0.529593249802339,0.6582795748283571,0.34178510285880326,0.5193072741029175,0.252788653578905,0.28750495742226206,0.2095045864168418,0.2502018025819912
20050,Let's Go Down,Rock,../data/raw/fma_small/020/020050.mp3,0.6982848051,0.5694397626,0.6371276607805885,0.5800792131526044,0.45568284039641505,0.37176213958893756,0.2820446315639285,0.2664047792796592,0.23524334899371058,0.21630724016270164
20361,Penguin,Instrumental,../data/raw/fma_small/020/020361.mp3,0.4325154369,0.3681309764,0.4016154995403036,0.5414462420878065,0.4783090764045855,0.6005402535808966,0.2247251381132219,0.2584516897393301,0.24263824342158438,0.27418492872586375
20362,Narwhal,Instrumental,../data/raw/fma_small/020/020362.mp3,0.1264797422,0.4430364696,0.32579014609301044,0.4038598144050793,0.6925745281854546,0.7325455668361559,0.19895661462402947,0.215111490094723,0.2871116504546732,0.2988202448265744
20364,Ice Cream Truck,Instrumental,../data/raw/fma_small/020/020364.mp3,0.1439982148,0.4027377562,0.3024344442475076,0.4344293232129925,0.6689307724027194,0.7380586847042032,0.19494312210043338,0.22245007923528237,0.2812388090367384,0.30136798962754585
20365,Transformer,Instrumental,../data/raw/fma_small/020/020365.mp3,0.5515201991,0.7242221204,0.6436894475179687,0.43602062387688484,0.6023420172509866,0.37228186276796754,0.28294326003263554,0.22988462653708358,0.2714828453573299,0.21568926807295086
20366,Toucan,Instrumental,../data/raw/fma_small/020/020366.mp3,0.2724438969,0.2584712002,0.26554946647553845,0.5586101672413805,0.5459602753364415,0.734575674825571,0.19001889545944559,0.25472491999285973,0.2515229721344014,0.3037332124132932
20369,Love Scene,Instrumental,../data/raw/fma_small/020/020369.mp3,0.4391364244,0.2430309068,0.3548977464670966,0.618806515517915,0.43222214895516814,0.6661719592173057,0.21063427476837213,0.2742478072541918,0.22756769103248486,0.2875502269449512
20372,Sedna,Instrumental,../data/raw/fma_small/020/020372.mp3,0.0365181405,0.8820583323,0.62424373291425,0.08730352674845092,0.9236677419844851,0.6863699915371573,0.2501430639935204,0.14621714393154714,0.3374633862459832,0.2661764058289492
20373,Storm,Instrumental,../data/raw/fma_small/020/020373.mp3,0.3740507566,0.6812675614,0.5495632168954429,0.34749412651794215,0.6541933756653819,0.49669045829819164,0.2580086484617549,0.210802993061819,0.2864669765167844,0.24472138195964174
20374,Battle,Instrumental,../data/raw/fma_small/020/020374.mp3,0.1056244295,0.9248503331,0.6582190588027595,0.09166240380434452,0.9097405673438944,0.634647592582837,0.261085642566665,0.1481598607358976,0.335751060661488,0.25500343603594927
20375,Northern Lights,Instrumental,../data/raw/fma_small/020/020375.mp3,0.021404083,0.4337237571,0.30706223493130075,0.40070370477574235,0.7568904366690105,0.7994744373780849,0.18859145507126526,0.20710471436716837,0.29571946861247683,0.30858436194908967
20376,Walrus,Instrumental,../data/raw/fma_small/020/020376.mp3,0.3044682888,0.6165579065,0.4862327585387799,0.3462143685294293,0.6572320797680461,0.5616013712378483,0.24188981326306083,0.21028503404002033,0.2869998309120591,0.2608253217848597
20469,La nascita del tragicomico HipHop dallo spirito degli speaker,Hip-Hop,../data/raw/fma_small/020/020469.mp3,0.9347943807,0.7591585051,0.8515169317324122,0.6825852180694961,0.5387826132374556,0.1764318543432042,0.32413609098166024,0.273754507797108,0.2370874695796375,0.1650219316415942
20667,surprisingly upbeat about it,Electronic,../data/raw/fma_small/020/020667.mp3,0.6276864591,0.9467880645,0.8032427808630316,0.44543338504043,0.7193834206517246,0.2659406727234029,0.31219858449983584,0.21829122773387732,0.28708550950411943,0.18242467826216743
21087,part1,Folk,../data/raw/fma_small/021/021087.mp3,0.0619939398,0.1004985696,0.08349614081971714,0.6375523789711602,0.6670664627544889,0.9189554375114093,0.1462288195515768,0.25448169045406255,0.2621044200000561,0.3371850699943044
21228,Dig Deep Mix,Hip-Hop,../data/raw/fma_small/021/021228.mp3,0.6292634092,0.6952660328,0.6630864553447978,0.49438609857249083,0.5571536933932401,0.33934378624299083,0.288376952567935,0.24360988909312478,0.25939077942008065,0.20862237891885954
21231,"Not Like That-Collaboration Mix (ft. Mindmovie, Peter (Paddy) Bussmeier)",Pop,../data/raw/fma_small/021/021231.mp3,0.5127913742,0.5478502937,0.530610468121908,0.4834223569308212,0.5184169120317647,0.4700061712153898,0.25753389501078217,0.24566362725784183,0.25441270886813555,0.24238976886324043
21232,Where I Stand,Pop,../data/raw/fma_small/021/021232.mp3,0.2751697759,0.6650644279,0.5089347201885573,0.30651284069905665,0.6955895150973778,0.564606363419157,0.24514539045137454,0.20022256753111797,0.29545196240475124,0.25918007961275624
21422,Cleaning San Fran Oil Spill With Hair Mats And Mushrooms,Electronic,../data/raw/fma_small/021/021422.mp3,0.2853016311,0.9120969915,0.6757654706374363,0.21109708620877685,0.8193639851774275,0.5091761470314922,0.27553437927752855,0.17313021946908175,0.3180825448236794,0.23325285642971025
21859,Alchemy Lab,Rock,../data/raw/fma_small/021/021859.mp3,0.3208267081,0.7205695586,0.5577410982755715,0.3008414434642287,0.7001774236617749,0.5193061390024584,0.2571474275884454,0.19888960336193565,0.2965114675295875,0.24745150152003148
21860,Everyone Wins,Rock,../data/raw/fma_small/021/021860.mp3,0.1255001377,0.4303815023,0.3170004117384738,0.412441218529819,0.6891945468025424,0.7379753525981487,0.19706357816157166,0.21679825383083984,0.28592242807407686,0.3002157399335117
22088,House of the Rising Son,Hip-Hop,../data/raw/fma_small/022/022088.mp3,0.4076697517,0.5014581767,0.45697643781185704,0.4553781813122078,0.5487783824233732,0.5474482042305134,0.2387067067614393,0.238325496932539,0.26165780821692175,0.26130998808909994
22093,I'm Not Dreaming,Rock,../data/raw/fma_small/022/022093.mp3,0.0788429531,0.1930163624,0.14743053857267313,0.5733405631069796,0.6655019238167749,0.8659540681836586,0.1597145084097797,0.24452020010773462,0.2681266072954946,0.32763868418699105
22094,I Remember When,Hip-Hop,../data/raw/fma_small/022/022094.mp3,0.670541869,0.5658366349,0.6204020855368593,0.564855833676598,0.4629869098997125,0.3853832428096537,0.27848377256480333,0.2634368125189855,0.23792241062929664,0.2201570042869145
22097,Over Me,Pop,../data/raw/fma_small/022/022097.mp3,0.2531544358,0.1657327826,0.2139562146720155,0.6164774766338,0.5409462320755896,0.7917638810887861,0.17653791714339956,0.2640284713280207,0.24482060031535208,0.3146130112132277
22295,Sorry,Hip-Hop,../data/raw/fma_small/022/022295.mp3,0.4232061296,0.102894703,0.30796976153225675,0.7013919524903569,0.41429366929538647,0.754151537436764,0.19392767982146125,0.28740934710402655,0.21568288693400975,0.3029800861405024
22296,Je Suis Le Peuple Sans Visage Featuring Arnaud Michniak,Hip-Hop,../data/raw/fma_small/022/022296.mp3,0.7872484349,0.551867574,0.6798227406777243,0.6405399165880081,0.4182230551303604,0.3507747850723773,0.28977894209668154,0.27861629251362235,0.2230773736065516,0.20852739178314436
23010,Stereo-vision radio,Electronic,../data/raw/fma_small/023/023010.mp3,0.2594523271,0.7934750704,0.5903042424817435,0.23448673372271012,0.7674677658325104,0.5436282748275195,0.2598196659938248,0.18202977803654002,0.31017954938853565,0.24797100658109955
23013,Bust This Bust That,Electronic,../data/raw/fma_small/023/023013.mp3,0.8295570961,0.8266314953,0.8280955876925618,0.599258547753713,0.5968125386215417,0.1719119279046375,0.3217709692274895,0.25595534017971155,0.25533003614166183,0.1669436544511371
23014,These Days,Folk,../data/raw/fma_small/023/023014.mp3,0.4172497977,0.4428986095,0.430265366940987,0.4921683416158155,0.5175697907421396,0.5700700648068289,0.23228063906847066,0.24711387591085957,0.2534713288841662,0.2671341561365037
23015,Falling For You (Piano Version),Folk,../data/raw/fma_small/023/023015.mp3,0.5684264214,0.4583846703,0.5163453798145434,0.5551827455494497,0.4451810079684724,0.48969527213954694,0.25351035365678426,0.2635497173318219,0.23609642289658747,0.24684350611480632
23016,While She Sleeps (Morning Edit),Electronic,../data/raw/fma_small/023/023016.mp3,0.0339654449,0.3775093947,0.26801771819603204,0.4408220758616878,0.7333948816067697,0.8126245490181845,0.18164714485719186,0.2159118879678471,0.2892939224922256,0.31314704468273546
23037,Chinese Drop,Rock,../data/raw/fma_small/023/023037.mp3,0.1874164329,0.2064291161,0.19715209775042652,0.5765759564423353,0.592834308004685,0.803133488685034,0.1730136788555628,0.2528495173268045,0.25699403388115627,0.31714276993647644
23039,First Comes Rug Burn Then Comes Fire,Pop,../data/raw/fma_small/023/023039.mp3,0.1452867029,0.3867208701,0.292114067968708,0.44565654780921476,0.663358067566248,0.7438568785090496,0.1928066956119145,0.22480437727447472,0.2794803844988676,0.3029085426147432
23041,Cold Age,Rock,../data/raw/fma_small/023/023041.mp3,0.2501174791,0.5880185922,0.4518432350518312,0.3407986456283305,0.6738284870514932,0.6050010229430232,0.23207452446850796,0.20768322390445895,0.289757335410051,0.2704849162169821
23155,Bouchon (with Les Gauchers Quintet),International,../data/raw/fma_small/023/023155.mp3,0.4075616694,0.2915401598,0.35433189183329544,0.5779367870019715,0.46689337130672803,0.6530308265083373,0.21196223422351168,0.26507505532243,0.2372156392770775,0.2857470711769808
23156,Biens souvent (with Les Gauchers Quintet),International,../data/raw/fma_small/023/023156.mp3,0.9644363812,0.6745481378,0.8322117289463059,0.719741775913973,0.4776400115105514,0.23149912050761606,0.31811485716989896,0.2842751339202602,0.2231492402036653,0.17446076870617544
23172,Octopussy,Rock,../data/raw/fma_small/023/023172.mp3,0.9606475192,0.9403640384,0.9505598826115772,0.6805880193116358,0.6655197752362702,0.0505225972267412,0.34223842645583047,0.26126514796617883,0.25735785291562924,0.13913857266236138
23355,Length and Brecht /Synaecide Remix/,Electronic,../data/raw/fma_small/023/023355.mp3,0.0572742993,0.7694869572,0.5456145721391706,0.16795327960659265,0.8604771711269337,0.6862463149850863,0.23772538340284866,0.162951867158269,0.3257006653828669,0.27362208405601535
23371,I Want To Destroy Something Beautiful,Folk,../data/raw/fma_small/023/023371.mp3,0.0906288244,0.4375077781,0.3159324609074896,0.4028716194460245,0.713571647036976,0.7560930613059892,0.19485224358160771,0.2125507332681797,0.28999994468869233,0.3025970784615203
23505,Cliverpool,Electronic,../data/raw/fma_small/023/023505.mp3,0.9654528815,0.748253961,0.8637080688950527,0.7055052567305372,0.529659085426108,0.17967967546281155,0.32527988250828105,0.27768383338778946,0.23290648130566238,0.16412980279826708
23862,Datahell Beta,Electronic,../data/raw/fma_small/023/023862.mp3,0.9815582048,0.9065267989,0.9447876339511645,0.6972064790053516,0.6411438750132764,0.06736964870800422,0.34075429138102964,0.26602239832863595,0.2515188420666596,0.1417044682236748
24421,Black Ant,Hip-Hop,../data/raw/fma_small/024/024421.mp3,0.2754882876,0.4571538428,0.3774145152160866,0.4304507794112977,0.6057668104937689,0.6401559074911312,0.21684983225980106,0.22866118373734476,0.27247786788323364,0.2820111161196206
24422,Boomerang,Hip-Hop,../data/raw/fma_small/024/024422.mp3,0.7151657825,0.3341643947,0.5581791554438658,0.6909410791608988,0.31048057438755705,0.5120876803556471,0.2578962755333294,0.2945118956529066,0.20131259323196296,0.24627923558180104
24423,D8M3,Hip-Hop,../data/raw/fma_small/024/024423.mp3,0.5708077724,0.6245702069,0.5982931791268219,0.4830988732026597,0.5358609481849553,0.40320807145899185,0.27371506141756513,0.24393293660519896,0.25714893033477876,0.22520307164245706
24424,fACEMELTERmp3,Hip-Hop,../data/raw/fma_small/024/024424.mp3,0.677581721,0.8541304628,0.7709266619193631,0.4900994340520421,0.6455588254048829,0.2502313614600136,0.30945970696462854,0.23369121929037648,0.27299679621003586,0.1838522775349591
24425,Fater Lee,Hip-Hop,../data/raw/fma_small/024/024425.mp3,0.4867685899,0.3089711341,0.4076805255468272,0.5976891138461007,0.42359747521690594,0.6086572819823461,0.22482516625150623,0.27187207674159125,0.22843232846129483,0.2748704285456078
24426,government funded weed,Hip-Hop,../data/raw/fma_small/024/024426.mp3,0.9171264789,0.7588727985,0.8417270646126135,0.6705457872519719,0.539794379742293,0.1802919130226502,0.32277152343767485,0.2719894932488557,0.2386533379795553,0.16658564533391412
24427,Michael Vendette,Hip-Hop,../data/raw/fma_small/024/024427.mp3,0.8122904876,0.5107370547,0.678479246288741,0.6705199720698394,0.38476434352021005,0.37054897833422545,0.2879746495971568,0.2856916778442132,0.2146819329772267,0.2116517395814035
24428,Underdog,Hip-Hop,../data/raw/fma_small/024/024428.mp3,0.525445076,0.6384819572,0.5847015211039681,0.4509921413742087,0.562521815382563,0.42183982218526284,0.27007921283789205,0.23627725318604365,0.26415487824044476,0.22948865573561958
24429,Oh K.,Hip-Hop,../data/raw/fma_small/024/024429.mp3,0.9509763558,0.8999456678,0.9258126792938828,0.6761534214520533,0.6373011543542958,0.07878510989595738,0.3381655327682897,0.26345333609360405,0.2534138676158872,0.14496726352221906
24430,Self Explainitory,Hip-Hop,../data/raw/fma_small/024/024430.mp3,0.6410306782,0.6587016916,0.64992624539645,0.5135196518684818,0.5304464593671322,0.35024527784843396,0.2856388475926328,0.24921641329028166,0.2534707561872636,0.21167398292982192
24431,5 Piece,Hip-Hop,../data/raw/fma_small/024/024431.mp3,0.3985495655,0.3666858468,0.3829492566931498,0.5291165149585069,0.49809694608764254,0.6175878244442938,0.22007620699404995,0.2547139472645199,0.24693411772558443,0.2782757280158457
24432,Christmas Eve 2009,Hip-Hop,../data/raw/fma_small/024/024432.mp3,0.5304259072,0.3346681053,0.4434830232004574,0.6016719094049658,0.407739236114232,0.5758325966520282,0.23376599203259865,0.27383054526870093,0.22555787859925244,0.2668455840994479
25215,Ruchenitsa,International,../data/raw/fma_small/025/025215.mp3,0.0303300522,0.3482901158,0.24721035256480675,0.4613272619466749,0.7285484926998449,0.8261312186421815,0.17726982647616632,0.21959609442770425,0.28686483748338,0.3162692416127494
25216,Kolo Iz Sumadije,International,../data/raw/fma_small/025/025216.mp3,0.0368583218,0.3420906999,0.2432946596659945,0.46594161814758733,0.7227267600013105,0.8247686158687126,0.17689067585147214,0.22100356877136343,0.2857061946977186,0.31639956067944586
25378,"love, ignorant",Electronic,../data/raw/fma_small/025/025378.mp3,0.0381409673,0.2762807851,0.1972128362988221,0.5124569422898142,0.7076382801269487,0.8511587104653432,0.16779345796225248,0.22997667992446869,0.27954387303405903,0.32268598907921986
26007,Can I Help U?,Hip-Hop,../data/raw/fma_small/026/026007.mp3,0.6462635823,0.2615502592,0.49298334449290276,0.6938892698027603,0.31107715384998624,0.5789807738149928,0.2411967509567227,0.2948653819287251,0.2010807972770112,0.26285706983754104
26008,Planetary Picknick,Hip-Hop,../data/raw/fma_small/026/026008.mp3,0.6567085739,0.2259895731,0.4910893188533488,0.7177598107945624,0.29062027663576057,0.598724120185454,0.23886847501270705,0.29964054671180335,0.19547725784131734,0.26601372043417226
26010,Freeze The Cut,Hip-Hop,../data/raw/fma_small/026/026010.mp3,0.6574646637,0.8139045613,0.7398312033562451,0.4831621344430353,0.6244081563845476,0.27564648457680313,0.30365041769527656,0.23491130773471428,0.27054922267404885,0.19088905189596034
26011,Take a Look,Hip-Hop,../data/raw/fma_small/026/026011.mp3,0.443557912,0.4237207992,0.43375277346230673,0.5142185034459993,0.4945538964422818,0.5664474885514483,0.23318825795245418,0.2527274995431858,0.24780625830772138,0.26627798419663856
26012,True Form,Hip-Hop,../data/raw/fma_small/026/026012.mp3,0.8247500127,0.4396438505,0.6608703725887235,0.705057301831247,0.33466346777854056,0.4151575437897741,0.2817710709307133,0.29450084291512074,0.20334174392825943,0.2203863422259066
26013,Thursday is Thursdy,Hip-Hop,../data/raw/fma_small/026/026013.mp3,0.0951588633,0.5071296861,0.364853208693875,0.3549481339494776,0.7334568839367562,0.7285803418252624,0.2051475656442217,0.2031255940939135,0.2965848139150906,0.29514202634677417
26014,Whenever You Wanna Call Me,Hip-Hop,../data/raw/fma_small/026/026014.mp3,0.7209549818,0.6009673169,0.6636783112940422,0.5826676445299769,0.46852312545072067,0.34430597174912847,0.28806026617414215,0.2656445266390451,0.23698919039574526,0.20930601679106745
26016,She Knows Me Now (re-edit),Hip-Hop,../data/raw/fma_small/026/026016.mp3,0.5130287441,0.6917363591,0.6089735966253985,0.42321682656396553,0.598180656062091,0.4075337264409827,0.27492970485850265,0.22832240251080613,0.2719783603871301,0.2247695322435611
26017,Remember Something I Forgot,Hip-Hop,../data/raw/fma_small/026/026017.mp3,0.7799483674,0.7411636156,0.7608031811510746,0.5810833544764424,0.5466928873230334,0.24022801137584887,0.3089335260738681,0.25811527852195787,0.24938947571821632,0.18356171968595758
26020,Emotional Draft,Hip-Hop,../data/raw/fma_small/026/026020.mp3,0.2565597665,0.2299035366,0.24359654136268236,0.5739649278169016,0.5502540399341571,0.7568857059449999,0.18446325959430995,0.256677053903492,0.25066259886850595,0.3081970876336921
26021,Hairy Crushed Nuts,Hip-Hop,../data/raw/fma_small/026/026021.mp3,0.6906815343,0.4631745977,0.5880355813118621,0.6185557753257013,0.3938328460004059,0.4380978348368996,0.2691613830939294,0.27750288537425166,0.2216519594747048,0.2316837720571142
26022,The Hunt,Hip-Hop,../data/raw/fma_small/026/026022.mp3,0.3992144297,0.5803010623,0.49805696651447645,0.4095847648455718,0.590632129327217,0.5182135176677682,0.24797373144542834,0.2269774372790688,0.2720260902619394,0.25302274101356337
26025,Swabian Sound System,Hip-Hop,../data/raw/fma_small/026/026025.mp3,0.2357421656,0.6549988482,0.4922386919905344,0.29546587229755017,0.7117280128620427,0.5929231957788059,0.2396503732324653,0.19684335562310154,0.2984702920867792,0.26503597905765397
26026,Miles of Smiles,Hip-Hop,../data/raw/fma_small/026/026026.mp3,0.614057201,0.5429010555,0.5795721707272393,0.5412973725979873,0.4710060510030462,0.4230196739886742,0.26920403107454,0.25909499585183016,0.2415082060958253,0.23019276697780452
26034,Dro Please,Hip-Hop,../data/raw/fma_small/026/026034.mp3,0.6077790972,0.3623438821,0.5003441415108933,0.6228967633920349,0.37757802206202745,0.529359311474043,0.24726223153813234,0.2794999354051285,0.21869614926790665,0.2545416837888325
26035,For You,Hip-Hop,../data/raw/fma_small/026/026035.mp3,0.297878729,0.2458602888,0.27311080059151344,0.5733491262745042,0.5260330601775305,0.7285948748102318,0.19175822148809957,0.258908221327204,0.24694300845213898,0.30239054873255744
26036,Spread Love to Ya,Hip-Hop,../data/raw/fma_small/026/026036.mp3,0.5952696027,0.2323467008,0.4518467047966934,0.6868906345522774,0.32999369984233073,0.6136360005211805,0.23116815572345004,0.29241947286021847,0.20464819594841202,0.27176417546791953
26169,MJ's Grave,Pop,../data/raw/fma_small/026/026169.mp3,0.7269487158,0.5900089188,0.6620290626803381,0.5901470672920497,0.4597105219955347,0.3483171618416283,0.28750462456963516,0.2675635077156337,0.23484375129058013,0.21008811642415107
26464,Falling Off the Map,Folk,../data/raw/fma_small/026/026464.mp3,0.2282411865,0.4555031917,0.36026184703893827,0.4174750372560105,0.6336776877339988,0.6678654207487519,0.21126061591199782,0.2236999641036467,0.2776908261084352,0.2873485938759202
26465,Toot! Toot!,Folk,../data/raw/fma_small/026/026465.mp3,0.55316117,0.5652166252,0.559221384336403,0.4975057100166017,0.5094775625080294,0.44085231257091423,0.26455086517379334,0.2487175375933326,0.2517130423584865,0.23501855487438755
26466,Burning Bridge,Folk,../data/raw/fma_small/026/026466.mp3,0.1009915752,0.0391498264,0.07658983995455074,0.6831662880911672,0.6362974370404643,0.9304432287809201,0.14423808140840738,0.26455303075753606,0.2524398176860598,0.3387690701479968
26638,02,Rock,../data/raw/fma_small/026/026638.mp3,0.219157361,0.5208716596,0.39958555695554276,0.3725546372379107,0.6637102201469187,0.6477959530033136,0.21942570237878975,0.21357387034391134,0.285756015096985,0.2812444121803139
26639,03,Rock,../data/raw/fma_small/026/026639.mp3,0.1889714992,0.4487940465,0.3443300187928289,0.412030478656458,0.6554324241612326,0.6933957139627197,0.20607016536750042,0.22050429634157623,0.2812711427018289,0.2921543955890945
26640,04,Rock,../data/raw/fma_small/026/026640.mp3,0.9009894145,0.3346706367,0.6796272361045561,0.7919738274432546,0.24678688286681302,0.47563970487661983,0.2790928341851245,0.3122771381472266,0.1810374855398261,0.22759254212782284
26641,05,Rock,../data/raw/fma_small/026/026641.mp3,0.6187031604,0.366872458,0.508620192839367,0.6259569015227445,0.37415416630575554,0.5226077708606666,0.24920463639633297,0.2802301137712893,0.21785035134111325,0.2527148984912645
26642,06,Rock,../data/raw/fma_small/026/026642.mp3,0.7281066726,0.4759004553,0.6150693335061466,0.6343578089057431,0.3875611079813033,0.41749629593529985,0.27497367532227335,0.28032898009279833,0.21902089614653045,0.22567644843839793
27258,The Divine Invasion,Folk,../data/raw/fma_small/027/027258.mp3,0.1938290493,0.338270743,0.27567806942366113,0.48757323035740685,0.6181984702837406,0.7374948173791845,0.19115101373815957,0.2362661501419964,0.2692348815837177,0.30334795453612634
27547,I'm a Sir,Pop,../data/raw/fma_small/027/027547.mp3,0.3304797969,0.0782379371,0.24014378084881646,0.6924096319234477,0.4766437229004117,0.8055751370793194,0.17860701749596655,0.28074697263778525,0.2262607061392205,0.3143853037270276
27548,Mesin Penenun Hujan,Pop,../data/raw/fma_small/027/027548.mp3,0.2506969332,0.0317611185,0.1786864865683137,0.707225382733205,0.530313046494359,0.8657198211789587,0.1637830198073829,0.2778499995289987,0.23279751974679602,0.32556946091682226
27549,Rat and Cat,Pop,../data/raw/fma_small/027/027549.mp3,0.343111156,0.1571281166,0.2668468759400412,0.6434898123505606,0.4775940736639849,0.7556242337292787,0.1878884919477081,0.2738256514641236,0.23196717083830123,0.30631868574986704
27550,Sepasang Kekasih Yang Pertama Bercinta Di Luar Angkasa,Pop,../data/raw/fma_small/027/027550.mp3,0.1805367695,0.0950187571,0.14426033644478464,0.6525276144127254,0.5833303310913658,0.8632818300364965,0.1595890011717203,0.2653020652361674,0.24756465057023422,0.32754428302187816
27551,"Salahku, Sahabatku",Pop,../data/raw/fma_small/027/027551.mp3,0.2076055643,0.1635624338,0.18688598138825288,0.6093963703858519,0.5721195729386037,0.8147136748204552,0.17037862099402595,0.25996149707375094,0.2504493575015624,0.3192105244306608
27552,Glow,Pop,../data/raw/fma_small/027/027552.mp3,0.1698331756,0.0066119447,0.12018116605170773,0.7126230195366607,0.5870352093985063,0.9154225212291579,0.15109522145540438,0.2732404282638574,0.24099213234308478,0.33467221793765334
27609,Baile me por Tangos,International,../data/raw/fma_small/027/027609.mp3,0.8402615466,0.5703372578,0.718096112762577,0.6673265837389694,0.41880840555643556,0.324134575083751,0.29706878167516354,0.2823631959298768,0.22023077920269796,0.20033724319226168
27610,Big Foot (Cuántos Años),International,../data/raw/fma_small/027/027610.mp3,0.5388627327,0.6961791394,0.6225104171130939,0.4374243706223032,0.5904714105816793,0.3904834789262129,0.27836339705954105,0.23132910584963395,0.2695862664318285,0.22072123065899646
27611,La Juerga en Estado Puro,International,../data/raw/fma_small/027/027611.mp3,0.961935633,0.8330243797,0.8997915812035808,0.6903625930660207,0.5896518096341604,0.12109862470251358,0.3329562892637093,0.2700432765721093,0.24417164627680255,0.15282878788737897
27612,Que te Quiero Yo,International,../data/raw/fma_small/027/027612.mp3,0.6232735001,0.5091314534,0.5690714773945804,0.5609909918920718,0.4478491333965608,0.4375355904198543,0.26634443523048923,0.26420091488874103,0.23593774938787368,0.233516900492896
27613,Los Dolores de Juana,International,../data/raw/fma_small/027/027613.mp3,0.918802896,0.7089892774,0.8206291967649458,0.681500551124561,0.5046081475591535,0.2136354492659879,0.31805129052698866,0.2767415436207107,0.23187341819404386,0.1733337476582567
27805,Both Eyes Closed (ft. Panu Moon),Pop,../data/raw/fma_small/027/027805.mp3,0.1383005014,0.343900817,0.26210188917743316,0.47412718052267305,0.6560464152103717,0.7658303218797093,0.18608537910739056,0.23003486564526612,0.2759308033778239,0.3079489518695195
27855,Sunset Spiral,Folk,../data/raw/fma_small/027/027855.mp3,0.0517403622,0.2930695646,0.2104362549270215,0.501212382915377,0.7018141172616223,0.836345317789076,0.17117492669406484,0.22894049548476675,0.27979686537866355,0.32008771244250483
28179,Raise Riddim,Electronic,../data/raw/fma_small/028/028179.mp3,0.4825006981,0.8379018454,0.683698188600684,0.35991855703180464,0.6963781408084665,0.38345882385968955,0.28761987079714296,0.2080669876111915,0.2912900969840346,0.21302304460763097
28266,Working Song,Rock,../data/raw/fma_small/028/028266.mp3,0.6416740262,0.6492897815,0.6454931356180467,0.5170798841862039,0.5243923740197011,0.3545385457605675,0.284658271594986,0.25035406160962337,0.25219148301497146,0.21279618378041903
28546,Our Slanted Voices (ft. Colin Mutchler),Electronic,../data/raw/fma_small/028/028546.mp3,0.4517915818,0.6980833474,0.5879778878931312,0.3842325457991131,0.6276355748770679,0.442541599684445,0.26876160315631614,0.2192207933944392,0.2796342334310847,0.2323833700181599
28548,summer,Electronic,../data/raw/fma_small/028/028548.mp3,0.6301635501,0.2854511063,0.4891770814145574,0.6736787889500935,0.33034931039925686,0.5689284318622726,0.24161709142315696,0.29057331327798275,0.2061339984408455,0.2616755968580148
28553,Lullaby,Electronic,../data/raw/fma_small/028/028553.mp3,0.1692657659,0.1552634869,0.1624155932631779,0.6091923653781538,0.5975893732614646,0.8377646281235738,0.1646574214872668,0.25740323272811344,0.2544338452515361,0.32350550053308363
28608,VOLCANO,Pop,../data/raw/fma_small/028/028608.mp3,0.9444315506,0.3251516127,0.7062841230730488,0.8207835584397786,0.2332503202678735,0.47880486547764484,0.28240929337548437,0.31666893181400685,0.17597177464214667,0.22495000016836206
28802,Eating Babies,Pop,../data/raw/fma_small/028/028802.mp3,0.1167703131,0.9981445276,0.7106081212592843,0.08257950350813206,0.9424402309428697,0.624539079081245,0.2693906242492412,0.14375836126075725,0.33967679776951143,0.24717421672049014
29037,raw instrumental pt.1,Electronic,../data/raw/fma_small/029/029037.mp3,0.8526258994,0.3476796267,0.6510960171702443,0.7591089492786626,0.26702083097570334,0.4728852899752276,0.27533733711209624,0.3067429064373175,0.1875268134254479,0.23039294302513824
29039,malva (instrumental),Electronic,../data/raw/fma_small/029/029039.mp3,0.7712241747,0.3616075329,0.6023067057121814,0.7079306709317378,0.30257097191545046,0.4795223249712784,0.26760347589030287,0.29741553910684293,0.19829792737406124,0.23668305762879302
29040,raw instrumental pt2,Electronic,../data/raw/fma_small/029/029040.mp3,0.4736925144,0.4940129588,0.4839593999815091,0.4901058477823564,0.5104156996316457,0.5162472543563427,0.24595469017274757,0.2474710933096404,0.25254858153529425,0.25402563498231795
29041,switches (instrumetal),Electronic,../data/raw/fma_small/029/029041.mp3,0.527782568,0.2718102478,0.4197828306956896,0.6359303241290557,0.385272704648131,0.61369765287712,0.22617491140103554,0.280747625987772,0.218502732053907,0.2745747305572855
29042,darix togni,Electronic,../data/raw/fma_small/029/029042.mp3,0.6617086228,0.3777390729,0.5387694816353391,0.6422876936713111,0.35855812853930963,0.5008241793699783,0.25595575215840427,0.28387182005559164,0.2137470343454151,0.24642539344058895
29043,perro,Electronic,../data/raw/fma_small/029/029043.mp3,0.5167208062,0.1824435878,0.38748293787553684,0.6838855455006028,0.36527006576594406,0.6715494271791593,0.21498141700817153,0.28915249100700136,0.21025870892656062,0.2856073830582665
29044,ekiti son feat valeska - april deegee rmx,Electronic,../data/raw/fma_small/029/029044.mp3,0.4224110729,0.422473128,0.4224421015894566,0.5059488128213334,0.506010134577675,0.5775579003834306,0.23030623363430364,0.25036418182007825,0.2503795350621716,0.26895004948344653
29271,Discount Store,Pop,../data/raw/fma_small/029/029271.mp3,0.6136847534,0.5272440576,0.5720993239071913,0.5477714658642465,0.462182737686151,0.43170455801979374,0.2673160913234645,0.26089133060311187,0.2394908555257407,0.23230172254768297
29480,Fighting Challenge,Folk,../data/raw/fma_small/029/029480.mp3,0.6498747564,0.751641056,0.7026028309332216,0.4919447957193746,0.5863241267723657,0.3035373545963943,0.2966280912115465,0.24028389035299724,0.2640663591081161,0.19902165932734023
29526,Blast Off!,Electronic,../data/raw/fma_small/029/029526.mp3,0.6913296308,0.9650593478,0.8394272461619964,0.4894678271338299,0.7164554911500873,0.2196568300761732,0.31978783675262495,0.22535982493163453,0.2827847509084009,0.1720675874073396
29528,And I know that you're happy (ballad of the lonesome spaceboy),Electronic,../data/raw/fma_small/029/029528.mp3,0.0615450937,0.4390526549,0.31349244993562464,0.3990299002163123,0.7326202443740141,0.773097514914283,0.19255262189001435,0.20974802453611668,0.29280219284319375,0.30489716073067524
29530,Spooky Loop,Electronic,../data/raw/fma_small/029/029530.mp3,0.2116105509,0.6513922953,0.48429895087043284,0.2883629284672389,0.7231423946320681,0.6095429661756436,0.23667129128603503,0.19455914406250968,0.3005204081311487,0.2682491565203065
29587,The Story Of Mr Busalot Trailer (Bonus Track),Hip-Hop,../data/raw/fma_small/029/029587.mp3,0.6325753376,0.5462259141,0.5909798249408073,0.5504827330507899,0.46549094071428204,0.4128630545193736,0.27179657512183947,0.2610095010155489,0.23974240074515127,0.22745152311746036
29602,L'Automne En Amour,Hip-Hop,../data/raw/fma_small/029/029602.mp3,0.5337458849,0.6614667348,0.6010086983125358,0.44692809337445855,0.5722460751698771,0.40742954697386496,0.27375849962162496,0.23466658619169276,0.2659966477748671,0.2255782664118151
29816,In The Fall,Electronic,../data/raw/fma_small/029/029816.mp3,0.1614421768,0.3660395335,0.282885592187743,0.4625848298068258,0.646979197090146,0.7433320576750406,0.19153977834207753,0.2292457894805801,0.27566575845641056,0.30354867372093186
29961,Villaintime Madness,Hip-Hop,../data/raw/fma_small/029/029961.mp3,0.8755356346,0.63830077,0.7661561591598077,0.6698466169344358,0.4598473938368127,0.27047893747667084,0.30736126845336775,0.2791402332596396,0.2262668512838934,0.18723164700309916
30230,TIME/Leap,Hip-Hop,../data/raw/fma_small/030/030230.mp3,0.884178624,0.7881493882,0.8375414309926905,0.642904550014451,0.5632912431675855,0.17072678884487877,0.3229331085273671,0.2658170596381567,0.24547497804292168,0.1657748537915544
30486,gneiss,Pop,../data/raw/fma_small/030/030486.mp3,0.7713953875,0.4969187298,0.6488370627061621,0.651207189872133,0.38677402503420555,0.39073701723942195,0.2821389088863738,0.28280840706340227,0.21709531499029217,0.21795736905993188
30487,probably digging my own grave,Pop,../data/raw/fma_small/030/030487.mp3,0.7638627209,0.798363922,0.7813037848148354,0.5586337638972305,0.5887044107750397,0.21956539177654275,0.3129490619721784,0.25047783036607707,0.2581242509838513,0.1784488566778932
30488,that face you wear,Pop,../data/raw/fma_small/030/030488.mp3,0.0702947545,0.8081890702,0.5736335614749871,0.1444520427355664,0.8710687162046848,0.6712463319456412,0.2439037135706159,0.15879149860680225,0.32839221965551396,0.26891256816706793
30519,Icarus,Electronic,../data/raw/fma_small/030/030519.mp3,0.5537642996,0.7479562028,0.6580628316576135,0.43022144020171355,0.6158590673272877,0.3623895528422924,0.2857995815533114,0.22756807170367285,0.2739887472297562,0.21264359951325965
30520,Robot Sneakers,Electronic,../data/raw/fma_small/030/030520.mp3,0.9815411578,0.7463647815,0.8719184111827514,0.7168521006870618,0.5279209770026699,0.17982151278268577,0.3261775891445323,0.2793249151106916,0.23123732193857244,0.16326017380620375
30521,Missing You,Electronic,../data/raw/fma_small/030/030521.mp3,0.4043483655,0.5881581963,0.5046918191121146,0.4081122835430164,0.5919167735236901,0.5120617838490736,0.24959584314780306,0.22661747111162792,0.2723445347755776,0.2514421509649915
30522,At Teh Disko,Electronic,../data/raw/fma_small/030/030522.mp3,0.5797035086,0.7931373006,0.6946664435130737,0.4352288675433909,0.6347109256528538,0.33124108824706894,0.29337709278009255,0.22633613371635938,0.27630443128532867,0.20398234221821948
30895,Camuffarsi e Mantenere la Calma (Al Pianobar),Electronic,../data/raw/fma_small/030/030895.mp3,0.4806094614,0.3137185791,0.4058354354043773,0.5924388757752655,0.4290605309625444,0.6085838973632645,0.22454700579435574,0.27061266162418796,0.229823163936341,0.2750171686451153
31040,Hallon,Electronic,../data/raw/fma_small/031/031040.mp3,0.1012567625,0.5475571793,0.3937459819191516,0.32783947135370517,0.7441633797611091,0.711492766286121,0.21142066229345433,0.19793591137332991,0.3001454548857007,0.29049797144751505
31041,5,Electronic,../data/raw/fma_small/031/031041.mp3,0.4237370345,0.4110270835,0.41743043598746493,0.5130507629744692,0.5005108733970572,0.5826525988002499,0.2290097878219403,0.2519889081357448,0.2488487249770908,0.27015257906522405
31043,The Professor's Lab,Electronic,../data/raw/fma_small/031/031043.mp3,0.1173539179,0.2966272014,0.22556555439259343,0.5042346853682698,0.6584268383263534,0.7980593336516013,0.1774397858772026,0.23446362248182762,0.27355223772795395,0.31454435391301583
31044,In The Belly Of Gorgul,Electronic,../data/raw/fma_small/031/031044.mp3,0.7849812051,0.6983443871,0.7429267714096467,0.5946392188353887,0.5166807356358097,0.2619438784876666,0.3050751842987496,0.2630306853096674,0.24330412800005238,0.18859000239153065
31356,Toot Toot,Folk,../data/raw/fma_small/031/031356.mp3,0.4254180847,0.4658457329,0.44609012186494024,0.4828567737181257,0.52304714139882,0.5547364953069855,0.23628291265317422,0.24513192164946665,0.2551845194127275,0.2634006462846317
31568,Morning News,Electronic,../data/raw/fma_small/031/031568.mp3,0.7065685331,0.5477860026,0.6321821717715443,0.5931848748120493,0.4394152537245225,0.3811820596588807,0.2805482099341354,0.269818169182353,0.23136086172507717,0.21827275915843442
31999,I Want a House,Rock,../data/raw/fma_small/031/031999.mp3,0.3476411083,0.3915606022,0.37025264710416245,0.4955062264872556,0.5380017791677268,0.6307815090723884,0.21674616012509393,0.245667864461579,0.25633265431848967,0.2812533210948373
32001,Ginger,Rock,../data/raw/fma_small/032/032001.mp3,0.1692586192,0.6423632548,0.4697228072441981,0.27977894996831004,0.7425502652651673,0.6395448707052307,0.23117255118201352,0.1911809858370027,0.3036852686168307,0.2739611943641532
32075,Rocker's Night Out (Punk for a Day),Rock,../data/raw/fma_small/032/032075.mp3,0.5321469819,0.6113922888,0.5731408819607015,0.4659379591476646,0.5443744011934164,0.4300595306172051,0.26761794099513264,0.2404128003450413,0.2600291887966713,0.23194006986315482
32081,Miss Two Knives,Rock,../data/raw/fma_small/032/032081.mp3,0.6843371121,0.5920742609,0.6398707734447829,0.5633474467935615,0.4744444062362045,0.3647235030935415,0.2830196281863977,0.26216994175328817,0.23986826710327327,0.2149421629570409
32218,Happy Sun,Electronic,../data/raw/fma_small/032/032218.mp3,0.4582559414,0.7021719598,0.5928928946098836,0.38645830910835194,0.6271092752295141,0.43714309245244454,0.26997393780706974,0.21961825666946416,0.27937132427353095,0.23103648124993517
32325,Krime,Pop,../data/raw/fma_small/032/032325.mp3,0.7793821255,0.7779337413,0.7786582701679579,0.5730401036585105,0.571774934918414,0.22134325131107233,0.31249968742086764,0.25441970937243974,0.2540980290421345,0.17898257416455804
32326,Spatabit,Pop,../data/raw/fma_small/032/032326.mp3,0.9714401946,0.661083094,0.8308811313470473,0.7275165705525539,0.4678923592329216,0.24049982500731545,0.3173083767794149,0.2861481082051693,0.2207178803046384,0.1758256347107773
32327,Mr Head Talks About His Testic,Pop,../data/raw/fma_small/032/032327.mp3,0.8037725592,0.4631775976,0.6559663916091376,0.6834576134046005,0.35569558293674725,0.40415560137243245,0.28201727816189404,0.28987783074714135,0.2088669675636383,0.2192379235273263
32328,A Frog's Cheese,Pop,../data/raw/fma_small/032/032328.mp3,0.7642520792,0.4009089644,0.6102496367462268,0.6866554119417554,0.3288655347537983,0.4552401295458275,0.2709626238650443,0.29247718605775935,0.2045058926655852,0.23205429741161118
32329,Elephant Juice,Pop,../data/raw/fma_small/032/032329.mp3,0.3632992691,0.3315291793,0.34777719566981796,0.5379775074554352,0.5075920692130275,0.65277908164092,0.21099659149485203,0.25519865755142535,0.24756095953570625,0.2862437914180164
32330,Happy Birthday to Your Mother,Pop,../data/raw/fma_small/032/032330.mp3,0.8140828717,0.1735691068,0.5885818366338994,0.8202801177740041,0.17984912208663745,0.5989796323042497,0.2540854952559907,0.3203355650127635,0.16883773256450726,0.2567412071667383
32331,My Purple Shirt,Pop,../data/raw/fma_small/032/032331.mp3,0.7709804822,0.7671105095,0.7690479301443748,0.5694946965155576,0.5660867748493574,0.23096260987299877,0.31062926787023526,0.25443538219496936,0.25356976216373944,0.18136558777105607
32332,Les,Pop,../data/raw/fma_small/032/032332.mp3,0.2240558899,0.1261348821,0.18181178493329553,0.6379033179413874,0.5558773562942018,0.8263563112487438,0.16844527097308476,0.2657889116972778,0.24485751429220662,0.3209083030374308
32333,Bride of Chucky,Pop,../data/raw/fma_small/032/032333.mp3,0.6523101131,0.4032714936,0.5422805460289487,0.6251373425107916,0.37650773896621936,0.4883508819501147,0.2576573397756382,0.279915384207461,0.21829726933257265,0.24413000668432816
32334,Brown Rainbows,Pop,../data/raw/fma_small/032/032334.mp3,0.4500174091,0.2655109558,0.3694670053894571,0.609093516852259,0.43184309531524656,0.6488277916145803,0.21471108790228138,0.2728493629181766,0.22853044436141662,0.2839091048181254
32335,Legs on a Wine Glass,Pop,../data/raw/fma_small/032/032335.mp3,0.8057402622,0.1489980618,0.5794039146184125,0.8286801762291293,0.173114511451642,0.6172281363281656,0.25076719213340654,0.32175849510728366,0.1670403807640661,0.2604339319952436
32336,Blatant Drunken Lies,Pop,../data/raw/fma_small/032/032336.mp3,0.9176472726,0.4082795951,0.7102002339781502,0.7720782196400953,0.2945116292145682,0.42244230924780646,0.2878806807234806,0.30625683405978243,0.18996835135720458,0.21589413385953235
32337,I Invented Everything,Pop,../data/raw/fma_small/032/032337.mp3,0.6975220762,0.324961538,0.5441217914978612,0.6863723377168125,0.31392108527915424,0.5230534483041308,0.2546867679980005,0.2936195775458402,0.2023165850153913,0.24937706944076804
32338,Bad Boy,Pop,../data/raw/fma_small/032/032338.mp3,0.4530540424,0.2006984313,0.35038395058939403,0.6496695171628656,0.41196464706407865,0.6848477488687765,0.2079174079465537,0.2804587037001143,0.22112355554103627,0.29050033281229576
32339,The Crap Lion,Pop,../data/raw/fma_small/032/032339.mp3,0.7237035445,0.3100114944,0.5567108526793709,0.7070470133527135,0.29363826213726363,0.5255586880558557,0.2563945419413205,0.2979881135259124,0.1970869194665941,0.2485304250661729
32340,A Man Called Dave,Pop,../data/raw/fma_small/032/032340.mp3,0.1665020312,0.1514061997,0.1591332204496001,0.6114876794757691,0.5990169869466648,0.8410797530262281,0.16387372561495514,0.2576109817946729,0.2544183430327738,0.32409694955759827
32433,Wake Up,Electronic,../data/raw/fma_small/032/032433.mp3,0.9911322105,0.8685423026,0.9318553509253263,0.7069738979963568,0.6141841617529412,0.09316588403575173,0.33798289383710717,0.2699168183438447,0.2459981695572567,0.14610211826179137
32435,Password,Electronic,../data/raw/fma_small/032/032435.mp3,0.3356735478,0.9653026402,0.7226637938452879,0.23862170633633642,0.8285948413638989,0.4703900200204769,0.2853014579630697,0.17582765476374113,0.3171825310859469,0.2216883561872422
32437,Healing,Electronic,../data/raw/fma_small/032/032437.mp3,0.9704391922,0.9985625795,0.9846013027960815,0.6862048862896133,0.7063996979527534,0.020927344975920414,0.34714507472636674,0.2575841232161383,0.2628388667642416,0.13243193529325337
32438,Go! Go! Go!,Electronic,../data/raw/fma_small/032/032438.mp3,0.1965051043,0.992145409,0.7151806655019873,0.13906104885216988,0.90276147459219,0.5681838355742492,0.27535316697909196,0.15476918849921845,0.3321661602447411,0.23771148427694844
32439,Chased By A Running Chupacabra,Electronic,../data/raw/fma_small/032/032439.mp3,0.0383017911,0.9877835241,0.6989933181672352,0.02842771081957989,0.9748281221540758,0.6800781893594601,0.2624456964082342,0.13421977688996167,0.34580636988237995,0.2575281568194242
32755,Teknical Development,Hip-Hop,../data/raw/fma_small/032/032755.mp3,0.4704827014,0.5340446858,0.5032681684489205,0.46822447989605487,0.531785810241239,0.4987498994224772,0.2506276143358027,0.24199680914502225,0.25787781076833305,0.2494977657508421
32756,Ninety Days,Folk,../data/raw/fma_small/032/032756.mp3,0.3524124124,0.1486858145,0.27046439677628187,0.6515099196662765,0.469828242577602,0.7563416972662277,0.18832247122893592,0.2756691152753722,0.22987130566288513,0.3061371078328067
32759,And The Pond Life Flourished,Pop,../data/raw/fma_small/032/032759.mp3,0.3177061341,0.5270108197,0.43513078018317264,0.4028994616065111,0.6096168155184176,0.5870450085494437,0.231322068519093,0.2239851280269162,0.2754199464382212,0.26927285701576953
32760,Bury The Doubt,Pop,../data/raw/fma_small/032/032760.mp3,0.858757147,0.610357061,0.7449830801555621,0.6668153632888707,0.44299282468011664,0.29306241949125555,0.30297895851892825,0.28019776078967124,0.2240060597155441,0.1928172209758565
32800,It's Not The Heat (It's The Humidity),Folk,../data/raw/fma_small/032/032800.mp3,0.4358162735,0.3215462556,0.3829672432061307,0.5701908923938576,0.45918148467561676,0.623940205683929,0.21941481742622326,0.26459165972627313,0.23679110125804553,0.27920242158945796
32882,Crown City Rockers - No Sense (Remix),Hip-Hop,../data/raw/fma_small/032/032882.mp3,0.7061255119,0.7008770852,0.7035061929771781,0.5422581288991825,0.5373969218903683,0.2965103142510266,0.2972933046274695,0.25302065990033923,0.25179365886437977,0.19789237660781137
33064,Little Toys,Electronic,../data/raw/fma_small/033/033064.mp3,0.2962613658,0.8203166995,0.6167212840271749,0.24500702576074704,0.764253738212727,0.5135825901178187,0.2666294090630951,0.1838546417584342,0.309015725568667,0.2405002236098036
33067,Gran Pecador,International,../data/raw/fma_small/033/033067.mp3,0.9415200298,0.6418094636,0.8057230771428583,0.7123062637942729,0.45570785295028243,0.25663239008464284,0.3131884449454479,0.2852563519641638,0.2206968070343147,0.18085839605607348
33068,Loca,International,../data/raw/fma_small/033/033068.mp3,0.9602693908,0.541842303,0.7796506859574186,0.7523382810371099,0.3841689749496613,0.32518225399592987,0.3047667239681538,0.2965554569601043,0.20521637976191945,0.19346143930982254
33069,Sombrero - Calentones,International,../data/raw/fma_small/033/033069.mp3,0.9664905484,0.4628861764,0.7577491644498014,0.781855242243967,0.3281664940611279,0.3805352433407086,0.2975350148880407,0.30479456520362286,0.19363002386656442,0.20404039604177196
33070,Villera Mistica,International,../data/raw/fma_small/033/033070.mp3,0.9711610318,0.5510712302,0.7895673658532824,0.7565351247764316,0.390199427755207,0.31809489656467455,0.3065290179786071,0.29656908266653464,0.20560245786256562,0.19129944149229255
33071,La Gata Bajo La Lluvia,International,../data/raw/fma_small/033/033071.mp3,0.9466377569,0.3237054332,0.7074278232695768,0.8226473679140603,0.23198355164953305,0.4796987961585182,0.282480400452421,0.31697684083152594,0.1755923117732643,0.22495044694278868
33072,Lanzaplatos,International,../data/raw/fma_small/033/033072.mp3,0.6423997901,0.7723261895,0.7103397895754235,0.48192989858905516,0.6018162730884377,0.2997609665284274,0.29795406643138445,0.2371112509168062,0.26731181371842766,0.1976228689333817
33203,African Era,Electronic,../data/raw/fma_small/033/033203.mp3,0.1474153768,0.6729094033,0.48710284251205516,0.25369228581753134,0.7680194023482245,0.6457123191354831,0.23320614223269143,0.18465925028112115,0.3088449443920086,0.2732896630941787
33216,Noi Doi (Silent Strike Remix),Electronic,../data/raw/fma_small/033/033216.mp3,0.4326819265,0.3884341476,0.4111537039487118,0.5297293843754044,0.4861742915567883,0.5898570116314165,0.22730039759997356,0.25591571718197476,0.24500854015066365,0.2717753450673881
33221,Belladonna,Electronic,../data/raw/fma_small/033/033221.mp3,0.0351605425,0.7769034717,0.5499160245384775,0.15970022650016347,0.8759264190239973,0.7002453997308397,0.23671118007703199,0.1602323501837014,0.3279467156824043,0.2751097540568623
33446,Mad About You,Folk,../data/raw/fma_small/033/033446.mp3,0.1669344266,0.4265851545,0.32391510988533684,0.4222982878393302,0.6618055392727004,0.7151233581082566,0.2006364667293439,0.22137936758127844,0.2812896936886771,0.2966944720007006
33459,Cherry Cherry,Rock,../data/raw/fma_small/033/033459.mp3,0.3394683106,0.6392346496,0.5117908123202549,0.35027872612453415,0.6499704031534254,0.5321906381884468,0.24877804534635561,0.21167435419545477,0.285642407654479,0.2539051928037106
33460,So Sick,Rock,../data/raw/fma_small/033/033460.mp3,0.355928496,0.312260263,0.33480708334326736,0.5475723879605559,0.5061297136671838,0.6662634794560073,0.20759967217907335,0.2568203663297915,0.24639457207874493,0.28918538941239014
33461,Make Out Club,Rock,../data/raw/fma_small/033/033461.mp3,0.5744405265,0.5539825101,0.564304235312076,0.5142535949229201,0.4939622895435915,0.4359085149330612,0.26576225478758275,0.2527880750649727,0.24771036593311713,0.23373930421432731
33465,West Coast Love Affair,Rock,../data/raw/fma_small/033/033465.mp3,0.7954596508,0.3651734281,0.6189134384714731,0.7196390874741184,0.29596316243847287,0.4716150606379973,0.270781134927142,0.2994766716049417,0.19604820999568784,0.23369398347222844
33538,Roka,Rock,../data/raw/fma_small/033/033538.mp3,0.4284490839,0.6197933961,0.532781602227367,0.4050467128270027,0.59616034065674,0.4854006135883641,0.25646017269320204,0.22570717899463902,0.27324043417032223,0.24459221414183663
34147,05 Russian Dance,Folk,../data/raw/fma_small/034/034147.mp3,0.1231390473,0.0897045181,0.10772679689266006,0.6495387168358422,0.6232704192152491,0.8937345788145116,0.15178456804884358,0.260935726918632,0.2541706323446283,0.3331090726878961
34167,WFMU Freestyle,Hip-Hop,../data/raw/fma_small/034/034167.mp3,0.7895014747,0.509296551,0.664340106953498,0.657306037327351,0.3896746117044132,0.37755761415575395,0.2854295211586857,0.28342883476636876,0.2168768416192802,0.21426480245566537
34484,Comic Topic,Folk,../data/raw/fma_small/034/034484.mp3,0.0376493454,0.2553562979,0.18251618022279836,0.527215191495011,0.7040332454104145,0.8604106651728122,0.16485674845305162,0.2327060145756533,0.27771460087386934,0.3247226360974257
34511,Vilse (Slutet Cover),Pop,../data/raw/fma_small/034/034511.mp3,0.2143164053,0.4011149411,0.321577920226475,0.44977485220628455,0.6237755633857303,0.6985563773792242,0.20212316934981173,0.22976893943613627,0.2734379996920317,0.29466989152202033
35184,U Fine,Pop,../data/raw/fma_small/035/035184.mp3,0.2341756008,0.2770751262,0.25652371973054156,0.5373353632363995,0.5758722236611116,0.7446836185820078,0.18762604802353788,0.2484551929401664,0.258216758031344,0.30570200100495165
35296,Super Antihistamine,Electronic,../data/raw/fma_small/035/035296.mp3,0.1511681648,0.5297246355,0.38952535444089376,0.3492926656148163,0.707503948365169,0.6861757802868764,0.2136634502623564,0.20523782443984553,0.2936476880206341,0.2874510372771639
35299,Petdestroyer,Electronic,../data/raw/fma_small/035/035299.mp3,0.4938521251,0.5131390379,0.5035879236452774,0.4903690028349689,0.5096554441398246,0.4965980606500208,0.25087879455660084,0.2475842706373526,0.2524056341653403,0.24913130064070624
35527,Downtown,Rock,../data/raw/fma_small/035/035527.mp3,0.9654177999,0.8332741762,0.901769754728319,0.6927586263214428,0.589721027811263,0.12040230248119237,0.3332098613725174,0.270361885273258,0.24389157917390833,0.15253667418031627
35534,Feed The One,Rock,../data/raw/fma_small/035/035534.mp3,0.9520184205,0.8861883226,0.919692561697635,0.6779720388349052,0.6275475978298046,0.08733650406306773,0.3370454347736545,0.2646735605581873,0.251658441856953,0.14662256281120523
35537,Indian Summer,Rock,../data/raw/fma_small/035/035537.mp3,0.9732041433,0.9028586045,0.9386905678273256,0.6915789019540628,0.6386985508265907,0.07125471442639551,0.3399158274445937,0.26549243709221937,0.2518178487227351,0.14277388674045172
35539,Oh Oh Oh,Rock,../data/raw/fma_small/035/035539.mp3,0.924787815,0.6943706791,0.817735636610717,0.6887095848637034,0.4938661320470707,0.22256027786452523,0.317081676695469,0.2786992780691972,0.22935932791698127,0.17485971731835248
35541,After All That's Happened,Rock,../data/raw/fma_small/035/035541.mp3,0.2998255229,0.3822190882,0.34350165615808737,0.4855659580153337,0.5640637064050026,0.6602641718913338,0.20955114886984783,0.24153929178720904,0.2612636124935614,0.28764594684938166
35543,It Could Be You,Rock,../data/raw/fma_small/035/035543.mp3,0.9470742927,0.6588626842,0.8157970803221944,0.7118020736568678,0.4673869741041326,0.24410632798478837,0.3152973535222801,0.2841553700835552,0.22253982331342081,0.17800745308074384
35545,Try 01,Pop,../data/raw/fma_small/035/035545.mp3,0.4071778449,0.0704172479,0.2921920482997599,0.71760639990848,0.42213546189536033,0.7796031684707351,0.18878310815617433,0.2888805069376112,0.21497939660522858,0.3073569883009859
35549,Laugh Tracks,Pop,../data/raw/fma_small/035/035549.mp3,0.6543623454,0.3362712019,0.5202251437140748,0.6590622112155495,0.3409865902822715,0.5291508791000253,0.2503875347157901,0.28767947432815627,0.20930055958869942,0.2526324313673543
35550,Glimmer,Pop,../data/raw/fma_small/035/035550.mp3,0.5291920758,0.3167358133,0.4360996609241547,0.6111031835608146,0.4012366364854568,0.5867324988085819,0.23150517696037154,0.27578063765349026,0.22357327474212194,0.2691409106440163
35571,Dunebuggy,Rock,../data/raw/fma_small/035/035571.mp3,0.4600497447,0.6121091516,0.5414440788627237,0.425502689692443,0.5771585101473454,0.47010934285068556,0.25919914489650847,0.2308239448166983,0.26862358751550536,0.24135332277128782
35608,Second Hand News,Pop,../data/raw/fma_small/035/035608.mp3,0.3017211729,0.420695177,0.36607383007203137,0.4618602300086104,0.576445033080871,0.6415556867206513,0.21496938154842063,0.2365789565431421,0.26530147200750975,0.2831501899009275
35734,Animateur commercial intime,Folk,../data/raw/fma_small/035/035734.mp3,0.0448837393,0.2519094946,0.18093222974801612,0.5299311060520876,0.6984645534753992,0.8578713410888539,0.16492465511237261,0.233805041061566,0.27672412122901974,0.32454618259704177
36096,your name is rain,Electronic,../data/raw/fma_small/036/036096.mp3,0.5406858792,0.5301758576,0.5354566555512091,0.5064957772519789,0.49601204700499585,0.4645988518863195,0.2587742573001151,0.25138740863205444,0.24876569752084476,0.24107263654698552
36097,it was magic,Electronic,../data/raw/fma_small/036/036097.mp3,0.6237538176,0.6037260645,0.613821629599036,0.5225427527615478,0.5030140906213424,0.38638984311652924,0.27743476897485236,0.2532322272424623,0.24833491524841006,0.22099808853427524
36099,morpheus,Electronic,../data/raw/fma_small/036/036099.mp3,0.4132608033,0.7002686022,0.574961132065161,0.3609871205259982,0.6460027090389416,0.46588721584268816,0.2647141795539259,0.21372211959222792,0.284203989486419,0.23735971136742715
36302,Horn's for breakfast,Hip-Hop,../data/raw/fma_small/036/036302.mp3,0.7457576152,0.2325815401,0.5523805723521054,0.7566655513580881,0.24365278884519176,0.5716512410657739,0.2512256121648792,0.308165312430781,0.18449522919871822,0.25611384620562166
36304,the cherry tree,Hip-Hop,../data/raw/fma_small/036/036304.mp3,0.9675487676,0.7980233924,0.8868460837433638,0.6989081369185377,0.5647541134431351,0.1446506697217182,0.33010215353596567,0.273544473085544,0.23920243276027944,0.1571509406182109
36322,Sweet as a cat,Folk,../data/raw/fma_small/036/036322.mp3,0.7820585752,0.4642974551,0.6431126424881533,0.6702957674251683,0.3626779504299858,0.40894723452799536,0.27977958786745105,0.2874891820636721,0.2113609667957498,0.2213702632731272
36333,Wedding,Folk,../data/raw/fma_small/036/036333.mp3,0.3329748767,0.3181348615,0.3256394160839596,0.5365688844943417,0.5225573199252902,0.674485945819112,0.2053429846004868,0.25356270389703445,0.25003466806961294,0.29105964343286594
36371,U.G.L.Y. (CC BY-NC-SA 3.0),Pop,../data/raw/fma_small/036/036371.mp3,0.7301131081,0.7532899034,0.7417920292048923,0.5449454203788777,0.5658111933250454,0.2585583166171837,0.30518171228895713,0.2506508082631378,0.2559357768481017,0.1882317025998033
36380,Cybernator (CC BY-NC-SA 3.0),Electronic,../data/raw/fma_small/036/036380.mp3,0.4715290509,0.7815080575,0.6454047140283676,0.36747678483142177,0.6670968400390148,0.40436386644956174,0.2804978243634695,0.21243542067180388,0.28664889218845413,0.22041786277627254
36388,Bridges,Pop,../data/raw/fma_small/036/036388.mp3,0.336039889,0.598624305,0.485424487194386,0.37015216839555687,0.6321368868907529,0.548609823798237,0.24305066174645162,0.2165881420806965,0.28145773827868775,0.25890345789416414
36428,The lack of anything good,Electronic,../data/raw/fma_small/036/036428.mp3,0.5628487285,0.4178569435,0.49568292103179673,0.5725771692118141,0.42761294379685755,0.5147775113606017,0.2479297234125923,0.26774621712700897,0.2316147324836654,0.2527093269767334
36435,Please Mind the Dubstep,Electronic,../data/raw/fma_small/036/036435.mp3,0.2953263061,0.6692345463,0.5172487337036398,0.31354697609452215,0.6871826150434969,0.5504410959567053,0.24785104036238922,0.2021734847880048,0.2937596169119401,0.25621585793766594
36481,fashion city,Rock,../data/raw/fma_small/036/036481.mp3,0.3995370906,0.8847609289,0.6864516691192116,0.29403225186457305,0.7560944408184415,0.432339998770125,0.2838368206323829,0.1917092843488475,0.30430858521157655,0.22014530980719307
36526,Faith Defies the Night,Rock,../data/raw/fma_small/036/036526.mp3,0.5740163001,0.653424928,0.6150035972709015,0.47413552562126077,0.5515551872262187,0.38831455877439003,0.2774467632493427,0.24099133993995087,0.260390039957262,0.22117185685344437
36614,sCare bears,Pop,../data/raw/fma_small/036/036614.mp3,0.1044820555,0.3952545975,0.28908709480569356,0.43395477976765734,0.6921627647332642,0.7640907638384304,0.19010225616261744,0.21973665413388477,0.2844728412417965,0.3056882484617014
36615,Owl be yours,Pop,../data/raw/fma_small/036/036615.mp3,0.3514677739,0.4481432785,0.4027170186091904,0.4626421063602782,0.5574165616282628,0.6021378120309959,0.2247312362938797,0.23860996436858095,0.26233038632961875,0.2743284130079205
36616,three horses,Pop,../data/raw/fma_small/036/036616.mp3,0.1831828471,0.2373767314,0.2120184757064932,0.5545945389569797,0.6014723492737674,0.7901849502115975,0.17644424915529167,0.24853433895465937,0.26046248289769464,0.3145589289923544
36618,the deceptive time machine,Pop,../data/raw/fma_small/036/036618.mp3,0.1798812395,0.4584708207,0.348247579860498,0.4034917052167169,0.6643757501434665,0.6949275621809038,0.20648492011594669,0.2182129692374586,0.2832572665990497,0.29204484404754505
36643,Desperate Den of Snakes,Pop,../data/raw/fma_small/036/036643.mp3,0.6600725215,0.0974435284,0.47180026222248406,0.7906655165322468,0.25004592764771194,0.6819673287872409,0.22672846096037483,0.31187995324913526,0.18163492385539898,0.2797566619350909
36959,Facing the Sea (Album Version),Pop,../data/raw/fma_small/036/036959.mp3,0.281964188,0.1566511982,0.22808266178295425,0.6287849413002806,0.519670580854831,0.7832026011231049,0.17941809034575215,0.26784837677469947,0.24016032031968423,0.3125732125598642
36961,Requiem for Wolf,Pop,../data/raw/fma_small/036/036961.mp3,0.0399611594,0.3991330048,0.2836406615607757,0.42581571141825486,0.7351808386313087,0.8008482132655566,0.18515620563287966,0.21344407902975268,0.2908303189329265,0.3105693964044412
36965,U Fine (TSP's 8-Bit Edit),Pop,../data/raw/fma_small/036/036965.mp3,0.444931697,0.1680526674,0.33630783072622233,0.6671208957960899,0.41008689324066117,0.7071906338518471,0.2033478496818384,0.28308044717932274,0.2189179758898328,0.29465372724900607
36966,Glimmer (mGee's the Boom and the Bap Remix),Pop,../data/raw/fma_small/036/036966.mp3,0.6181237615,0.2987587164,0.48545533015710346,0.6609902882629534,0.34284561551512105,0.5646099535767521,0.2414672862379166,0.28780091142289305,0.2093744526909316,0.26135734964825885
36983,B.,Hip-Hop,../data/raw/fma_small/036/036983.mp3,0.7302002403,0.6494560887,0.6910085390513202,0.5727448928989589,0.4972851905514983,0.3127882223515457,0.29434038189149025,0.2615101802697222,0.24250286159156403,0.2016465762472235
36984,Natural Organics,Hip-Hop,../data/raw/fma_small/036/036984.mp3,0.7840713384,0.4052312864,0.6240914432908715,0.6958870908336229,0.3246826006870141,0.4474231831151388,0.273691427620422,0.29406385650461536,0.20287549233122054,0.22936922354374212
36985,Mother Earth,Hip-Hop,../data/raw/fma_small/036/036985.mp3,0.9617557918,0.335540937,0.7202645081717143,0.8265833440929241,0.2387994345299868,0.47062111398856876,0.2849707180032975,0.31693771346002403,0.1760769926289595,0.22201457590771914
36986,Sleep.,Hip-Hop,../data/raw/fma_small/036/036986.mp3,0.3305155622,0.4894532055,0.41761523992223226,0.43005730212996457,0.5864187295911546,0.5953433638794536,0.2277433393371578,0.23059463736347874,0.2696224858047187,0.2720395374946447
36987,james p. funk 2,Hip-Hop,../data/raw/fma_small/036/036987.mp3,0.8134710468,0.1141570309,0.5808472138548102,0.8504272190745635,0.15463647384396625,0.6401214010973978,0.24854234645090556,0.3254449244754278,0.1622928629723265,0.26371986610134024
36988,Damn.,Hip-Hop,../data/raw/fma_small/036/036988.mp3,0.7575077581,0.42651975,0.6147101352351979,0.6718249774761842,0.3469305294448375,0.4402738264544865,0.2729418453071103,0.2889846561743689,0.20882135921117126,0.22925213930734958
36990,Brain HOle 9,Hip-Hop,../data/raw/fma_small/036/036990.mp3,0.4541775014,0.4709064987,0.4626176246620097,0.4930604100390945,0.5097426460949879,0.5375230846651332,0.24056120739384895,0.24799717206623587,0.25216902056190804,0.2592725999780073
36992,Space Goat Remix,Hip-Hop,../data/raw/fma_small/036/036992.mp3,0.7565068579,0.9056756441,0.8344312429330774,0.539073144464497,0.6631505419456734,0.18464289096209555,0.3216461775390878,0.23938999862275617,0.2710142528082441,0.16794957102991195
36994,Put it together,Hip-Hop,../data/raw/fma_small/036/036994.mp3,0.6735069239,0.4126069325,0.558505173336962,0.6319185834774523,0.3720498686253631,0.4751990869563513,0.2613599799230031,0.2812691670241875,0.2169015113494949,0.24046934170331466
36997,Abstract Concepts - What up in the streets,Hip-Hop,../data/raw/fma_small/036/036997.mp3,0.5153347916,0.3429425297,0.4377096789599533,0.5904635749605773,0.41982731146892455,0.5773321762687624,0.23271213837996016,0.27111853619016923,0.22858768183463515,0.2675816435952355
36998,bonsoir tiroir!,Electronic,../data/raw/fma_small/036/036998.mp3,0.8052046698,0.6119147726,0.7151203567211035,0.632046162868598,0.4540841935114218,0.3070467101222847,0.2980212133354802,0.2742638161452276,0.22955175279458317,0.1981632177247089
37113,Very Scary (Part 2),Instrumental,../data/raw/fma_small/037/037113.mp3,0.0779986094,0.819655234,0.5822020635878614,0.13893886729768698,0.8723305757830366,0.6643082111836073,0.24605642235578673,0.15795302402358072,0.3288788286660334,0.2671117249545992
37131,Dracular's Revenge,Electronic,../data/raw/fma_small/037/037131.mp3,0.43314145,0.8751995523,0.6905019087787603,0.31873709185959426,0.7373272245259302,0.4104289021585974,0.28627178882093657,0.19738908925437068,0.2999953534002819,0.21634376852441095
37416,Octo Gate,Hip-Hop,../data/raw/fma_small/037/037416.mp3,0.821193178,0.5679009552,0.7059991963560625,0.6561508287394036,0.4210008162170306,0.330667101561988,0.2949460797581707,0.2806039351248512,0.22180401552514223,0.20264596959183578
37417,Locust Ritual,Hip-Hop,../data/raw/fma_small/037/037417.mp3,0.4247787136,0.8894557106,0.6969822152130646,0.3103683259021624,0.7490030004768409,0.414185687974984,0.28682683689951566,0.19485677248423794,0.3021427123424947,0.21617367827375183
37423,Crimson Snow,Hip-Hop,../data/raw/fma_small/037/037423.mp3,0.5889910038,0.7150033677,0.655034433590965,0.46267347178094886,0.5831630178516436,0.35366048364191965,0.2860853264846764,0.23602297426452146,0.2662454679079319,0.21164623134287033
37725,The Stars Behind,Rock,../data/raw/fma_small/037/037725.mp3,0.2344033991,0.1719457807,0.20556058110708672,0.6085305019512852,0.5548439000341296,0.7974371277443026,0.17477354815905313,0.26150699856283416,0.24783778623057087,0.31588166704754184
37727,Tommygun Angel,Rock,../data/raw/fma_small/037/037727.mp3,0.0472859675,0.5919670995,0.4199172594767057,0.2904537920331338,0.7931232800179471,0.7328556732443482,0.21283897810338995,0.18699323524313272,0.30912382630810314,0.29104396034537433
37730,Sometimes Words,Rock,../data/raw/fma_small/037/037730.mp3,0.29298489,0.4757973583,0.39510965056144265,0.4246342869656022,0.6025999883561112,0.6223579256880926,0.22144999724115796,0.228085704286186,0.27251322790772947,0.2779510705649265
37731,Limerick,Rock,../data/raw/fma_small/037/037731.mp3,0.0745014724,0.1970402999,0.14895527713788775,0.5702169540510216,0.6690935675876916,0.866398235390184,0.15986367043004682,0.2436135282850068,0.2689323020432598,0.32759049924168665
37859,In The Hall Of The Mountain King,Rock,../data/raw/fma_small/037/037859.mp3,0.0831984605,0.7974922835,0.5669726298824372,0.15480852539768994,0.859220287549012,0.6639030193001138,0.24369832874189037,0.16138083366739303,0.32641799732197624,0.2685028402687404
38399,"O Pastor, a Droga e as Visões",Folk,../data/raw/fma_small/038/038399.mp3,0.1959987116,0.1491310923,0.17414875486125517,0.6174112863559634,0.5782119656490391,0.8277668662852636,0.16727544062962202,0.2605785445470792,0.25056165290311616,0.3215843619201827
38435,Beloved Girlfriend,Rock,../data/raw/fma_small/038/038435.mp3,0.3981425823,0.266845452,0.3389129763623669,0.5899292784281843,0.46553133433400407,0.670726450385549,0.2077357590492381,0.2670092187485594,0.2357767165492157,0.2894783056529869
38522,Cellos,Rock,../data/raw/fma_small/038/038522.mp3,0.3824665925,0.6480921004,0.5321203176817461,0.36750500961173627,0.6329971879793167,0.5025866488375138,0.25476028720844723,0.2160927567278097,0.281800654820607,0.24734630124313606
38775,"Kesh Jig, Leitrim Fancy",International,../data/raw/fma_small/038/038775.mp3,0.8278253002,0.4214802158,0.6568638747724046,0.7141357953365853,0.3219392019947514,0.42680749053995914,0.2802043083863235,0.296720592633103,0.2004559129672438,0.2226191860133297
38776,Silver Spear,International,../data/raw/fma_small/038/038776.mp3,0.9605173728,0.7159460442,0.8471045867117715,0.7082655833994205,0.5070195341681829,0.20278748439714236,0.3218436350377423,0.28012244714667556,0.22905926508825372,0.1689746527273284
38777,Star of the County Down,International,../data/raw/fma_small/038/038777.mp3,0.3139501812,0.1908717088,0.25980447022303604,0.6136991558963336,0.5035356805111951,0.7501176392725825,0.1874964628836069,0.26710842611468394,0.2392457319536908,0.30614937904801826
38778,"Gander in the Pratie Hole, Morrison's Jig, Drowsy Maggie",International,../data/raw/fma_small/038/038778.mp3,0.6961466359,0.4564282111,0.5886199327931536,0.6245359991076708,0.38771998836972105,0.44033916278411644,0.2690521102062398,0.2788910337213083,0.22008308511185395,0.23197377096059796
38779,Carolan's Draught,International,../data/raw/fma_small/038/038779.mp3,0.7217531412,0.3404580828,0.564286852131041,0.6913476467653299,0.3109123836195004,0.5061703542167986,0.25938969684105573,0.2945333815354468,0.20133236172541064,0.2447445598980868
38780,Maid Behind the Bar,International,../data/raw/fma_small/038/038780.mp3,0.8135059123,0.68939957,0.754010489470551,0.6157371583976561,0.5050008969612034,0.256176376607251,0.3069104997909215,0.2672762699562962,0.2392589841534418,0.18655424609934043
38781,"Denis Murphy's, John Ryan's",International,../data/raw/fma_small/038/038781.mp3,0.9705685628,0.6918910097,0.8428275340778038,0.7200466946661664,0.48968325415483777,0.21885766995851785,0.32023093342853615,0.2832306442519442,0.22495449168254714,0.17158393063697244
38782,Wild Mountain Thyme,International,../data/raw/fma_small/038/038782.mp3,0.2346586793,0.2157943684,0.225423939726879,0.5788104907497683,0.5622786438252724,0.7748308879374826,0.17996479278499586,0.2562485282811024,0.2520470912815803,0.3117395876523214
38783,Banish,International,../data/raw/fma_small/038/038783.mp3,0.4934749101,0.4220321572,0.4591451995878257,0.537384552350125,0.4661967440947483,0.543421794745614,0.23944137219765615,0.25892746049249465,0.2411357707327916,0.2604953965770575
38784,Julia Delaney,International,../data/raw/fma_small/038/038784.mp3,0.9488273373,0.5563874558,0.7777661335451052,0.7406299363985379,0.39508584027993526,0.31576156414247514,0.3052880217607621,0.29415871467279636,0.20821586860949523,0.19233739495694646
38785,"Si Beag Si Mor, Snowy Path",International,../data/raw/fma_small/038/038785.mp3,0.3606100141,0.285077206,0.32504507045175185,0.5661952771129272,0.49501947812685543,0.6782087272551013,0.2048529328704455,0.26071882498540594,0.24280696106439362,0.2916212810797548
38961,Feel It,Pop,../data/raw/fma_small/038/038961.mp3,0.1908555369,0.7204946174,0.5270381056753675,0.2393210133562864,0.7661028833870029,0.60532554095617,0.243815141474376,0.1828549524374853,0.3096600549866798,0.2636698511014588
39291,Citylife (Meme vs Xan),Electronic,../data/raw/fma_small/039/039291.mp3,0.7310337387,0.4364323515,0.602031363200257,0.652693964103208,0.36250244630451767,0.441560496508417,0.2709506454191962,0.28503138156816094,0.21323775570753795,0.2307802173051049
39298,Fourty niners,Rock,../data/raw/fma_small/039/039298.mp3,0.1924159277,0.6848232595,0.5029944264029453,0.26111325797903867,0.7487238912258831,0.6129960895408942,0.23923542086435787,0.1878355645087978,0.30587531649219246,0.2670536981346518
39357,Waragine a ragine,International,../data/raw/fma_small/039/039357.mp3,0.3973012498,0.5102356418,0.45726835296994905,0.4459357631182432,0.5583843629865095,0.5491424724311988,0.23858586207348673,0.23589732914808811,0.2639725879549428,0.2615442208234823
39359,The last hours of sunshine,Rock,../data/raw/fma_small/039/039359.mp3,0.0569620623,0.2890372793,0.2083113359452808,0.5043375193095468,0.6974464498320339,0.8351013537788737,0.17102777316106682,0.22994775773157733,0.27893006110341434,0.32009440800394146
39488,CELTIC IN BRAZIL,Folk,../data/raw/fma_small/039/039488.mp3,0.7382216471,0.608638563,0.6765397625482711,0.5908193355915757,0.4684916255482812,0.3329351892018489,0.2907629223779664,0.2668769814078892,0.23614832382484774,0.20621177238929672
39605,Disco High,Electronic,../data/raw/fma_small/039/039605.mp3,0.6856209723,0.5005356297,0.6002549601031102,0.5998086256702102,0.41795340030724293,0.4173121315375177,0.27279773907609156,0.2726760072205049,0.2273359952220847,0.22719025848131885
39607,Unexpected Little Happenings,Electronic,../data/raw/fma_small/039/039607.mp3,0.7364734261,0.7255742217,0.7310441363375514,0.5557439226599932,0.545849890696624,0.2690313763736796,0.303015408978867,0.254292059053744,0.2517884909082758,0.19090404105911318
40133,Two Headed Baby,Rock,../data/raw/fma_small/040/040133.mp3,0.4254498794,0.5342096503,0.48290141351787463,0.4460763666431583,0.55474669514794,0.5230050147728618,0.2451429553334134,0.23627975006858035,0.26340343050643783,0.2551738640915685
40134,Death March,Rock,../data/raw/fma_small/040/040134.mp3,0.3400704812,0.5724109469,0.470798377394482,0.3863161467726622,0.6177221308624753,0.5560302905933067,0.24002554554416336,0.22058059246658962,0.278013343548047,0.2613805184412001
40229,The Sound & The Sea,Folk,../data/raw/fma_small/040/040229.mp3,0.1068876138,0.4413884514,0.3211298234461789,0.40216403631674236,0.7044407354111303,0.7448813988190162,0.196880462999812,0.2134987484596806,0.288850042606263,0.30077074593424447
40230,Lay Your Head On The Rails (& Comeback),Folk,../data/raw/fma_small/040/040230.mp3,0.5387105134,0.4478721943,0.49537789599193277,0.5454604161049582,0.45463034042768663,0.5087401617106657,0.2484545348539502,0.2612146258265993,0.23853410902897962,0.25179673029047084
40231,Mouth of Seven Tongues,Folk,../data/raw/fma_small/040/040231.mp3,0.631322373,0.4212247664,0.5366554958626091,0.605618984873776,0.39582413802033706,0.48523394547325605,0.25707528755400405,0.275429715167745,0.2233047949694762,0.24419020230877472
40232,South of Portland,Folk,../data/raw/fma_small/040/040232.mp3,0.6116412438,0.3795284073,0.508992545655084,0.6160722394593371,0.38396896714766265,0.5175942044038387,0.24974165436086299,0.2779681933686526,0.22039103986678188,0.2518991124037026
40233,Destin Rain,Folk,../data/raw/fma_small/040/040233.mp3,0.0873644785,0.4694148731,0.3376261802578897,0.38023225073043576,0.7256906772830508,0.7464663997766631,0.19909519928258915,0.20776116383448195,0.2934911823490631,0.29965245453386585
40235,"This is Record, OK?",Folk,../data/raw/fma_small/040/040235.mp3,0.0363124831,0.5347408715,0.37898970703797963,0.3299883733417492,0.7793078435000724,0.7566900577123592,0.20393991738412423,0.1941874819381498,0.30433941165266953,0.29753318902505643
40236,Waiting Is ...,Folk,../data/raw/fma_small/040/040236.mp3,0.097241274,0.3015678926,0.2240525152908891,0.49862975944900645,0.6730217348705568,0.8070875807545139,0.1762382213602321,0.23192495614674116,0.2761117927426383,0.31572502975038846
40237,Moo-Hoo,Folk,../data/raw/fma_small/040/040237.mp3,0.4773435207,0.2330809006,0.3756218463952666,0.6387572863689222,0.4046581900683454,0.6562525049014206,0.2148491050385252,0.2795193119015858,0.22117899113850267,0.28445259192138644
40238,AIRAID AIR RAID,Folk,../data/raw/fma_small/040/040238.mp3,0.0384640725,0.0349508807,0.036749482547315464,0.6829345823484819,0.6803575912470554,0.9632941250041419,0.1362889916965563,0.26007308040286403,0.25940373720509663,0.34423419069548306
40239,She-Wander(er),Folk,../data/raw/fma_small/040/040239.mp3,0.3786080879,0.3360001722,0.3579386818588651,0.5404812002011373,0.4995117737059477,0.6430488627397314,0.21357214946563863,0.256343215095084,0.24605320770666878,0.2840314277326086
40240,Creepin' Crazy Time,Folk,../data/raw/fma_small/040/040240.mp3,0.1111440115,0.3398661516,0.2528457951951212,0.4733548822478259,0.6728944825512044,0.7828926063310683,0.1828902930038387,0.2280113864653105,0.278365547400276,0.31073277313057474
40241,Reverse Hymnal,Folk,../data/raw/fma_small/040/040241.mp3,0.1862464781,0.3465112739,0.27817064326097984,0.48048687065540846,0.6254058111916032,0.7379845220410977,0.19145484381065547,0.23438573671373,0.27093722343129883,0.3032221960443156
40242,Song for RO-HE-GE,Folk,../data/raw/fma_small/040/040242.mp3,0.1417613293,0.5371723468,0.3928424650235273,0.3422759932068874,0.7159356626302125,0.6894864220749828,0.2137930265767418,0.20325104902507923,0.2953324228681294,0.28762350153004956
40243,Coming Home Pt. III,Folk,../data/raw/fma_small/040/040243.mp3,0.2685302973,0.2648927991,0.2667177492997601,0.5533945777576155,0.5500982280388927,0.7332907072856778,0.19032667689082855,0.2535139310317505,0.2526796362755924,0.30347975580182857
40244,... Is All We Have,Folk,../data/raw/fma_small/040/040244.mp3,0.2495380505,0.4459863125,0.361367561898331,0.42965125659346565,0.6172912313425034,0.6595924133829497,0.21232378758995302,0.22732849914322326,0.2742488974560782,0.28609881581074537
40245,Ringers in the Fold,Folk,../data/raw/fma_small/040/040245.mp3,0.4383158206,0.3471217365,0.3953569643619717,0.5560444161840971,0.46689539371203204,0.6089906174724807,0.22288362780089827,0.2617362294054741,0.23941255040702747,0.27596759238660024
40525,sweet and lowdown,Hip-Hop,../data/raw/fma_small/040/040525.mp3,0.3372183872,0.4512445076,0.39833267899140257,0.45543870669110653,0.5669660800722277,0.6084455837233661,0.22340020952046818,0.23652900714948955,0.2644357275095638,0.2756350558204785
40654,A Boat in the Fog and a Battle,Instrumental,../data/raw/fma_small/040/040654.mp3,0.2927342428,0.5159469525,0.41946072205972185,0.40000043106334676,0.6190420458667273,0.6060248361666899,0.22692608660151534,0.22255273033044426,0.27705212865750806,0.27346905441053243
40655,The Dragon,Instrumental,../data/raw/fma_small/040/040655.mp3,0.1430256655,0.2071637889,0.17800727010872566,0.569669026112146,0.6234267580971808,0.8255283967323964,0.16802824201268787,0.2485872345735742,0.2623164398027619,0.321068083610976
40656,Into The Sewers,Instrumental,../data/raw/fma_small/040/040656.mp3,0.078240884,0.2865199917,0.21001826298309095,0.5075309636725968,0.682544347853262,0.8242249663086132,0.1724513650440693,0.23220670751212227,0.27661906409058123,0.31872286335322725
40657,Opium,Instrumental,../data/raw/fma_small/040/040657.mp3,0.1089532054,0.3760072009,0.2768142121492207,0.4479050202306219,0.6838661438087089,0.7691980900572971,0.18778663072801763,0.2228273337527098,0.28212727728839443,0.3072587582308781
40658,The Auction 1,Instrumental,../data/raw/fma_small/040/040658.mp3,0.3914664944,0.1280389441,0.2912387229096331,0.6758557905515303,0.4397197963726833,0.7518740288253306,0.19178385741811826,0.2817403953094973,0.22248286085022156,0.30399288642216293
40659,The Auction 2,Instrumental,../data/raw/fma_small/040/040659.mp3,0.7366611136,0.6455955012,0.69262657596286,0.5780450436860743,0.49302176435735134,0.31220979954196765,0.29460547463564307,0.2627112590831025,0.2412979013998533,0.20138536488140107
40660,Pursuit,Instrumental,../data/raw/fma_small/040/040660.mp3,0.0665684246,0.8182571635,0.5805067358665149,0.1368609034253238,0.8777355215475762,0.6724302806138311,0.24485217356516464,0.15711983945346844,0.32960120069681814,0.26842678628454886
40842,Death Proof,Electronic,../data/raw/fma_small/040/040842.mp3,0.4485127931,0.5688285746,0.5122156151738402,0.4399275642965732,0.5602249934873628,0.49499845325810427,0.2523739813807977,0.23477415033282203,0.26478585866529186,0.2480660096210884
40843,Sunshine,Electronic,../data/raw/fma_small/040/040843.mp3,0.1349854554,0.9303121971,0.6647186838214247,0.10741848780022607,0.8982569082513572,0.6136393697614969,0.2641297734585046,0.15128119937174084,0.33361204399249383,0.25097698317726075
40844,E.M.F.H.,Electronic,../data/raw/fma_small/040/040844.mp3,0.3400254495,0.8897306994,0.6735124437463981,0.25276137458331144,0.7833221319363095,0.47314148304840603,0.2784703753927735,0.18283070447956706,0.31079122045511215,0.22790769967254731
40845,Rouge,Electronic,../data/raw/fma_small/040/040845.mp3,0.6230995041,0.7152350308,0.670751124223114,0.48442960257045753,0.5716708550788393,0.3340247531943874,0.28987348090217513,0.24059692751948766,0.2625297176949825,0.20699987388335478
40903,The Devil is a Sad Spirit,Rock,../data/raw/fma_small/040/040903.mp3,0.3100308781,0.3708488379,0.341795264703329,0.49595883405139457,0.5538890907696402,0.6602607719481892,0.20929426564958287,0.24417979059805442,0.25874293953512856,0.2877830042172341
40940,Maria (and) Could Not Call It Love (and) How Do You Sleep,Rock,../data/raw/fma_small/040/040940.mp3,0.4695943734,0.6317436913,0.5566053211326173,0.42197842624137094,0.5832796157188627,0.4565867045952435,0.2627502327978964,0.2296547285649008,0.2698532223746126,0.23774181626259014
40984,Crooked,Rock,../data/raw/fma_small/040/040984.mp3,0.7064090843,0.4323552126,0.5856384653708957,0.6407941943572661,0.36954475753550853,0.45189392031977793,0.2675815476228165,0.2827548024915755,0.21557969659637216,0.2340839532892359
40985,Chocolate Makes You Happy,Rock,../data/raw/fma_small/040/040985.mp3,0.3623643791,0.7207124829,0.5704096888414552,0.32350383339955285,0.6804431159356421,0.49222997788046763,0.26162067790705007,0.2043817983108374,0.29205118778562233,0.24194633599649018
40986,Doubt,Rock,../data/raw/fma_small/040/040986.mp3,0.187589107,0.8875255607,0.6414402910485538,0.15466119836744255,0.8507975904881568,0.5799404963273848,0.26400260887150734,0.16225673950543631,0.3254849697262091,0.2482556818968471
41095,The Lonely Smurfer,Rock,../data/raw/fma_small/041/041095.mp3,0.4748594127,0.8631456461,0.6966031396035963,0.3494428250881504,0.7144204094268216,0.3837328176030657,0.2893507034731494,0.20448183491586,0.2945523449487429,0.2116151166622477
41191,Candyboy,Folk,../data/raw/fma_small/041/041191.mp3,0.1421386005,0.3230507562,0.2495647940250091,0.489113310201987,0.6481851478680649,0.7727180790668386,0.18356090263649438,0.23324631079700214,0.2734631453191211,0.3097296412473824
41192,Storms That Breed,Folk,../data/raw/fma_small/041/041192.mp3,0.1183000365,0.2154615972,0.17380822550137892,0.5610237981154971,0.6418015758409589,0.8345344004604831,0.1665040866563962,0.24523953485907415,0.2658715251484776,0.3223848533360519
41310,Mercury Spring,Folk,../data/raw/fma_small/041/041310.mp3,0.3044890724,0.4483669975,0.3832404986807745,0.4455404384891328,0.585136058903473,0.6277079017577274,0.21906079760138453,0.2331423580420055,0.2680691222582545,0.27972772209835545
41568,Dismissal,Pop,../data/raw/fma_small/041/041568.mp3,0.0615553929,0.1043059015,0.08564107508316635,0.6348452506252217,0.6676668337137921,0.9173184285412566,0.14665545510949857,0.2539887992052656,0.26246342828792124,0.33689231739731457
41812,Flashback Documentary of Indonesian Independence Hegemony,Rock,../data/raw/fma_small/041/041812.mp3,0.0899352206,0.1862249128,0.14623279736731132,0.5789292860323004,0.6568476310575148,0.8632635157504741,0.15984486686843075,0.24638620686932677,0.26635196117954973,0.32741696508269275
41961,Chasmaeon,Rock,../data/raw/fma_small/041/041961.mp3,0.0987233775,0.3426236459,0.2521282094439415,0.4700478572415877,0.6817956119669648,0.7888102500585346,0.18213091306116816,0.22647744940353465,0.2798890105127397,0.31150262702255743
41962,Living Tribunal,Rock,../data/raw/fma_small/041/041962.mp3,0.1982554844,0.5963020998,0.4443430157662928,0.318022980082075,0.7065304177884232,0.634730755092491,0.22774781931396293,0.20072161047145673,0.29601980569137126,0.27551076452320905
41965,Servant Eye,Rock,../data/raw/fma_small/041/041965.mp3,0.1913906416,0.6431730125,0.47450073851385355,0.28631789736269087,0.7305890152816372,0.6249698366722929,0.23349704931623166,0.193443716453368,0.301647077673841,0.2714121565565594
41971,El Agujero,Instrumental,../data/raw/fma_small/041/041971.mp3,0.4641191581,0.9831930307,0.7687896749217251,0.3283969146722483,0.791781792014853,0.3791112969383159,0.2990147471830491,0.19250076612833503,0.30596937368599975,0.2025151130026162
42018,La boite a track (Spain),Electronic,../data/raw/fma_small/042/042018.mp3,0.3500980178,0.5178546653,0.44200796171588586,0.42132691929217153,0.587599370677192,0.572204819203956,0.2339013096122678,0.22911366409588102,0.2705591332385824,0.2664258930532687
42019,Them Never Love No Bans - DnB Mix (Germany),Electronic,../data/raw/fma_small/042/042019.mp3,0.9639614869,0.6534367239,0.8234686698252774,0.7243368872864421,0.46275172963891964,0.2463786504220929,0.31602269502606223,0.2861975332670097,0.22032353738585725,0.17745623432107088
42040,Enjoy Your Holiday,Hip-Hop,../data/raw/fma_small/042/042040.mp3,0.6431368151,0.6027536872,0.6232724004679522,0.5345229630100875,0.49530967089799843,0.3775949984905567,0.27955328961624953,0.2558121785038811,0.245975073945807,0.21865945793406236
42044,NanowaR,Rock,../data/raw/fma_small/042/042044.mp3,0.2422254212,0.9448941178,0.6897456228670674,0.17565564740217962,0.8564599249610448,0.5372424827433873,0.274874985756578,0.16438749604222916,0.32474189551035226,0.23599562269084057
42045,The Great Break-off,Hip-Hop,../data/raw/fma_small/042/042045.mp3,0.2985370992,0.9557567683,0.7080237989467623,0.21340321360046396,0.8383081776262267,0.49699480115490663,0.2810010862269299,0.1713550893823038,0.3201030302749828,0.22754079411578348
42046,Bottles of Reason,Hip-Hop,../data/raw/fma_small/042/042046.mp3,0.5162531206,0.7682946831,0.654520436888325,0.4001278785644456,0.6419843313543437,0.3792745688870845,0.2839042022870848,0.2201357292038519,0.28036736464949064,0.21559270385957263
42048,Fractals,Pop,../data/raw/fma_small/042/042048.mp3,0.8520872815,0.7635869701,0.8090481432524761,0.6252774808037461,0.5499741963040441,0.19719190272493256,0.3178401328160811,0.2644832353654628,0.24529819243125342,0.17237843938720265
42129,Full-A-Blues,Experimental,../data/raw/fma_small/042/042129.mp3,0.906078309,0.2138919328,0.6583037524415378,0.8482168930636843,0.16518329660897796,0.5598156738414972,0.268379373403415,0.32450946139348597,0.1639040336862017,0.24320713151689724
42135,E Boogie,Experimental,../data/raw/fma_small/042/042135.mp3,0.6900313238,0.1245917162,0.49581565302582054,0.7881887119119513,0.23622412659468317,0.6566659133725619,0.23334617863946736,0.3125911651331775,0.1799954494506446,0.27406720677671065
42138,Capture My Soul,Experimental,../data/raw/fma_small/042/042138.mp3,0.5580060142,0.1290469812,0.4049838485916467,0.7314129725538793,0.32558547790112186,0.6906221269407039,0.21550363510764686,0.298690195748792,0.1990546493673858,0.2867515197761753
42139,Bebop Rain,Experimental,../data/raw/fma_small/042/042139.mp3,0.2752638268,0.7498770424,0.5648388057946938,0.2629939811698661,0.7374137574873253,0.5421272980874288,0.25605846196163823,0.18934314687964426,0.30428986096446775,0.25030853019424976
42141,Smoke In The Blues Bar,Experimental,../data/raw/fma_small/042/042141.mp3,0.0892205082,0.2151812938,0.16471686052876947,0.5585251564096769,0.6617485443447941,0.8501351905094002,0.16363792560198392,0.2426122554321297,0.2689936841155393,0.32475613485034716
42146,Blues For Brownie,Experimental,../data/raw/fma_small/042/042146.mp3,0.8510796775,0.1931489953,0.6171074265631971,0.8292602610878274,0.17245839619876935,0.5801662719595579,0.2603408087868614,0.32186892910730036,0.16689127380445126,0.250898988301387
42234,Lacin Cocek,International,../data/raw/fma_small/042/042234.mp3,0.7699140141,0.3559566909,0.5997802743105399,0.7097743913047486,0.29970379268875885,0.4835966009516883,0.26685561830460824,0.29788332223771247,0.19767638514265334,0.23758467431502592
42235,[interview],International,../data/raw/fma_small/042/042235.mp3,0.5727350341,0.1597699501,0.4204472952942406,0.7190312774978862,0.3225537071872563,0.6665365285715721,0.22057001447737193,0.29731707224705956,0.20000084316290775,0.2821120701126607
42236,Kozarica Kolo,International,../data/raw/fma_small/042/042236.mp3,0.4634880911,0.2284028391,0.36536903775529633,0.6364681411117379,0.41231837534874816,0.6645326203808442,0.21239520702151632,0.27853614253533077,0.2226048131210567,0.2864638373220962
42238,Srebrin,International,../data/raw/fma_small/042/042238.mp3,0.6964324769,0.1851595493,0.5095597381946734,0.7579522263896479,0.2514331917011437,0.6148651076366458,0.24006662537703957,0.3077565285807214,0.18545086051321177,0.26672598552902715
42240,Vranski Cocek,International,../data/raw/fma_small/042/042240.mp3,0.8573955005,0.4400376707,0.6814543990292846,0.7241149268288588,0.32708500035367494,0.4085913933948726,0.28519308550320926,0.29762281748225133,0.20009595874162872,0.21708813827291087
42241,Boki Trinaest,International,../data/raw/fma_small/042/042241.mp3,0.6018614401,0.3376848499,0.48798988254431636,0.6328106158762,0.3691513041635038,0.5464319129275079,0.24366667673637957,0.28163782746231364,0.21636409941681864,0.2583313963844881
42243,Prodzo Selo,International,../data/raw/fma_small/042/042243.mp3,0.5341265268,0.3852638195,0.4656819500727721,0.5758436064797279,0.42747298373532316,0.5454074919943618,0.2402714038053129,0.2682530603472175,0.23126405831657226,0.2602114775308974
42245,Michael's Ruchenitsa,International,../data/raw/fma_small/042/042245.mp3,0.9337836931,0.3983332732,0.7178514407722885,0.7854791008160881,0.2855293293496316,0.42801136050209043,0.28840465828927175,0.3085834217055882,0.18717470761844418,0.21583721238669576
42247,Cororo,International,../data/raw/fma_small/042/042247.mp3,0.8653356902,0.4616222539,0.6935059343760608,0.7206443138711448,0.34002175050254246,0.39241882844075304,0.2882043391897535,0.2961328345772311,0.202387779121112,0.21327504711190326
42310,Sumar (intro),Rock,../data/raw/fma_small/042/042310.mp3,0.0355624237,0.1315054709,0.0963285390111598,0.6146329933610988,0.6882708505581393,0.9177207052409924,0.14792162444675308,0.24838675398524154,0.26736770426217354,0.3363239173058318
42372,Only Instrumental,Electronic,../data/raw/fma_small/042/042372.mp3,0.5653674285,0.5296297687,0.5477901154191804,0.5200425385013797,0.48446525370862153,0.4528540751179777,0.26173190718932055,0.2545693128326109,0.24567164383627155,0.238027136141797
42373,Mell's Parade,Electronic,../data/raw/fma_small/042/042373.mp3,0.0678411833,0.3964510071,0.28440800549751444,0.4294611815881316,0.7162728043776856,0.7852360939176664,0.187044719956393,0.21624259630945883,0.2880725998832076,0.3086400838509405
42374,My Luck,Electronic,../data/raw/fma_small/042/042374.mp3,0.0551813192,0.1402834215,0.10659365913692745,0.60916236478315,0.6754116440869223,0.9032704287577444,0.1506637374663278,0.24904140182341614,0.26609900381561863,0.3341958568946375
42375,Day Bird,Electronic,../data/raw/fma_small/042/042375.mp3,0.350523019,0.5459508217,0.4587639297960224,0.40560266466320183,0.5999511015756949,0.5603485545460877,0.23771089048202693,0.22540390456078116,0.27375741326263664,0.2631277916945553
42376,My Always Mood,Electronic,../data/raw/fma_small/042/042376.mp3,0.6264010697,0.7316624448,0.681068364135355,0.48186271055769464,0.5809070897536099,0.3252546727197146,0.29199842499390655,0.23925806871945737,0.2641684938959034,0.20457501239073264
42377,Night Owl,Electronic,../data/raw/fma_small/042/042377.mp3,0.4044588228,0.5628761784,0.4901104628300391,0.42110816588553013,0.5794389035743761,0.5223727257193613,0.24633256410441487,0.22990822616368023,0.26934981177222794,0.254409397959677
42475,A 1 Freedom voice of my soul,Rock,../data/raw/fma_small/042/042475.mp3,0.7071125098,0.8299669206,0.7709906584407821,0.5142564290341453,0.6223456319465501,0.23947268112031256,0.3102544421924685,0.24000470148761333,0.26740054841828254,0.18234030790163558
42648,anita the saggitarius,Folk,../data/raw/fma_small/042/042648.mp3,0.1704361997,0.1752920498,0.1728811743528831,0.5954795132039656,0.5995429098451853,0.8271394386351263,0.16717457990717166,0.25509524721177645,0.2561339092011788,0.32159626367987315
42659,Nick Drake,Folk,../data/raw/fma_small/042/042659.mp3,0.0399086371,0.1377707294,0.10142355050624959,0.6103408942527886,0.6858411620027582,0.9124732160985842,0.1490823107688511,0.247996818742376,0.26744560134050377,0.33547526914826914
42761,BLACK FOREST,Rock,../data/raw/fma_small/042/042761.mp3,0.6817297673,0.6085947705,0.6461977523571479,0.5558567842991843,0.48563542689082095,0.3567169709327409,0.2845811211434449,0.2599988949188186,0.2423677069788565,0.21305227695888
42789,SLEEPING OUTDOORS,Rock,../data/raw/fma_small/042/042789.mp3,0.6872093184,0.6834629172,0.6853386777657184,0.5350011084490043,0.5314882734752134,0.314669457751564,0.29341948269504403,0.25246325096091965,0.25157794510043185,0.2025393212436045
43844,swimming in random thrift store items,Hip-Hop,../data/raw/fma_small/043/043844.mp3,0.5173226903,0.5425548728,0.530088933999878,0.48830257540701844,0.5134896178591413,0.4702304911946129,0.25743271269551476,0.24689719056361883,0.25319477644301214,0.24247532029785432
43856,raiz latina,Hip-Hop,../data/raw/fma_small/043/043856.mp3,0.323948077,0.72878261,0.5639443453171642,0.2987484135777209,0.7029119060132677,0.5150752737369606,0.25850158233519915,0.1982850978953457,0.297040762198598,0.24617255757085715
43857,fuckthatpimptalking,Hip-Hop,../data/raw/fma_small/043/043857.mp3,0.2337648564,0.4256599533,0.34338928632899335,0.4384703509537849,0.6197994397912403,0.6771199245817061,0.20771436547486077,0.22843345845337776,0.27384822963731936,0.2900039464344422
43858,tell me how,Hip-Hop,../data/raw/fma_small/043/043858.mp3,0.9135093379,0.5014004481,0.7368519932067013,0.735901088321446,0.35977982432689093,0.35782827430583036,0.2967847382732134,0.2965026583525627,0.2035547316215546,0.20315787175266928
43859,tameka method (pt.1),Hip-Hop,../data/raw/fma_small/043/043859.mp3,0.4628918182,0.5521188063,0.5094624675217198,0.45544834999516615,0.5446652069054156,0.4945112549915516,0.25199019181904747,0.23874022780761572,0.261018922523487,0.2482506578498498
43860,20 years,Hip-Hop,../data/raw/fma_small/043/043860.mp3,0.5255736914,0.4707018905,0.4988927614287946,0.5274391878748186,0.47256776869148426,0.5026115851291613,0.24958182459756278,0.25680916031063733,0.2430973117338145,0.25051170335798545
43861,loosemarbles,Hip-Hop,../data/raw/fma_small/043/043861.mp3,0.4277623401,0.7316991212,0.5993180389295321,0.35704760268952956,0.6568255260617846,0.4469011641138789,0.27007557028433654,0.21196716350296138,0.2860622077864104,0.2318950584262917
43863,western chow yun-fat,Hip-Hop,../data/raw/fma_small/043/043863.mp3,0.9174338282,0.6251047258,0.784997053288482,0.7007964382555038,0.4458548479848572,0.27144395309455716,0.3095981266746974,0.28459709431036795,0.22055186565145019,0.1852529133634846
43865,up north,Hip-Hop,../data/raw/fma_small/043/043865.mp3,0.8861414203,0.6596169274,0.7811341458686587,0.6712329151955817,0.4733171595684642,0.2537955991382811,0.31044851244850663,0.27813784483450205,0.22819512626451954,0.18321851645247178
43866,contemplate jat,Hip-Hop,../data/raw/fma_small/043/043866.mp3,0.9798046553,0.5241899583,0.7857455933475248,0.7701987919784435,0.37093325837009244,0.33675142741353564,0.3045709276481784,0.2998724417826213,0.2011581986736796,0.19439843189552072
43867,one last try,Hip-Hop,../data/raw/fma_small/043/043867.mp3,0.4781425791,0.6220099471,0.5547597228709671,0.4309853860862016,0.5741217388497601,0.4556378209936838,0.26255249096494193,0.23198592247476696,0.26768556950498396,0.2377760170553071
43868,ididntknow,Hip-Hop,../data/raw/fma_small/043/043868.mp3,0.1749555263,0.685519326,0.5002730167130764,0.2544676113991761,0.7584969116293104,0.6243382408207927,0.23759782406795843,0.1858191751387399,0.30760094949135225,0.2689820513019494
43869,as jimmy used to say,Hip-Hop,../data/raw/fma_small/043/043869.mp3,0.8472184597,0.6913449449,0.7732195520339693,0.637591978264793,0.5006495939752795,0.2435263251634457,0.31023398428599736,0.27088631391671797,0.23621840990150636,0.18266129189577815
44092,Future Paths,Electronic,../data/raw/fma_small/044/044092.mp3,0.2009984288,0.2272705122,0.2145370062433507,0.5645844621027569,0.5873905840646916,0.7859753088029289,0.17724780477241156,0.2515385445064903,0.2573410783796402,0.313872572341458
44236,With Me (Instrumental),Hip-Hop,../data/raw/fma_small/044/044236.mp3,0.6108554756,0.4668473122,0.5436408855940043,0.5733219865742402,0.429755671154475,0.46673614032923705,0.25984389974890937,0.2676719506816275,0.2318744011440712,0.24060974842539187
44777,Old Wedding Song,Folk,../data/raw/fma_small/044/044777.mp3,0.1459500558,0.3138663107,0.24475853384555565,0.49602462558851457,0.6433946565602064,0.7746550028175291,0.1826750945961491,0.23485662633588003,0.27214778834121517,0.3103204907267556
44791,Wonder World,Experimental,../data/raw/fma_small/044/044791.mp3,0.506514888,0.6003011683,0.5553912244661404,0.45624362342283614,0.5494947899789394,0.44904716446493537,0.26323789204325415,0.23839061189371327,0.26169029419682566,0.23668120186620692
44792,Spaceman,Experimental,../data/raw/fma_small/044/044792.mp3,0.9566456975,0.5339836126,0.7746965499699247,0.7524434410208545,0.378825879574382,0.3309462712213331,0.30370101893938006,0.29701736888357355,0.2044192550611108,0.19486235711593558
44794,The Great Big Ice Cream Sundae From Outer Space,Experimental,../data/raw/fma_small/044/044794.mp3,0.6805165192,0.2868722699,0.5222061049727695,0.6970128737482768,0.3036160352663067,0.5525490267576545,0.2484178821350977,0.2958696854466884,0.19964130214258677,0.2560711302756271
44795,Space Machine,Experimental,../data/raw/fma_small/044/044795.mp3,0.4592149452,0.3637143667,0.41422608949643736,0.5548593394000956,0.46083436071923983,0.590469255185662,0.22771563396469527,0.26210125039038773,0.23858029069675138,0.2716028249481656
44796,Reizen Naar de Maan (Traveling to the Moon),Experimental,../data/raw/fma_small/044/044796.mp3,0.9477004018,0.2298411211,0.6895516632277766,0.8635047047701554,0.1666766164169202,0.5458387796411988,0.2740514539781155,0.3261211436223472,0.16246146418802146,0.2373659382115158
44797,I Came From the Coldest Star,Experimental,../data/raw/fma_small/044/044797.mp3,0.7145253809,0.5153931285,0.6229673333551717,0.6104876492834672,0.41660883035247076,0.3977056562681172,0.27782049083155796,0.2743749233922083,0.22601846188444658,0.22178612389178723
44798,Lighten Up Now,Experimental,../data/raw/fma_small/044/044798.mp3,0.6721094433,0.6890361994,0.6806254431978841,0.5236552248649069,0.5395753428654021,0.31953927963290557,0.2923896020011615,0.24991402233184848,0.25392452216787176,0.2037718534991182
44799,Spacespagetti (stoleyourburgermix),Experimental,../data/raw/fma_small/044/044799.mp3,0.6773420104,0.2808925312,0.5185040082471188,0.6985369534737073,0.3024969357998992,0.557325636381755,0.24736730415777342,0.29616218857600624,0.1993111598665493,0.25715934739967106
44800,Avaruusmiehen Pieni Askel (Spaceman's Small Step),Experimental,../data/raw/fma_small/044/044800.mp3,0.3462249233,0.5116804147,0.4368572674808414,0.42327751824403265,0.587042885018486,0.5770086083853753,0.23261170218429764,0.22947424475626604,0.27030640981096615,0.26760764324847003
44801,The Voyage,Experimental,../data/raw/fma_small/044/044801.mp3,0.9555299739,0.8562410149,0.9072447868735087,0.6832657524046981,0.6062698486723204,0.10640542518668088,0.3346294439537414,0.26747998675905016,0.24765802025445627,0.15023254903275227
44802,Shiny Spaceship,Experimental,../data/raw/fma_small/044/044802.mp3,0.2043783139,0.820188856,0.5976956812204668,0.1924870680061334,0.8079986469354994,0.5767780833644754,0.25771939018894946,0.17185700158328718,0.3180390976495177,0.2523845105782457
44805,Start Again,Pop,../data/raw/fma_small/044/044805.mp3,0.2129870314,0.1593550023,0.18809238727632968,0.6132077493405548,0.5677954867303092,0.8142706628949054,0.17058832302312274,0.2609603677929034,0.24937462543941705,0.3190766837445569
44806,Letter to the Los Angeleans [BEFORE],Pop,../data/raw/fma_small/044/044806.mp3,0.3994613095,0.0511705761,0.28476987695844924,0.727958313863459,0.426183731884419,0.794016370878416,0.18609484579736868,0.28987358214292464,0.21436288909654205,0.30966868296316463
44809,Everything Already,Pop,../data/raw/fma_small/044/044809.mp3,0.0931322656,0.1400824287,0.11894684889958104,0.6116092904486816,0.6488575246255065,0.883704508624427,0.15422763789209062,0.25241943302684555,0.2619989129888314,0.3313540160922324
44820,Rhumbus,International,../data/raw/fma_small/044/044820.mp3,0.0996876914,0.3092101433,0.229726520602507,0.49352216866938614,0.6731170647577834,0.8024191171502172,0.1775291579334257,0.23111848787484143,0.27658699744935505,0.3147653567423779
44821,Otrov,International,../data/raw/fma_small/044/044821.mp3,0.0798901143,0.3042587241,0.22243628475793575,0.4951960992141532,0.6852647564824221,0.8156770576502157,0.17507034203114696,0.22996972321934608,0.2781098888861282,0.3168500458633788
44822,Watchyerstep,International,../data/raw/fma_small/044/044822.mp3,0.2066325524,0.3047967293,0.2603824666748092,0.5128374982893296,0.6009712776428322,0.7459019689286642,0.18804147651273725,0.24204353093092934,0.26434402219736547,0.3055709703589679
44823,Black Bear Kolo,International,../data/raw/fma_small/044/044823.mp3,0.2605634849,0.5311833433,0.4183593394813831,0.37926401573481633,0.6437864956888262,0.6190942648186131,0.22538677619008982,0.21674522988089792,0.28237757332740987,0.2754904206016024
45055,Pesnya Marka,Rock,../data/raw/fma_small/045/045055.mp3,0.0708231025,0.3473390083,0.2506594288417583,0.4642102335874086,0.7014321398163021,0.802912223388881,0.18035068519672623,0.2232861228951148,0.28306482006377,0.313298371844389
45099,Spell,Electronic,../data/raw/fma_small/045/045099.mp3,0.5509344473,0.9860039475,0.7986653084075142,0.3896951723509922,0.7661147613469339,0.31769148564868654,0.3076460479683225,0.20437975167725456,0.29779322808243675,0.19018097227198605
45101,Straw Fields,Electronic,../data/raw/fma_small/045/045101.mp3,0.9569624779,0.9585446371,0.9577538842055611,0.6773092835705408,0.6784762522084611,0.04225384847371113,0.34339549786102846,0.25941737140111903,0.2597202800457446,0.1374668506921079
45103,Poppies,Electronic,../data/raw/fma_small/045/045103.mp3,0.9060103423,0.9616800211,0.9342599219000726,0.6412188242470193,0.6832505099659493,0.0717721273805494,0.339429811715031,0.25321174812968616,0.2640815015589461,0.14327693859633664
45149,Magyar Skweeast,Electronic,../data/raw/fma_small/045/045149.mp3,0.3518195223,0.7095450222,0.5600138903635331,0.32259965158087095,0.6795557630541436,0.5022459685254819,0.25909998457181543,0.20434296623666906,0.29200061274661254,0.24455643644490302
45150,Suffer,Electronic,../data/raw/fma_small/045/045150.mp3,0.5371741529,0.2023911913,0.4059053244659805,0.6799764268927511,0.3571903967491747,0.6520688523690061,0.2199315299768057,0.28927777132484406,0.20947435949278215,0.2813163392055681
45151,Vychovaj Ma,Electronic,../data/raw/fma_small/045/045151.mp3,0.8018434773,0.7840642998,0.7930037163561783,0.5871887212427619,0.5718491207081724,0.20723686220050216,0.31523314943566433,0.25659463062117954,0.25268860650435654,0.1754836134387995
45152,Million Flutes And One Drunken Shepherd,Electronic,../data/raw/fma_small/045/045152.mp3,0.8547121196,0.8504210232,0.852569271112811,0.6135579343842191,0.6100510162648939,0.14744903948764743,0.32614673887967705,0.256809884630712,0.25591085073360587,0.16113252575600512
45153,Green Deli,Electronic,../data/raw/fma_small/045/045153.mp3,0.116092507,0.5788569075,0.41746424370358265,0.3089004488035009,0.7471170509170597,0.6923344424994357,0.21720400187252242,0.19485841498017445,0.3020189669675242,0.2859186161797789
45154,101010W,Electronic,../data/raw/fma_small/045/045154.mp3,0.2062173739,0.8489686609,0.6177675098645734,0.18074300911591515,0.821838988089684,0.5713586101952747,0.26130176237433994,0.16878933795526438,0.32045677355729596,0.24945212611309978
45513,Oh mary what have you done,Folk,../data/raw/fma_small/045/045513.mp3,0.027877029,0.1278967758,0.092560018382405,0.6169850737278424,0.693318345352949,0.9234682193789623,0.14687758578077456,0.2481478022373332,0.267831437219439,0.33714317476245326
45514,Evils,Folk,../data/raw/fma_small/045/045514.mp3,0.0740792566,0.3681438545,0.2655349636719483,0.44984993323581024,0.704577575808557,0.7926447538666125,0.1835655592382552,0.22071821535281316,0.2847508213770814,0.31096540403185025
45515,Broken boiler,Folk,../data/raw/fma_small/045/045515.mp3,0.0362256269,0.2293983549,0.16421921518982538,0.5454994003090765,0.7005300305751083,0.8725502672268012,0.1611747678987786,0.23598529086917536,0.27555854388934287,0.32728139734270323
45516,We wont be mowing today,Folk,../data/raw/fma_small/045/045516.mp3,0.0659561324,0.4084485458,0.292558050621839,0.4208820110002927,0.7208564909769839,0.7817835600622787,0.18858609909641946,0.2144075454946866,0.28941252778805643,0.3075938276208374
45517,Tip toes,Folk,../data/raw/fma_small/045/045517.mp3,0.0301508218,0.5558503821,0.3936233728679811,0.314784017332465,0.7904356633325483,0.7542798921938498,0.20637552288749533,0.19072985981154997,0.3068962450255126,0.2959983722754421
45518,Chicago,Folk,../data/raw/fma_small/045/045518.mp3,0.1320254291,0.2664885662,0.21029368730940415,0.5270055680181998,0.6420264837389384,0.803560476642664,0.17475118268492518,0.2398647036681445,0.26910346809048236,0.31628064555644797
45519,Swimmer,Folk,../data/raw/fma_small/045/045519.mp3,0.1230100864,0.1725179679,0.14982311337787785,0.5915479671186779,0.6320101889228056,0.8525953970097659,0.16143760533568602,0.25109806927917533,0.26146640343067057,0.3259979219544682
45520,Sisters,Folk,../data/raw/fma_small/045/045520.mp3,0.068551199,0.2974942381,0.2158727502338323,0.4991060069699808,0.691411487678299,0.8249579426816367,0.17315885353710087,0.22985361699538726,0.278591942397386,0.31839558707012594
45521,Rivers,Folk,../data/raw/fma_small/045/045521.mp3,0.2383311252,0.2929710653,0.26705221431596005,0.5275848935205191,0.5770491833206746,0.7348569212241641,0.1902034680623401,0.2468120369478505,0.2593273991299167,0.30365709585989276
45522,Windings,Folk,../data/raw/fma_small/045/045522.mp3,0.0468692092,0.0808539152,0.06608357728740989,0.6507788595115096,0.6763858588018388,0.9362926437749584,0.14239249897812517,0.2555153801462469,0.2621428550342113,0.33994926584141666
45523,North bank upper,Folk,../data/raw/fma_small/045/045523.mp3,0.0397228219,0.4147551629,0.2946181831896197,0.4147827274199739,0.7396465723343497,0.795186700760238,0.1873404415045299,0.21126051680922858,0.29235122173411976,0.3090478199521217
46157,over and under,Electronic,../data/raw/fma_small/046/046157.mp3,0.025364777,0.4594272978,0.32535888944062186,0.3826631797521611,0.7619013255914671,0.7880776180923011,0.19250343814529242,0.20385690555806366,0.29786979164018673,0.3057698646564572
46158,slow motion,Electronic,../data/raw/fma_small/046/046158.mp3,0.0356855752,0.0671685283,0.05378229946433471,0.660093938341863,0.6835253912881886,0.9487035534009932,0.13970525122513497,0.25617133391801844,0.26224467622257097,0.34187873863427565
46159,All Tremors Cease (lokey's imminent revision),Electronic,../data/raw/fma_small/046/046159.mp3,0.1806290508,0.5882633695,0.43513253491804227,0.317926018822306,0.7132399821548153,0.6484195421516853,0.22483179862075114,0.19996573859724925,0.29691918820482327,0.27828327457717633
46160,kaze no tani no naushika,Electronic,../data/raw/fma_small/046/046160.mp3,0.3080777273,0.5691414095,0.45762092940881754,0.3745337174848079,0.6335133682354224,0.5763660106503418,0.23592342185313145,0.2171134562506812,0.28129380922532243,0.2656693126708649
46732,Where The Wild Things Are,Pop,../data/raw/fma_small/046/046732.mp3,0.4875435957,0.4454855618,0.46698829936110103,0.5221039263788133,0.48014005877470095,0.5338997230193824,0.2415982879466237,0.25528792012605117,0.24479671688616392,0.25831707504116125
46733,Hands In,Pop,../data/raw/fma_small/046/046733.mp3,0.4003814502,0.4595087176,0.43096030398091867,0.47562387030859354,0.5341772490543993,0.5708210015471801,0.2323138592914607,0.24292502715320236,0.2575737905378533,0.2671873230174836
46736,Out of Time,Pop,../data/raw/fma_small/046/046736.mp3,0.347313628,0.5355242474,0.451338551282659,0.4101002809971353,0.5969864821534315,0.5664526568689826,0.23593860409386588,0.22640679265000807,0.27293114572337607,0.26472345753274995
46839,"Get up, Do Your Thing",Pop,../data/raw/fma_small/046/046839.mp3,0.7653673926,0.6544635098,0.712077850840432,0.5937940348787015,0.49161720175104595,0.2953370333323077,0.29852663838150456,0.26522415959691165,0.23946290521384944,0.19678629680773432
46840,Wave a White Flag (Surrender),Pop,../data/raw/fma_small/046/046840.mp3,0.2919070295,0.3578097267,0.32652527803574605,0.4988076086993073,0.5609917358538549,0.6759452647931793,0.2053180675147291,0.24392057408248358,0.2595700954314771,0.29119126297131026
46841,All the Time,Pop,../data/raw/fma_small/046/046841.mp3,0.7048684873,0.4346413033,0.5855564220990633,0.6389327195890475,0.3714940593891865,0.45096178647581264,0.2676520047568495,0.2823264271309586,0.2160749383496555,0.2339466297625365
46842,I Can't Without You,Pop,../data/raw/fma_small/046/046842.mp3,0.1094559202,0.4864919787,0.3526010804055129,0.37126209502605434,0.7175455398113313,0.7268972575289682,0.203531767014218,0.20736553605099398,0.29317407797266065,0.2959286189621273
46844,If She Gives You Her Heart,Pop,../data/raw/fma_small/046/046844.mp3,0.4648002249,0.3903838818,0.42920788916114233,0.5420659833619551,0.46842201828923824,0.5736159912503864,0.2317592852250885,0.25944827666788844,0.24102806969398655,0.2677643684130366
46846,Valentines Day Directions for the Lonely,Pop,../data/raw/fma_small/046/046846.mp3,0.4104472364,0.800871214,0.6363417459519025,0.3225827082177773,0.7031952653716573,0.44001405345865446,0.2761228167243139,0.20176158279729395,0.29521363311257887,0.22690196736581328
46854,Halloween Night,Pop,../data/raw/fma_small/046/046854.mp3,0.4164625626,0.2924276847,0.3598298325780962,0.580559922586102,0.4615354220568349,0.6485269933573934,0.213277288524759,0.2659539658628759,0.2361102206404013,0.28465852497196376
46855,Turkey Time,Pop,../data/raw/fma_small/046/046855.mp3,0.7946170379,0.7483808468,0.7718452334432256,0.5893761257372303,0.5487513339291555,0.22966754165320688,0.3110680475455236,0.2591851271311737,0.24886679441399578,0.1808800309093069
46928,Living Country Song,Pop,../data/raw/fma_small/046/046928.mp3,0.2345839307,0.0930778482,0.17845602591143378,0.6623961843067201,0.5452179586955131,0.8391571809167233,0.1666206158890495,0.2703343767834088,0.2404426019409075,0.32260240538663415
46930,Ride my Bike,Pop,../data/raw/fma_small/046/046930.mp3,0.192809653,0.2841933188,0.24283884032474998,0.5241921246740258,0.6051124270499404,0.7628680951319627,0.1837022867865413,0.2433911268744459,0.2639052210079918,0.30900136533102096
47068,A Night Of Dizzy Spells,Electronic,../data/raw/fma_small/047/047068.mp3,0.979947605,0.8350020944,0.9103641596080171,0.7026811572105881,0.5906058737422201,0.11752958648277155,0.3342973036152717,0.2716047067460423,0.24280834823367628,0.15128964140500967
47069,Underclocked (underunderclocked mix),Electronic,../data/raw/fma_small/047/047069.mp3,0.9654354808,0.9481515763,0.9568325556824719,0.6836497373025537,0.6708897516088994,0.04406225724870374,0.3432097781668471,0.26116673636218707,0.25785542362225167,0.1377680618487142
47070,Chibi Ninja,Electronic,../data/raw/fma_small/047/047070.mp3,0.9546892377,0.6986644045,0.8365295842633261,0.7078964195754724,0.49506818484707066,0.21547181520508282,0.3197541134298327,0.2811586610909492,0.22725912936604392,0.17182809611317412
47071,All of Us,Electronic,../data/raw/fma_small/047/047071.mp3,0.9237749245,0.5392782408,0.7563666875713537,0.7299399463433014,0.3851176983308631,0.3302081173557999,0.30149502419144786,0.2936318498557945,0.20799302038139147,0.19688010557136626
47072,Come and Find Me,Electronic,../data/raw/fma_small/047/047072.mp3,0.8736525401,0.6741261652,0.7802931652367717,0.6593415340437913,0.48497926101558186,0.24714109009879334,0.31083631727232636,0.2754248546275298,0.23135482208601083,0.18238400601413307
47073,Searching,Electronic,../data/raw/fma_small/047/047073.mp3,0.7463370037,0.9298921299,0.8431246338299729,0.5300632210132354,0.6815586141124812,0.18609141455458428,0.3225387815928557,0.23584197167531185,0.27441933667184376,0.16719991005998874
47075,Ascending,Electronic,../data/raw/fma_small/047/047075.mp3,0.4355393436,0.270687035,0.3626058402319315,0.6006629340739322,0.44265522901046256,0.6521170268980139,0.21331528580521902,0.27065051610784646,0.23109310357445148,0.28494109451248306
47076,Come and Find Me - B mix,Electronic,../data/raw/fma_small/047/047076.mp3,0.4066021548,0.60895141,0.5177582119237661,0.39890118577724937,0.6012249256430537,0.5025136826142106,0.2525345086597954,0.22423416408053906,0.274517392900233,0.2487139343594325
47077,Arpanauts,Electronic,../data/raw/fma_small/047/047077.mp3,0.9644153287,0.5125681146,0.7722768280662471,0.7640964497810888,0.3633127722336002,0.34558364525547774,0.3022193595713392,0.2997571754143289,0.20077583843718552,0.19724762657714642
47471,Weed Wolf,Rock,../data/raw/fma_small/047/047471.mp3,0.2899654509,0.623583464,0.4862799087407784,0.3359831627402477,0.6682085742827157,0.5682598303108709,0.2412303573286742,0.20756728880595882,0.28936271837724736,0.2618396354881196
47628,A Promise,Folk,../data/raw/fma_small/047/047628.mp3,0.3799162723,0.4549150861,0.4190967128955428,0.46981588804535873,0.5438067510245244,0.5837899419824301,0.2291539395668764,0.24107622699009387,0.25959014997483987,0.2701796834681898
47665,My Darling Grace,Pop,../data/raw/fma_small/047/047665.mp3,0.0389588747,0.2279857613,0.16354708996712672,0.5465911537307528,0.6984187683164846,0.8716668025322034,0.161182637595575,0.23641345042679554,0.2751756979790011,0.32722821399862845
47666,No Love Song,Pop,../data/raw/fma_small/047/047666.mp3,0.0646902666,0.1847866134,0.1384393785825047,0.5782550026954458,0.6741477545333145,0.8773189736591304,0.1573646412383872,0.24429616791401193,0.26888238244257673,0.3294568084050242
47894,Palm Springs,Pop,../data/raw/fma_small/047/047894.mp3,0.4346845429,0.8480315942,0.6738353792275882,0.3256110011943511,0.7206730017135287,0.41392992305315124,0.28368659285169734,0.20026584411182544,0.29728988453682453,0.21875767849965275
47895,Malta,Pop,../data/raw/fma_small/047/047895.mp3,0.6227115964,0.9221217732,0.7867904094803609,0.44375373266066653,0.7045051824154839,0.27240737664438236,0.30974225284369605,0.2197968767543763,0.2852754720774274,0.18518539832450023
47896,Mirrors,Pop,../data/raw/fma_small/047/047896.mp3,0.0372143642,0.532813437,0.377673845765472,0.33139718884637753,0.778089435460527,0.7567098073735279,0.20374490621319583,0.1945311091935763,0.3040780285468567,0.2976459560463711
47897,An Island,Pop,../data/raw/fma_small/047/047897.mp3,0.235730562,0.3854581743,0.3194893597567257,0.4654194631703346,0.6052626611627075,0.6934585169264001,0.2023718646548709,0.23416758226067477,0.26931460203494173,0.2941459510495127
47916,Plumy Tale,Rock,../data/raw/fma_small/047/047916.mp3,0.607860691,0.7597508427,0.6880101607703034,0.46217652322806135,0.6045637189934397,0.32518678882017765,0.2929544041146153,0.2337339124387593,0.26950057873172706,0.20381110471489836
47921,Eclectic Prawn,Rock,../data/raw/fma_small/047/047921.mp3,0.4972619822,0.6888027185,0.6007156831457221,0.4147970750586745,0.6029903397047349,0.41808447863707127,0.27279965731204336,0.2265167880707303,0.2734208891184886,0.22726266549873786
48015,The Ocean,Rock,../data/raw/fma_small/048/048015.mp3,0.426263239,0.1739724042,0.3255508764739386,0.6572754133336721,0.4239341153681189,0.7111594265514234,0.20131809131899148,0.28051038231862346,0.22213147580470483,0.29604005055768023
48293,aaf,Electronic,../data/raw/fma_small/048/048293.mp3,0.9743537514,0.9780619219,0.9762095973554998,0.6891467594562042,0.6918319352046328,0.023864296951457652,0.3461666496445543,0.2597858057832617,0.2604843137173226,0.1335632308548613
48367,What It Is Impossible Not to Know and What It Is No Longer Permissible To Believe in the United States,Rock,../data/raw/fma_small/048/048367.mp3,0.1114333977,0.9301126242,0.6623922160695945,0.09300980437345516,0.9095768522832957,0.6302518750544011,0.26214649349017005,0.14834209679437343,0.3356564340662698,0.25385497564918663
48368,A Hymn to the Projectile,Rock,../data/raw/fma_small/048/048368.mp3,0.1158841963,0.8683975055,0.6194930889488274,0.1239926681516279,0.8762918982595695,0.6320522015271838,0.25544811727484057,0.15563583771388692,0.3302394953862728,0.2586765496249997
48369,One Enemy Among Twenty-Five Million Friends,Rock,../data/raw/fma_small/048/048369.mp3,0.1242906718,0.9759782741,0.6956945316055424,0.08951316777913192,0.9272001992589598,0.6194529323571364,0.2679156191898972,0.14612913445294473,0.3377066924113627,0.2482485539457954
48488,Mito Bekriyo,International,../data/raw/fma_small/048/048488.mp3,0.2548176642,0.1799974487,0.22060272383501195,0.6071804616944014,0.5420773907510131,0.7834860872175244,0.17835413926108507,0.2625256674558828,0.24597890668973968,0.31314128659329254
48489,Ay Gyorushitse,International,../data/raw/fma_small/048/048489.mp3,0.7838536514,0.325037344,0.6000315915881792,0.7314373294437763,0.27601496246371054,0.5011456030973868,0.2652861460222818,0.3025403864822553,0.1918650788358243,0.24030838865963852
48491,Chuperlika,International,../data/raw/fma_small/048/048491.mp3,0.327793772,0.2598335542,0.2957720683653143,0.5724050683083581,0.5095952751204589,0.7070033877041157,0.19740373340519093,0.26031281427442654,0.2444655126645233,0.2978179396558593
48492,Snoshti Te Prativ,International,../data/raw/fma_small/048/048492.mp3,0.8194643819,0.1993655925,0.5963507829606771,0.8101041067898697,0.1901837912068548,0.5803484142632015,0.25715924582549077,0.3184447053591806,0.17131920885683202,0.25307683995849656
48493,Chunovo,International,../data/raw/fma_small/048/048493.mp3,0.7741586574,0.2477606375,0.5747638472980782,0.763277696949733,0.23705447213855402,0.5553685130261604,0.2563019562781932,0.30947277251272015,0.1828464795045419,0.2513787917045447
48494,Mostarski Duchani,International,../data/raw/fma_small/048/048494.mp3,0.5277260322,0.2119069772,0.40211896998748814,0.6706658548217572,0.36602408913048107,0.6496665734234741,0.21961170225885268,0.28726578921511864,0.21182619771463237,0.28129631081139633
48808,Local Boogie,Folk,../data/raw/fma_small/048/048808.mp3,0.8196754856,0.7555369279,0.7882588252326027,0.6048264607778687,0.5492508442934638,0.21480121521323564,0.31413051198103054,0.2614848059432683,0.24734906605549561,0.17703561602020548
48815,FUN,Folk,../data/raw/fma_small/048/048815.mp3,0.8529979992,0.4535118293,0.6831100079614686,0.7163291517711098,0.3371072289007131,0.40016178537826147,0.2861356093353682,0.29580042905538356,0.20244395400577114,0.21562000760347716
48990,Rompuy Reggae,Rock,../data/raw/fma_small/048/048990.mp3,0.1726358474,0.0150227943,0.12253330191441059,0.707100852621497,0.5851312354318884,0.9095909896090925,0.15199110384591444,0.27270470484083614,0.24139145861235872,0.3339127327008908
49441,You Taste Like The Tropics,Rock,../data/raw/fma_small/049/049441.mp3,0.888407381,0.9145879346,0.9015926920542261,0.6310954347526105,0.6515074837372065,0.09936833884888341,0.3344408870809595,0.25517839439205525,0.2604406320963162,0.14994008643066917
49473,"Smile For Me, Sun",Pop,../data/raw/fma_small/049/049473.mp3,0.6544033429,0.4075082264,0.5451177348896147,0.6242156025694842,0.37782271238132875,0.48501729411556477,0.25840259427362644,0.27967177384541564,0.21859567468458652,0.24332995719637143
49478,Obituary Of A Sell Out MC (Featuring D-Fine),Hip-Hop,../data/raw/fma_small/049/049478.mp3,0.6881125388,0.44998283,0.5813705416292566,0.6229035853760156,0.38714230958950374,0.44709768269841793,0.26736330819029486,0.2787015461125447,0.2201656475128809,0.2337694981842794
49812,Rotting Heights,Rock,../data/raw/fma_small/049/049812.mp3,0.2052909143,0.4583014147,0.35509473821091136,0.4096228245655699,0.6486920369521084,0.6800734843420052,0.209148706491841,0.22086984682291252,0.280519379587512,0.28946206709773453
49817,New Brigade,Rock,../data/raw/fma_small/049/049817.mp3,0.2370101123,0.4554983722,0.36307888978106967,0.41991416742550397,0.6283439885163652,0.6628105277563522,0.2122351615839541,0.2246469795535464,0.27670722877198284,0.28641063009051665
49842,Apple spell,Folk,../data/raw/fma_small/049/049842.mp3,0.2319786304,0.1585900396,0.19870189433242624,0.6171648104123361,0.5545302628453155,0.8055518436520983,0.17296161666801974,0.26283661857476265,0.24687893368024896,0.3173228310769686
49843,Gone,Folk,../data/raw/fma_small/049/049843.mp3,0.2582527175,0.0246299477,0.18344086297747234,0.7134567979281715,0.5247836056032236,0.8664686289819844,0.16432076992875544,0.2791743136025178,0.23117226634319765,0.32533265012552914
49844,Bubba’s Blues,Folk,../data/raw/fma_small/049/049844.mp3,0.2584958621,0.0673484591,0.18888611074661707,0.6843460409273829,0.5264808645458857,0.8425162560051784,0.16763524942327362,0.27513184382578143,0.23495293993344774,0.32227996681749727
49845,Steamengeene,Folk,../data/raw/fma_small/049/049845.mp3,0.7158996699,0.3342729442,0.5586818139992858,0.6912687068669697,0.31020267470402735,0.5118132034185252,0.25799945907172406,0.2945781642139385,0.20123600006870743,0.24618637664563006
49846,Really Really,Folk,../data/raw/fma_small/049/049846.mp3,0.1934201937,0.1005744322,0.15415347505537771,0.6505296777793069,0.5747548174410102,0.8542649869751475,0.1618224632311092,0.26583505727887324,0.24643571556615382,0.3259067639238638
49847,Satisfied mind,Folk,../data/raw/fma_small/049/049847.mp3,0.7965255209,0.3969643245,0.6292986494387055,0.7064364555183846,0.3154223664951153,0.45002993765457283,0.27422191234268484,0.29621202060377594,0.2003491099735379,0.22921695708000142
49848,I will never love a young boy again,Folk,../data/raw/fma_small/049/049848.mp3,0.1122921422,0.095897584,0.10441712459386648,0.6442090902094219,0.6313563127968634,0.8959426375100422,0.15114529534200927,0.2593124124840451,0.25600085471084755,0.33354143746309817
49849,Hwaii Blus,Folk,../data/raw/fma_small/049/049849.mp3,0.2258379491,0.097273943,0.1738749539762145,0.6579958636801836,0.5517196303560629,0.8409046364007221,0.16582853183784255,0.26909789180911436,0.24196642821513825,0.32310714813790486
49856,Blinde state,Folk,../data/raw/fma_small/049/049856.mp3,0.4651949419,0.1175785802,0.3392867935030718,0.7053629902720981,0.3871957984606704,0.7296177123299543,0.20126353468367242,0.29023512312841726,0.2111405809567123,0.29736076123119803
49857,After you,Folk,../data/raw/fma_small/049/049857.mp3,0.6206064563,0.1809771998,0.4571132903606571,0.7266191302356044,0.2972307250678275,0.6382545762658866,0.22935013624093362,0.30029209619580294,0.1954622468002334,0.27489552076303003
50444,Thrashing In The Unknown,Rock,../data/raw/fma_small/050/050444.mp3,0.1051125586,0.7096544666,0.5072761141335007,0.21834511528858272,0.8075992182824252,0.6652533583307824,0.2341647023281197,0.17540432280156984,0.31619143212176937,0.27423954274854095
50445,I've Got A Wild Feeling,Rock,../data/raw/fma_small/050/050445.mp3,0.1011635831,0.5214077984,0.3755663475192935,0.345893456123389,0.7347696906439342,0.7200546506265916,0.2077180284907219,0.2016449820080761,0.29749126727849606,0.29314572222270596
50446,Violence Now,Rock,../data/raw/fma_small/050/050446.mp3,0.1193981242,0.4984736978,0.3624444367491963,0.3645439231840824,0.7155192838284948,0.7165850596617559,0.20616452865168886,0.20659782297156346,0.2934623582796791,0.2937752900970686
50447,Beluga,Rock,../data/raw/fma_small/050/050447.mp3,0.0419166161,0.4771664521,0.33870697196468835,0.37088537414879025,0.7568393467292039,0.771776745346404,0.19631681056237507,0.20273670893689985,0.29822913769494264,0.3027173428057824
50448,Fertile Ground,Rock,../data/raw/fma_small/050/050448.mp3,0.1002658022,0.5916916146,0.4243537426951507,0.29729528139441136,0.7614527541084753,0.6986549091929306,0.21752508674245963,0.19157046874254183,0.3047260562071734,0.2861783883078251
50449,Interview,Rock,../data/raw/fma_small/050/050449.mp3,0.330860176,0.0826850293,0.24114857467243384,0.6895415910346137,0.4767519890535815,0.8028744794589913,0.17904580968194603,0.28034884689539896,0.22661331515723213,0.3139920282654228
50752,Ballada Bezbożna,Rock,../data/raw/fma_small/050/050752.mp3,0.2890116073,0.969360628,0.7152579032316537,0.205507275139694,0.8500483873494155,0.5032113202575454,0.2813834432347855,0.16901165511770658,0.3219862329923749,0.227618668655133
50753,Całujcie Mnie,Rock,../data/raw/fma_small/050/050753.mp3,0.2393013803,0.9324790529,0.6807284093934842,0.17581841330015213,0.8509346549855534,0.5400099389412968,0.273385155138714,0.16500431572992763,0.32411159035880543,0.23749893877255296
50754,Biopsja Duszy,Rock,../data/raw/fma_small/050/050754.mp3,0.3723842951,0.8730120894,0.6711259835067024,0.27820495383410904,0.7602800738134852,0.452784387140103,0.27994094666641756,0.18898311009512353,0.30604518867860003,0.2250307545598589
51261,The End,Pop,../data/raw/fma_small/051/051261.mp3,0.6209766782,0.6038484467,0.6124724407882811,0.520839748891302,0.5041287658179748,0.38768204217522706,0.27712783614533154,0.2528625878524936,0.24867211639356046,0.22133745960861442
51265,City Lights,Pop,../data/raw/fma_small/051/051265.mp3,0.2137695226,0.7956043812,0.5825305743809791,0.20913509721860032,0.7909313165431201,0.574428382210205,0.2556217521240903,0.17596820827611823,0.3148510164371561,0.25355902316263546
51272,Summer Blood,Pop,../data/raw/fma_small/051/051272.mp3,0.5255452446,0.2787419792,0.4206512184042778,0.6310352354227167,0.38910435996658216,0.6104590270812641,0.22664868775899555,0.27971890960562307,0.21961023789681997,0.27402216473856145
51333,Afternoon Tea,Folk,../data/raw/fma_small/051/051333.mp3,0.3984298126,0.5697272426,0.49159711478459184,0.4146570639269699,0.5858650959602689,0.5229824739554235,0.2465068370784307,0.22825186238879586,0.2708750680014814,0.254366232531292
51785,Yellow Dust,Electronic,../data/raw/fma_small/051/051785.mp3,0.7993044257,0.1185091254,0.5713720231804668,0.8414017253805341,0.1648076550811274,0.6392592883747094,0.24714655478920408,0.3237628172202119,0.1645833504916143,0.26450727749896974
53807,Dull Light,Rock,../data/raw/fma_small/053/053807.mp3,0.1305566872,0.9596136603,0.6848004912406979,0.09663359924736954,0.9156391350327382,0.6154521632941923,0.26680882517617643,0.14817077584269708,0.3360873294123924,0.2489330695687341
53937,B7 Suddenly Yr In My Heart,Pop,../data/raw/fma_small/053/053937.mp3,0.4399864306,0.4287197352,0.43438961225038897,0.5098770440322287,0.49870623079228055,0.5656749680081693,0.23336499657549817,0.25166306986711934,0.24886743255693594,0.2661045010004466
54061,Kottke and the Orchids,Folk,../data/raw/fma_small/054/054061.mp3,0.2406138335,0.3224204118,0.28447314356266323,0.5084334347861317,0.5833619253160285,0.7196462492839267,0.1943781364883996,0.24317119714868382,0.26209163665402035,0.30035902970889616
54064,Russian Dance,Folk,../data/raw/fma_small/054/054064.mp3,0.1842404848,0.1753503611,0.1798503619363044,0.597491248127217,0.5900048032758883,0.82021662186804,0.1688447231723114,0.2563696583725499,0.25445752752539297,0.32032809092974585
54735,Drums Over London,Rock,../data/raw/fma_small/054/054735.mp3,0.9395043545,0.8963865267,0.9181985725794153,0.6683577574823799,0.635282822203525,0.08483948070842809,0.3370299844121744,0.26252100183300503,0.25398015918821826,0.1464688545666024
55286,Take on me,Pop,../data/raw/fma_small/055/055286.mp3,0.726287141,0.8970758292,0.8161611527501237,0.5186937420659813,0.6631982254638583,0.20677537826929665,0.31801123062982095,0.23618591915716877,0.2729050060148959,0.1728978441981143
55402,Total Decay,Rock,../data/raw/fma_small/055/055402.mp3,0.0388666913,0.933378584,0.6605702842099599,0.054539127066971636,0.9473575930350836,0.6812545963743858,0.2565054796504096,0.13992672187471286,0.34170142736794096,0.26186637110693667
55709,11,Rock,../data/raw/fma_small/055/055709.mp3,0.157794249,0.6706717605,0.48718560905964947,0.2582209464292579,0.7612854712095993,0.6394402303380837,0.23390940249727227,0.18604139615863052,0.30767183178375934,0.2723773695603378
55710,Train's gone,Rock,../data/raw/fma_small/055/055710.mp3,0.0526420483,0.177358198,0.13081879766881122,0.5828853745150184,0.6815214666637532,0.8871940664384051,0.15536231079761698,0.24416066094410885,0.2694714767952418,0.3310055514630323
55711,Tarmac,Rock,../data/raw/fma_small/055/055711.mp3,0.2539638395,0.734669825,0.5496532468470974,0.2597091965440504,0.7403748052638988,0.5598973363658343,0.2519701146119669,0.18855060593688183,0.3049146941228198,0.2545645853283314
55712,Kino,Rock,../data/raw/fma_small/055/055712.mp3,0.0591505959,0.5431996725,0.3863707268928589,0.32570334063333795,0.7682003271931847,0.739548558378499,0.20705292939301617,0.1948650118391789,0.3033247635562872,0.2947572952115176
55715,Chain splendour 2,Rock,../data/raw/fma_small/055/055715.mp3,0.4042317521,0.6395552471,0.5349926277524663,0.38296457362201136,0.6180496417355882,0.49237192502161303,0.2561578599029994,0.22003042682751822,0.27834209331188137,0.245469619957601
55718,Kopeika,Rock,../data/raw/fma_small/055/055718.mp3,0.3094774009,0.8619850281,0.647608851984119,0.23960842445162178,0.7809736386512598,0.4979305133933735,0.2725813011835733,0.1812607305541347,0.3114695900546389,0.23468837820765304
55719,Children,Rock,../data/raw/fma_small/055/055719.mp3,0.2155433181,0.8399925704,0.6132073223244959,0.18981741161542157,0.8126991460881315,0.5661160054727108,0.2611234840076715,0.17098973125027705,0.3187749085863887,0.24911187615566274
56523,Sports Day,Electronic,../data/raw/fma_small/056/056523.mp3,0.0807624794,0.5049801713,0.3616127427822564,0.35465984329002687,0.7416207227029906,0.7382554605571883,0.20355194092326462,0.20214157348983874,0.2976532416013126,0.2966532439855841
56929,Hit and Run,Rock,../data/raw/fma_small/056/056929.mp3,0.3502061031,0.9159336069,0.6933897485892517,0.25466789461702033,0.794092715209418,0.46330296075965854,0.28206573647400934,0.18189294466151423,0.3119500623587751,0.22409125650570136
58207,Hasta Abajo,Hip-Hop,../data/raw/fma_small/058/058207.mp3,0.7075648577,0.9356028925,0.8294578953468306,0.5023917870081017,0.6931345774474058,0.21173721910234372,0.31920647486907633,0.23015938373947495,0.2785269525235438,0.172107188867905
58212,Guerrilla Music,Hip-Hop,../data/raw/fma_small/058/058212.mp3,0.6551179962,0.7612914117,0.7101915947380968,0.4930321384419489,0.5909772457858602,0.29658505244978384,0.29817988962719355,0.23997566072395096,0.26466969428907844,0.19717475535977702
58221,Kick Back,Rock,../data/raw/fma_small/058/058221.mp3,0.5869539379,0.8111905467,0.7080060127822934,0.435983907312966,0.6436758316387846,0.321135531412955,0.29597078851812864,0.22548162195848595,0.2775304289008923,0.20101716062249309
58539,Whispers In My Mind,Rock,../data/raw/fma_small/058/058539.mp3,0.7087710606,0.9732154713,0.8513239013212685,0.5015345587901844,0.718318400405325,0.20679906445838922,0.32203954278296576,0.22698524131797385,0.28193282709210643,0.16904238880695394
59667,Prekhvrukna Ptichka,International,../data/raw/fma_small/059/059667.mp3,0.1844535026,0.119725158,0.15549470743329685,0.6359665447488307,0.5828594182474591,0.848528104095419,0.1626063511151149,0.2629079822066247,0.24930996631176394,0.3251757003664965
59876,Lovedropper,Rock,../data/raw/fma_small/059/059876.mp3,0.2953282131,0.670768185,0.5182415997684059,0.3127397811768062,0.6879288790496562,0.5499799611172361,0.24805153978567263,0.20197314190562093,0.29392476274880547,0.256050555559901
60476,Perfect Tomorrow,Hip-Hop,../data/raw/fma_small/060/060476.mp3,0.3695261961,0.8664773573,0.6660828102862764,0.27782899931228155,0.7577203402699861,0.45570029269122014,0.2789803447276517,0.18921567828056063,0.30575338948725156,0.22605058750453602
61670,Japan Punk,Pop,../data/raw/fma_small/061/061670.mp3,0.6118464609,0.7680285313,0.6943428247655081,0.46269150305937673,0.6084944514154136,0.3197451580608299,0.29424556755784403,0.23340225020708302,0.2700389773546294,0.20231320488044363
61679,Frågan,Pop,../data/raw/fma_small/061/061679.mp3,0.4780416907,0.7125905368,0.6067574190663954,0.39441606051492545,0.6245901655422644,0.42133399826279544,0.27341575234846377,0.2211082013493057,0.2783352397599708,0.22714080654225968
63043,"Dont Talk, Just Kiss",Rock,../data/raw/fma_small/063/063043.mp3,0.3827510068,0.9286271627,0.7102276890232687,0.27531111048290974,0.7884620241047331,0.4393690939919795,0.2864164938335504,0.18540274244912364,0.3097239319798633,0.2184568317374626
63045,Brassneck,Rock,../data/raw/fma_small/063/063045.mp3,0.3089994278,0.8374517145,0.6311917381032949,0.24688316214326655,0.7677262418661084,0.5019480729615947,0.269834485846778,0.18373604317266912,0.3093097677607322,0.23711970321982062
63208,The Road Is Paved With Leaves,Folk,../data/raw/fma_small/063/063208.mp3,0.1939819124,0.3166173495,0.26256002013136576,0.5023150551908465,0.6123363877570752,0.747220517833513,0.18820653782702956,0.23919879880053865,0.2670180697010446,0.30557659367138723
63472,A Season of Grey Rain,Rock,../data/raw/fma_small/063/063472.mp3,0.1198300389,0.8753960551,0.624770954633543,0.1222402988122529,0.8777862535114734,0.6285798690331316,0.2566262937948415,0.15525831234929405,0.3305097685643525,0.257605625291512
63805,Meridian Sound (Part Three),Hip-Hop,../data/raw/fma_small/063/063805.mp3,0.518930127,0.7396624209,0.6389009992165784,0.4105265714907409,0.6239105382985147,0.38678409856138407,0.28104876031538956,0.22366597386131318,0.2768671304429759,0.21841813538032132
63922,Happy Me,Rock,../data/raw/fma_small/063/063922.mp3,0.1526332188,0.355410824,0.2735084580937193,0.4683973234859522,0.6497489190824435,0.752836525315293,0.1891445337321722,0.22984388484975374,0.27554526394371687,0.30546631747435715
63999,Brute,Pop,../data/raw/fma_small/063/063999.mp3,0.2178582874,0.4869970633,0.37724552552130103,0.39410293480998404,0.6515028005510356,0.661406709843378,0.21453700214481275,0.21818419493954383,0.2822348434867055,0.28504395942893784
64005,Giraffes,Pop,../data/raw/fma_small/064/064005.mp3,0.830118178,0.8626122105,0.8465211205722324,0.5949670554533821,0.6216750192623699,0.1544914854445642,0.3250140970225214,0.25272817189151603,0.2595689720489529,0.16268875903700963
64006,Moi Samolety,Pop,../data/raw/fma_small/064/064006.mp3,0.5680549266,0.801838862,0.6948496097170906,0.42541405492060697,0.6440194512000341,0.336038973221847,0.2930182088417162,0.22381038514936757,0.27849625013947493,0.20467515586944127
64007,Nevesta,Pop,../data/raw/fma_small/064/064007.mp3,0.3670479312,0.9013191764,0.688149853427498,0.26875833823769474,0.7787825688677726,0.45297142644132327,0.2822671305405013,0.1855756060493157,0.3090449110128652,0.22311235239731791
64008,Brute (One Remix),Pop,../data/raw/fma_small/064/064008.mp3,0.1725058647,0.579549407,0.42757209246508726,0.3213541461611677,0.7143612738348665,0.6563250890793167,0.2227963686615425,0.20034487629210887,0.29679669940951575,0.28006205563683284
64009,Nevesta (Flayve Remix),Pop,../data/raw/fma_small/064/064009.mp3,0.2583936949,0.6174660614,0.47330309450969305,0.3264196039953045,0.6823650960977204,0.5900475090807954,0.23698096839225474,0.20460808016882487,0.2920841183596638,0.26632683307925664
64035,Criminal Kids,Rock,../data/raw/fma_small/064/064035.mp3,0.5643382218,0.8590773193,0.726805155843043,0.41130088166697387,0.6811075632820633,0.323774911721137,0.2982364985238995,0.2175399510800759,0.2849145179904382,0.1993090324055865
64364,Almighty,Pop,../data/raw/fma_small/064/064364.mp3,0.5612631896,0.4553674895,0.5110655136543152,0.5530103703790273,0.44712947749700993,0.4945273300301502,0.25223863090789317,0.2630437700065346,0.23661623126575357,0.24810136781981879
64365,I Feel,Pop,../data/raw/fma_small/064/064365.mp3,0.4373751967,0.5417299036,0.4923252741546126,0.4479444965298876,0.5522761798877572,0.5131072746233621,0.24756314266190602,0.2368163375618934,0.2628586872847133,0.2527618324914874
64366,Trouble,Pop,../data/raw/fma_small/064/064366.mp3,0.4102467807,0.2372663269,0.3351102288466673,0.6123990027569165,0.4495020409048949,0.681751976805103,0.20597115922293205,0.2717887008046823,0.2309330790052252,0.29130706096716047
64567,The Best,Rock,../data/raw/fma_small/064/064567.mp3,0.345488391,0.8990965109,0.681078836930176,0.2545031850766535,0.7863714078691831,0.46827714039248314,0.2799479564605712,0.18273336422541975,0.3110321512461762,0.22628652806783278
65745,Everpresent Future,Hip-Hop,../data/raw/fma_small/065/065745.mp3,0.5318351853,0.7223588363,0.6342913182063015,0.4242247518142803,0.6086791363698018,0.3848784934909819,0.2805441356141985,0.2273895196244859,0.27345002383773903,0.2186163209235766
65755,Reality Bites,Pop,../data/raw/fma_small/065/065755.mp3,0.6390923354,0.8008041539,0.7244743977776306,0.47334870775704085,0.6211045142608935,0.2914904179132832,0.30045469401918784,0.2337310940744856,0.27094804603072264,0.19486616587560393
65756,"Darkling, I Listen",Pop,../data/raw/fma_small/065/065756.mp3,0.3934361313,0.6692043593,0.5489200597165467,0.3634678426755483,0.6386525664703909,0.48854144282672385,0.2586640693342878,0.21487962190078225,0.28294787601453525,0.24350843275039463
65893,Sleeping Beauty,Folk,../data/raw/fma_small/065/065893.mp3,0.2630941265,0.4661204749,0.3784751091682249,0.4208597549777119,0.616562471903618,0.6434507027425642,0.2166605506746746,0.2260410210737344,0.27490324761411283,0.28239518063747826
66641,Home,Pop,../data/raw/fma_small/066/066641.mp3,0.8423540693,0.8618141437,0.8521396588434413,0.6035957707554094,0.6195061976072691,0.1482355732400854,0.32604832861372,0.254296708653123,0.25837503576489274,0.16127992696826426
66643,Ha Ha Ha,Pop,../data/raw/fma_small/066/066643.mp3,0.6249029994,0.8470115819,0.7442890495405184,0.4549226388804237,0.6550291519206823,0.2864465185090026,0.303398726673064,0.22716609805065932,0.2774908535399986,0.19194432173627804
66644,Devils,Pop,../data/raw/fma_small/066/066644.mp3,0.4196336957,0.9325266305,0.7230831055827964,0.3005370976755812,0.7766694804608083,0.41314507304246273,0.2903670757932762,0.19029964203582572,0.306351236695173,0.2129820454757251
67016,Kodak Ghosts,Folk,../data/raw/fma_small/067/067016.mp3,0.3376255313,0.5506515452,0.4567319364883273,0.3974324050808859,0.6090800690454231,0.5659743680665913,0.23683085657552705,0.22319518765689916,0.27580506599693644,0.2641688897706374
67121,#3,Rock,../data/raw/fma_small/067/067121.mp3,0.3494355595,0.8565685547,0.6541463517990164,0.2670934197466543,0.7605733955851747,0.47106616878307284,0.2759341308370153,0.1873744926587841,0.3069206437111271,0.2297707327930734
67470,Might As Well Whistle,Electronic,../data/raw/fma_small/067/067470.mp3,0.8525069094,0.7666497291,0.8107156831170355,0.6249881516892313,0.5520443908345791,0.195200615654566,0.31817351919385095,0.2642430597306334,0.2456543826582079,0.1719290384173078
67660,Suns of Neurons,Rock,../data/raw/fma_small/067/067660.mp3,0.4059780861,0.9426171325,0.725722145478537,0.2899232656031088,0.7878417013194788,0.42199219641833513,0.2899477300534268,0.1875230527146773,0.30853035111688204,0.21399886611501384
67661,Kankarah,Rock,../data/raw/fma_small/067/067661.mp3,0.0393246067,0.0699784953,0.05676008499184003,0.6582121329391314,0.6810999196507667,0.9454726887902584,0.1403749875859007,0.2561515784486601,0.2620819285535878,0.34139150541185137
67763,The Land Turned Over,Folk,../data/raw/fma_small/067/067763.mp3,0.4283183174,0.2917007556,0.3664327440595191,0.5852966771808883,0.45382225432319756,0.6436255766507333,0.21480411211157227,0.26735849600647704,0.23442038405733662,0.28341700782461404
67764,Share,Folk,../data/raw/fma_small/067/067764.mp3,0.1868179689,0.3732586623,0.295146558921078,0.46244224389966077,0.6326875392663849,0.7259716661433512,0.19523138615337807,0.23078375251006447,0.27361621001362935,0.30036865132292817
67765,Stars Climb Up the Vine,Folk,../data/raw/fma_small/067/067765.mp3,0.1734422523,0.3259934091,0.2611071788169916,0.4921214786308034,0.628279162896374,0.7541493866799657,0.18723740900049268,0.23589615294675303,0.27030457061718316,0.30656186743557107
69781,Secret Wave,Rock,../data/raw/fma_small/069/069781.mp3,0.8467340221,0.7928857548,0.820251889466403,0.6163825170891891,0.5710333966356121,0.18219051916388102,0.3201747693490068,0.2611245844636425,0.24954730791281127,0.16915333827453943
69949,All Night Long,Rock,../data/raw/fma_small/069/069949.mp3,0.7265401669,0.9221676403,0.8301366667409499,0.5166809897487762,0.6801372792074957,0.2010449657857043,0.3200306152357854,0.23391574509838536,0.275453071939399,0.17060056772643015
70426,Candy City,Pop,../data/raw/fma_small/070/070426.mp3,0.2170623798,0.1573969113,0.1895914876929071,0.6152625625743937,0.5646968677136519,0.8133176753923461,0.17089256461247343,0.2615711045359326,0.24867341816249547,0.3188629126890985
71371,Good Times,Rock,../data/raw/fma_small/071/071371.mp3,0.4369580604,0.9339490746,0.7291067207531166,0.31248605672471724,0.7711281020993614,0.4008609175853429,0.2921948580104929,0.19263558387742036,0.30473491971168143,0.21043463840040544
71372,Rock N Roll,Rock,../data/raw/fma_small/071/071372.mp3,0.2558585393,0.9113907393,0.6693641280403851,0.1914617366662726,0.831979444822566,0.5299047624878126,0.272740036159799,0.16912138332496057,0.3209015601155539,0.23723702039968655
71503,@,Electronic,../data/raw/fma_small/071/071503.mp3,0.3765094556,0.9676857856,0.7342258337216476,0.26721113244819866,0.8139890166975526,0.4414661184102907,0.2893432409009529,0.18138085046711766,0.3133675714235688,0.21590833720836064
71506,Cloudy,Electronic,../data/raw/fma_small/071/071506.mp3,0.9099728682,0.9907704,0.9512298897680556,0.6434810822301983,0.7034667262835871,0.06399246040079475,0.34159579363298126,0.2511070495849198,0.2666308145792311,0.1406663422028679
71508,Burn Down the Monostery,Electronic,../data/raw/fma_small/071/071508.mp3,0.1665144426,0.9966145851,0.7144815220943204,0.11776782376446003,0.9186780735460147,0.5893681512554074,0.27325732510441564,0.15046044650137505,0.3351608230666315,0.24112140532757784
71510,Chemtrails,Electronic,../data/raw/fma_small/071/071510.mp3,0.0564071787,0.8622986818,0.6110404186479448,0.10522220023101442,0.9038601742091835,0.6742881674191351,0.2494696329321227,0.15043317680864898,0.3343395026281481,0.2657576876310803
71511,October Surprise [wiretap mix],Electronic,../data/raw/fma_small/071/071511.mp3,0.6674345573,0.9413945371,0.8159940449414965,0.47376338427529946,0.705982807212743,0.23878271918207383,0.31570934709213716,0.22421184509826594,0.2828200316846558,0.17725877612494098
71512,Noam Chomsky's Corporate Carbohydrate Surprise,Electronic,../data/raw/fma_small/071/071512.mp3,0.4241008362,0.9178967897,0.7149811311521113,0.3054524974583652,0.7662226710973465,0.41133975252041055,0.2894636023229067,0.19219316412083648,0.304682759666588,0.21366047388966886
71513,M0NOR4V3N,Electronic,../data/raw/fma_small/071/071513.mp3,0.2774839466,0.4954317266,0.40152829062381695,0.4071771623891551,0.6194683378279187,0.6231446822137571,0.22235712494110435,0.22361674619596164,0.2765038672928584,0.2775222615700755
71515,How Ya Like Me Now Pt.2,Electronic,../data/raw/fma_small/071/071515.mp3,0.3615414936,0.4644965234,0.4162146512589421,0.4568786628007514,0.5582948524951693,0.5892339254681478,0.22815109737552355,0.23761985024233645,0.2629827178664389,0.2712463345157012
71516,Neurociencia,Electronic,../data/raw/fma_small/071/071516.mp3,0.0333587286,0.6576489778,0.46562591356967736,0.24322523221819867,0.8267096000335284,0.7251205313515793,0.22066516664414862,0.1766633224568189,0.3166288146268394,0.28604269627219314
72046,Minimum Wage Strike,Folk,../data/raw/fma_small/072/072046.mp3,0.601965829,0.4851615883,0.5466921556257396,0.5600988526347094,0.4437414607885069,0.46015746839828425,0.2609077602792705,0.26442922442466993,0.2353835334759062,0.23927948182015324
72047,We Just Want The World,Folk,../data/raw/fma_small/072/072047.mp3,0.9049302134,0.5405701418,0.7453572195027837,0.7176261163481445,0.38810716466579276,0.33174844304822415,0.29998436962380576,0.2917797593535272,0.209868326461021,0.19836754456164613
72056,T Stop Cafe,Folk,../data/raw/fma_small/072/072056.mp3,0.9164736025,0.5562116759,0.7580551736143004,0.7200249789718459,0.3977110053083863,0.31931546759185864,0.3025747236169159,0.29128380666940235,0.21102658037466157,0.19511488933902016
72059,If I Die Tomorrow,Folk,../data/raw/fma_small/072/072059.mp3,0.3396517133,0.5606523729,0.46351611060783315,0.3926764722936848,0.6125320167085252,0.5608414201831147,0.23840621040488164,0.2221019136203796,0.27671605031499863,0.2627758256597401
74937,The Freezer Song,Folk,../data/raw/fma_small/074/074937.mp3,0.3640495716,0.3036313524,0.33520448143066084,0.5556353948149795,0.4983096153710042,0.6668441499864853,0.2075970141382319,0.2587933021309902,0.24437499306590788,0.2892346906648701
75211,Noodles and commercial TV,Rock,../data/raw/fma_small/075/075211.mp3,0.9690544859,0.4264782819,0.7486488901932897,0.7962392095894578,0.302358520448233,0.40613100471109637,0.2942284804637793,0.30856944684759147,0.188305612279415,0.20889646040921425
75371,In Tune,Hip-Hop,../data/raw/fma_small/075/075371.mp3,0.8535633612,0.7327309346,0.7954448548148486,0.6324567830701284,0.5283646050327516,0.2154952928753098,0.3149467862577567,0.2675792061581261,0.24112692202272235,0.17634708556139492
75373,Owl Time,Hip-Hop,../data/raw/fma_small/075/075373.mp3,0.5409065138,0.8212914036,0.6953773890120843,0.4028129957551814,0.6653143612979233,0.3483558464404808,0.29209688163124714,0.21800568499130263,0.28344624861034773,0.20645118476710259
75374,Flying Caterpillar,Hip-Hop,../data/raw/fma_small/075/075374.mp3,0.5695995181,0.7535326171,0.6679277715641592,0.4388563442935099,0.6136187659505401,0.3507069614744819,0.28813618831712967,0.22914656420580026,0.27290513360798363,0.20981211386908646
75376,Nakturnal,Hip-Hop,../data/raw/fma_small/075/075376.mp3,0.6633817492,0.7633252804,0.7151016811857565,0.4980412975192872,0.5899056409585308,0.2909697318187841,0.29926296162869487,0.2408711813936903,0.2640468678134255,0.19581898916418938
75377,Shake Dat,Hip-Hop,../data/raw/fma_small/075/075377.mp3,0.5816832632,0.9371231003,0.7799215100902411,0.41370818411223403,0.7256681739620678,0.2991173655965868,0.30685831461506774,0.2127617083190231,0.29065377698309514,0.18972620008281402
75379,Listen,Hip-Hop,../data/raw/fma_small/075/075379.mp3,0.9613887371,0.8467983249,0.9059071991313952,0.6883818188607899,0.5993989625767544,0.11171746254766729,0.33417244871164253,0.2688441363686503,0.2459550846862742,0.15102833023343296
75380,Peace Dream,Hip-Hop,../data/raw/fma_small/075/075380.mp3,0.3399587946,0.8308935717,0.634805525148556,0.2684855360333849,0.750346093585576,0.4817942387151739,0.27219172233273836,0.1887053285906522,0.3055297783347606,0.23357317074184875
75381,Peaceburgh,Hip-Hop,../data/raw/fma_small/075/075381.mp3,0.2447995589,0.7586239207,0.5636652717242185,0.2430938457631892,0.7569141164279717,0.5606202448609372,0.2540728855214444,0.18438938617588238,0.30823732483169225,0.25330040347098093
75383,Future (Remix),Hip-Hop,../data/raw/fma_small/075/075383.mp3,0.6603086761,0.6498297361,0.6550901593111937,0.5285010697494993,0.5184924693053556,0.34497058516106144,0.28679788935846173,0.252696372634389,0.2501798500486158,0.21032588795853346
75386,Mothership,Hip-Hop,../data/raw/fma_small/075/075386.mp3,0.4776511549,0.9187722434,0.7322202745825781,0.3425993098501313,0.7473254817077939,0.3737955754283166,0.2948713328750033,0.19972034972677954,0.29935923544995824,0.2060490819482589
75389,City of Champions,Hip-Hop,../data/raw/fma_small/075/075389.mp3,0.4020391277,0.9560423959,0.7333663896579898,0.28597878519217923,0.7973626112252784,0.42396313268961805,0.29075944363816997,0.1858813685386509,0.30997526150789684,0.21338392631528227
75390,Big Plans,Hip-Hop,../data/raw/fma_small/075/075390.mp3,0.4683909938,0.8125371363,0.6631767188840227,0.35674391959748686,0.6865947616096253,0.398591558327291,0.2835040346209572,0.20867824231517668,0.2902214920818597,0.21759623098200637
75393,Thought to Thing,Hip-Hop,../data/raw/fma_small/075/075393.mp3,0.4150760396,0.7666174108,0.6164374960982324,0.33671616503497176,0.6818497979730275,0.44531083098871327,0.272753929576121,0.20620043904324978,0.2911918515828776,0.22985377979775165
75395,Struggle (Remix),Hip-Hop,../data/raw/fma_small/075/075395.mp3,0.4132187643,0.6619981846,0.5518112646473043,0.37748839345290774,0.6255213085832146,0.47883057848435,0.26000100074827187,0.21840750543945522,0.2798896795647686,0.24170181424750428
75396,Something Sacred,Hip-Hop,../data/raw/fma_small/075/075396.mp3,0.8328273792,0.8189601577,0.8259228727445285,0.6026511710953317,0.5910340197675381,0.17424423899393268,0.32136501475389245,0.2570590674866366,0.2540900525384389,0.16748586522103207
75398,Pulse,Hip-Hop,../data/raw/fma_small/075/075398.mp3,0.097767236,0.6946126277,0.4960066204171969,0.22673760119946856,0.8051430503318582,0.6735300318454175,0.23145780312730965,0.1768193450261039,0.3153029778232017,0.2764198740233847
75399,Eleven 11,Hip-Hop,../data/raw/fma_small/075/075399.mp3,0.1266943574,0.8694781483,0.6213065710936091,0.1286223424763282,0.8713939969291147,0.624379171324683,0.256528708605947,0.15673498008931933,0.3294181803608876,0.25731813094384615
75401,Big Plans (Remix),Hip-Hop,../data/raw/fma_small/075/075401.mp3,0.7970292456,0.866744933,0.8326170780205266,0.5714072677271788,0.6294616374422192,0.17168873000706775,0.3223059124894958,0.24821401135163426,0.2630504115618581,0.16642966459701178
75403,Evolution (Remix),Hip-Hop,../data/raw/fma_small/075/075403.mp3,0.2810244006,0.767306162,0.5778120195945041,0.25799334872798513,0.7435336773730425,0.534355843411373,0.2587991866808223,0.18796085989367267,0.3054463281005066,0.2477936253249985
75746,Age of Feminine,Hip-Hop,../data/raw/fma_small/075/075746.mp3,0.2280026638,0.7135767169,0.5297060248862941,0.258866289618481,0.7433611565052611,0.5822448729708483,0.24661655658448203,0.1881039983592833,0.3053595270260391,0.25991991803019554
75748,Yesterday,Hip-Hop,../data/raw/fma_small/075/075748.mp3,0.7009891313,0.6114550811,0.6577473216987417,0.5667243228430099,0.481292434910282,0.34668043902399237,0.287034795172099,0.26206182444506726,0.24060306902062753,0.21030031136220623
75751,Hawk,Hip-Hop,../data/raw/fma_small/075/075751.mp3,0.3325682163,0.6822602039,0.5366938626063433,0.32523852517701,0.6748867207608373,0.5226967399547432,0.2535688046921434,0.20523996749093315,0.29114693274481435,0.2500442950721091
75754,Struggle,Hip-Hop,../data/raw/fma_small/075/075754.mp3,0.5702112898,0.7861957288,0.6867476388742602,0.4306118794220282,0.6335700669218609,0.3394337945746878,0.2916444985527776,0.2257435973895564,0.2765407029451661,0.20607120111249994
75903,D.E.S.,Rock,../data/raw/fma_small/075/075903.mp3,0.401740937,0.6634161991,0.5484144571808482,0.370597109736388,0.6316783040796671,0.48538776328309347,0.25887673811065826,0.21670450259577453,0.2813546239704101,0.24306413532315713
76437,Southside,Folk,../data/raw/fma_small/076/076437.mp3,0.3176006441,0.2427195242,0.28265078857187825,0.5806650877057312,0.5121433629173618,0.7208129438212834,0.19398646679874787,0.26133489227292717,0.24402751179768112,0.30065112913064385
76440,Imaginary Blues,Folk,../data/raw/fma_small/076/076440.mp3,0.7238570786,0.4062231173,0.5869353845476758,0.6620196585707467,0.3473270318217804,0.4630474594835049,0.26678121572115526,0.28758347897511294,0.20993974332469287,0.2356955619790389
77572,The Watchers,Pop,../data/raw/fma_small/077/077572.mp3,0.5197082138,0.4138252851,0.4697595097915968,0.5539392673747199,0.4482920735855603,0.5358549226606408,0.24184297417484132,0.2630826933361217,0.23670655568173551,0.2583677768073015
78998,Now Dance,Hip-Hop,../data/raw/fma_small/078/078998.mp3,0.7164029552,0.6668766045,0.6920829429514725,0.5586610738402769,0.5124215498243329,0.3093529379598185,0.2947551907396048,0.25793904074013574,0.2462836096893705,0.201022158830889
79605,Trolls in Dub,Electronic,../data/raw/fma_small/079/079605.mp3,0.6589545065,0.6016103627,0.6309342557448772,0.5444884501735019,0.4890025854454576,0.3708276767884809,0.2812278807240271,0.2579380651486718,0.24401596020051258,0.21681809392678864
81543,GUI,Instrumental,../data/raw/fma_small/081/081543.mp3,0.966441655,0.8453781549,0.907929980037356,0.6920684169579143,0.5982434234077577,0.11187957253508661,0.3343776080790214,0.2694571432204878,0.24532512235837425,0.15084012634211652
81782,Love Sprouts,Instrumental,../data/raw/fma_small/081/081782.mp3,0.3095890297,0.3121878385,0.3108911496150136,0.5333530429358632,0.5357837970757838,0.6891127909921168,0.2015713317731172,0.251792469854713,0.2524052599124722,0.29423093845969767
82462,Stand Up,Rock,../data/raw/fma_small/082/082462.mp3,0.8619958069,0.4226622328,0.6788520214850448,0.7336060484172222,0.31439507021315033,0.4197404285678611,0.2838819171727731,0.299859008952742,0.1971769237551512,0.21908215011933382
82464,Not Too Soon,Rock,../data/raw/fma_small/082/082464.mp3,0.7889522271,0.9068678317,0.849957316816059,0.5617469258564347,0.6583883453624879,0.16311769250806224,0.32484087886459956,0.24350197855730554,0.26820898931352577,0.1634481532645691
82507,Time Lines,Folk,../data/raw/fma_small/082/082507.mp3,0.4975793929,0.5496220467,0.5242469105571483,0.47456588217940265,0.5265505012140002,0.47710940425516113,0.25589876414757645,0.24349609010773562,0.25648892963864484,0.24411621610604312
82892,Warm Hand in Farmland,Folk,../data/raw/fma_small/082/082892.mp3,0.6380963342,0.7928114833,0.7196238530551305,0.4743911957297607,0.6162484528872361,0.2948739940820691,0.299558674332383,0.23441138999787123,0.27013853116859543,0.19589140450115042
82893,Double Dolphins On The Nickel,Folk,../data/raw/fma_small/082/082893.mp3,0.3734049903,0.4523912104,0.4147825297840545,0.4686718858797272,0.5464792372213788,0.5884287096276489,0.22801040922466093,0.24063484981541836,0.2601056747648224,0.27124906619509825
83439,Lying To You,Folk,../data/raw/fma_small/083/083439.mp3,0.0520506718,0.1826781107,0.13431411795442944,0.5791046292181373,0.6826343168064994,0.8850488685840326,0.15602904040772697,0.24343078647168673,0.2699839047640289,0.3305562683565575
83440,You,Folk,../data/raw/fma_small/083/083440.mp3,0.1377847316,0.1510787862,0.14458463248518036,0.6081331513335502,0.6189668685405338,0.8555940615448862,0.1604422640367571,0.2550558832309733,0.2578341086228173,0.3266677441094524
83715,J6 On The Rising Sun,Hip-Hop,../data/raw/fma_small/083/083715.mp3,0.2317466699,0.8836361971,0.645956441192086,0.18336719122445216,0.8279571571147535,0.549433214246777,0.26757606359759345,0.16847959185104577,0.32098827363687427,0.2429560709144866
83717,Ninety Six,Hip-Hop,../data/raw/fma_small/083/083717.mp3,0.3161197311,0.9607638689,0.715191895988214,0.22524559748686845,0.8338943080434212,0.4843716012393959,0.28307952817602344,0.1734313038847647,0.31875739254764524,0.22473177539156652
83719,Running Woman,Hip-Hop,../data/raw/fma_small/083/083719.mp3,0.6423651989,0.8920519359,0.7772997186094865,0.4605897487465251,0.679580498285808,0.2641547231271611,0.30920928642684725,0.2252719592586209,0.28042298659199083,0.18509576772254102
84290,Slipping Away,Rock,../data/raw/fma_small/084/084290.mp3,0.6163489889,0.7055380843,0.6624462485801267,0.48300822762959544,0.5678785463088767,0.3419765475261178,0.28807535700348313,0.24075602617870503,0.26208120537055746,0.2090874114472545
84291,I Like It Small,Rock,../data/raw/fma_small/084/084291.mp3,0.6452758423,0.8616213348,0.7611741710142653,0.46665274436057275,0.6588704548841556,0.2692377044903891,0.3068346316369642,0.22855743070726436,0.2769965987317327,0.18761133892403878
85419,Something Strange Happens,Pop,../data/raw/fma_small/085/085419.mp3,0.9498342531,0.913252164,0.9317227654760608,0.6744294979509413,0.6467403332144662,0.07085827126284466,0.33921701536716803,0.26226273283159895,0.2551005123634907,0.14341973943774228
85420,The Words Don't Work,Pop,../data/raw/fma_small/085/085420.mp3,0.5627372985,0.8795752913,0.7383515288087911,0.4069246721375824,0.6945687018533724,0.32070296271515636,0.29997113302773426,0.21534887557751078,0.2871209110305614,0.19755908036419353
85421,Your New Heroes,Pop,../data/raw/fma_small/085/085421.mp3,0.486748426,0.8233393571,0.6763178717006222,0.3661509340171883,0.6860447781170405,0.38382037528205737,0.2865743356835607,0.21015198902444782,0.2893754182774302,0.21389825701456125
85422,Bicentennial Bridge,Pop,../data/raw/fma_small/085/085422.mp3,0.7376941804,0.7731319156,0.7556208251217515,0.5457388714006696,0.5772942498914022,0.24522792532188625,0.3079188628247583,0.24962364464600978,0.25762621121159707,0.18483128131763502
85423,All At Once,Pop,../data/raw/fma_small/085/085423.mp3,0.8019649031,0.8242351811,0.8131762845678489,0.580534657607598,0.5994086808543659,0.1872313691227276,0.3190067983045473,0.2527929532032472,0.25760948395392297,0.17059076453828262
85424,Grey Holiday,Pop,../data/raw/fma_small/085/085424.mp3,0.5677945866,0.7957428065,0.691229812243642,0.4266800286331441,0.6403155993214444,0.33802553192677715,0.29236814040431414,0.22440758613506043,0.27785504311925435,0.2053692303413711
85426,Watch Her Fly,Pop,../data/raw/fma_small/085/085426.mp3,0.1391957555,0.7132268314,0.513842374361097,0.22540442384534048,0.7904670962089756,0.6415694808740904,0.23784903023726334,0.17825198497752745,0.3136447159742068,0.27025426881100256
85428,Yonder,Pop,../data/raw/fma_small/085/085428.mp3,0.2309614615,0.8151013001,0.5990548080613852,0.20920172791223096,0.7924046955700497,0.5592887460529338,0.2596405964743845,0.17581727989286997,0.31502381558026643,0.2495183080524791
85436,Albion Source,Folk,../data/raw/fma_small/085/085436.mp3,0.0635209862,0.4019496017,0.2877484995569996,0.42526415002596285,0.7206096119240323,0.7857026225597726,0.18746133412915003,0.21509682092336485,0.28900203179891193,0.30843981314857316
85438,Crows In The Basillica,Folk,../data/raw/fma_small/085/085438.mp3,0.0477595367,0.4316735307,0.30710178317033787,0.4032839874411098,0.7392915314856523,0.7841418480264915,0.1903715744666351,0.2095914210941556,0.2932916673996896,0.30674533703951967
85950,Boat,Pop,../data/raw/fma_small/085/085950.mp3,0.1493581922,0.3880426759,0.29401104392257493,0.4454209447797019,0.6611235147447428,0.7409734312702732,0.19340155565380288,0.22501757889065443,0.2791868015877038,0.3023940638678389
85951,Plead the 5th Dimension,Pop,../data/raw/fma_small/085/085951.mp3,0.0491995946,0.4146974981,0.2952919022249034,0.4153309637140023,0.733483273783119,0.7894936445720142,0.1880890148012408,0.2120780559279431,0.2915194435600391,0.308313485710777
85952,Crying Time,Pop,../data/raw/fma_small/085/085952.mp3,0.6930895429,0.7247695544,0.709106487582262,0.5273162773243898,0.5565451175163184,0.2915011379587612,0.2984268831404741,0.24882124447155826,0.25620133114087923,0.19655054124708843
85953,All I Am,Pop,../data/raw/fma_small/085/085953.mp3,0.242641601,0.7054758482,0.5275277807515698,0.26983274683528746,0.7318770104769492,0.5746025672277111,0.24705035655023388,0.19092814529210056,0.30306321625317895,0.25895828190448666
85954,300 Days In July,Pop,../data/raw/fma_small/085/085954.mp3,0.1752945171,0.3337299134,0.2665556441189097,0.487157056822178,0.6290925164962995,0.7496849210912854,0.18850368666578388,0.23503136593673046,0.2708741811803367,0.3055907662171491
85955,Feels All Over,Pop,../data/raw/fma_small/085/085955.mp3,0.035229231,0.5631817069,0.3990079784312895,0.3098800734991271,0.7899228670267904,0.7488634247657073,0.20781709467687604,0.19009623337738613,0.30722280358072146,0.2948638683650163
85956,My Regeneration,Pop,../data/raw/fma_small/085/085956.mp3,0.2295527239,0.5940475086,0.45032593503138185,0.32976649187248896,0.6879249405726531,0.6157866637577403,0.2307038403797652,0.20450151188207363,0.2925787371315163,0.2722159106066448
85957,Waiting,Pop,../data/raw/fma_small/085/085957.mp3,0.0399377371,0.4397747332,0.3122473689287068,0.39714441479504653,0.7466998609233162,0.7859936062735497,0.19088625822564484,0.20779973218572512,0.29475079481425925,0.3065632147743708
85968,Meet Me,Folk,../data/raw/fma_small/085/085968.mp3,0.3242421998,0.6074630881,0.48690060974244603,0.3600126604267768,0.6425184853119525,0.5526001410310766,0.24288836157350238,0.21394392994047426,0.2837858192164144,0.259381889269609
86678,Blood Money,Hip-Hop,../data/raw/fma_small/086/086678.mp3,0.2078538034,0.4905957075,0.37675413189855755,0.38903466221229654,0.6588549707656729,0.665953575711277,0.21396659716958277,0.21661042100514338,0.28370096795727245,0.28572201386800133
86679,Welcome To Warp Street,Hip-Hop,../data/raw/fma_small/086/086679.mp3,0.6229526267,0.8791441733,0.7618938418702995,0.44870709040518286,0.6764093432085966,0.27997397429026327,0.3061120830094314,0.22380263456409766,0.2810315162645053,0.18905376616196576
86680,Rear View Window,Hip-Hop,../data/raw/fma_small/086/086680.mp3,0.8530693787,0.9195109554,0.886912555434927,0.6058901926819019,0.658440963403791,0.11846327231725619,0.33173085423891835,0.2504605936524124,0.2639744631838318,0.15383408892483746
86795,Pegasus,Rock,../data/raw/fma_small/086/086795.mp3,0.3881877321,0.6025989143,0.506860516744242,0.392821421429942,0.6072230655486006,0.5158691084318192,0.24957297852833613,0.22267476995488417,0.27592081443685657,0.2518314370799232
86799,Marktversagen,Rock,../data/raw/fma_small/086/086799.mp3,0.4019824171,0.7868235093,0.6247723979357305,0.32174064076886955,0.6988262531719617,0.4489260772358438,0.27365865919146803,0.20211761960788407,0.29469337695442044,0.2295303442462273
87185,All Those I Know,Pop,../data/raw/fma_small/087/087185.mp3,0.2263330883,0.8459799212,0.6192369069802662,0.19358312366135358,0.8106301614586561,0.5578004459181499,0.26283345022102284,0.17172026372457116,0.318274372358269,0.247171913696137
87186,You Make It So Good,Pop,../data/raw/fma_small/087/087186.mp3,0.5237361336,0.8061841467,0.6797912973952682,0.3948823385697847,0.6621027672607493,0.3635875791530041,0.2887285575867667,0.21714775942149786,0.2836662779298727,0.21045740506186275
87187,Should We All Wake Up,Pop,../data/raw/fma_small/087/087187.mp3,0.3619044425,0.1962177704,0.29109812685929715,0.6233140051859828,0.4720526209661286,0.7256830620601471,0.1946761394476016,0.2713890045733256,0.23329222414762346,0.30064263183144946
87188,Grandpa's Pink Wine,Pop,../data/raw/fma_small/087/087188.mp3,0.2076175556,0.6854929382,0.506461063515937,0.2664767732048969,0.740867905403989,0.6028203008009054,0.24085048228949038,0.18946267609656153,0.3044732326607015,0.2652136089532465
87189,Vegetable Gardeners,Pop,../data/raw/fma_small/087/087189.mp3,0.13333972,0.3117230737,0.23974022983914697,0.4957341062538737,0.6512569829209719,0.7825679421643381,0.18110312377586033,0.23393902162593558,0.27330362775055544,0.3116542268476487
87190,I Hear Trumpets,Pop,../data/raw/fma_small/087/087190.mp3,0.4855112923,0.7167950964,0.6121749852672442,0.39744573992804433,0.6238965621695239,0.4152731918712676,0.2747387345078681,0.22164817875635964,0.2779780535874208,0.22563503314835154
87191,Pontoon Boats,Pop,../data/raw/fma_small/087/087191.mp3,0.0951548283,0.2556605273,0.19289472072625072,0.5306108234705152,0.6648710739564914,0.8284883932102236,0.16969156828525364,0.2378638824891042,0.27204264530951994,0.3204019039161223
87192,"Gentle, Polite",Pop,../data/raw/fma_small/087/087192.mp3,0.5092398439,0.8458072466,0.6981099902652766,0.3762317263445293,0.6914605661989588,0.3637450590842229,0.29120969796729496,0.21106483376485444,0.289279744842705,0.20844572342514556
87194,Birthdays Are Important,Pop,../data/raw/fma_small/087/087194.mp3,0.0488853048,0.4071576334,0.2899716464253683,0.42062563204188924,0.7315724509101192,0.792490137181933,0.18699813252544034,0.21309809847918793,0.29081852139029707,0.3090852476050746
87322,The Truth,Pop,../data/raw/fma_small/087/087322.mp3,0.5743880483,0.4937886486,0.5356065998081508,0.5413739753239424,0.4609624512452708,0.46765129408358175,0.258520850236934,0.2600161448769775,0.23992639785174585,0.24153660703434274
87323,Sentimental Seek,Pop,../data/raw/fma_small/087/087323.mp3,0.718219472,0.369059126,0.5709832959219746,0.6759902353007189,0.3283328375626192,0.4886136778907456,0.26204108129221243,0.29105382906608923,0.2055832028278356,0.24132188681386277
87324,Harmony To My Heartbeat,Pop,../data/raw/fma_small/087/087324.mp3,0.4435847844,0.4395127077,0.44155344024306953,0.5054272775488972,0.5013827442089427,0.5584549654990005,0.2352043551064462,0.25071794188813235,0.2497059527047675,0.264371750300654
87325,On The Borderline,Pop,../data/raw/fma_small/087/087325.mp3,0.44183938,0.4400021292,0.4409217115426035,0.5043905495840093,0.5025659913978053,0.5590800000980709,0.2350434529670798,0.25044497640701713,0.24998844158894068,0.26452312903696246
87361,Echo of Suggestion,Rock,../data/raw/fma_small/087/087361.mp3,0.3822107775,0.7491975646,0.5947192906068062,0.32325449729255556,0.6866441998006412,0.4714686548646292,0.26719488029062,0.20367253582826852,0.29292107088551794,0.23621151299559354
87363,Treat Her Like a Sailor,Rock,../data/raw/fma_small/087/087363.mp3,0.4141126502,0.4457297335,0.43021173995002077,0.4892365559632929,0.5205472994751046,0.5702979550119607,0.23224940741316963,0.2463705349190676,0.25420661613839246,0.2671734415293702
87490,Step Up To The Plate (Be A Runaway),Rock,../data/raw/fma_small/087/087490.mp3,0.8569467716,0.9253739251,0.8918168731894017,0.6082461756602514,0.6621106884089106,0.11409048428910049,0.33252348396540443,0.25042007019255197,0.26427871933579755,0.1527777265062462
88846,Stickybee,Folk,../data/raw/fma_small/088/088846.mp3,0.3791352286,0.8760369209,0.6749756322807242,0.28205528407169317,0.759247571990035,0.4476828728829857,0.2809229654793858,0.1896461826122474,0.3056230339292732,0.22380781797909371
88848,Gravity,Folk,../data/raw/fma_small/088/088848.mp3,0.0644344294,0.2883275704,0.20890737606038537,0.5052867714203838,0.6922484108847309,0.8311920908986292,0.17153708628157355,0.23071400851733437,0.2781444337376203,0.31960447146347176
88854,Methylchloroisothiazolinone,Folk,../data/raw/fma_small/088/088854.mp3,0.6838376832,0.436234314,0.5735566029937211,0.626684021527354,0.3809586508240718,0.4570505219750843,0.26529405544031603,0.2797695622865884,0.21881812422610844,0.2361182580469872
88856,Nincompoop,Folk,../data/raw/fma_small/088/088856.mp3,0.6234010228,0.7987886613,0.7164817376072931,0.4632034315770621,0.6244558091048286,0.30192117551567343,0.29859982009648955,0.2317886526661538,0.2723473719121932,0.19726415532516345
88858,The Vagabond,Folk,../data/raw/fma_small/088/088858.mp3,0.0756412176,0.4669210364,0.33446737362025364,0.3807195655813217,0.7322753624262053,0.754523803479009,0.19770878715802248,0.2070680261617981,0.29430103290215676,0.3009221537780228
88860,The Raven and the Swan,Folk,../data/raw/fma_small/088/088860.mp3,0.4333369221,0.4720102341,0.4530863875411831,0.48298761938078616,0.5214885928523452,0.547667890582531,0.2380755451616903,0.2453017957316953,0.2549303180489791,0.2616923410576352
88861,Cien Volando,Folk,../data/raw/fma_small/088/088861.mp3,0.2122620613,0.3834375637,0.309902846004612,0.4610880721312992,0.6194979521045717,0.707347261931336,0.19943749212248224,0.23198810311308182,0.27180800977120867,0.29676639499322716
88863,Gallows Hill,Folk,../data/raw/fma_small/088/088863.mp3,0.3132132335,0.7114908761,0.5496916392001386,0.3011146328336362,0.6992479279243775,0.5267416716062395,0.2551970875119525,0.19903070961032,0.2963651851630536,0.2494070177146739
88864,Insomnia,Folk,../data/raw/fma_small/088/088864.mp3,0.1547234851,0.4346989015,0.3262686713483204,0.41443014417800045,0.6721069563718249,0.7190471885094873,0.20054432359930074,0.21902738342674608,0.28340403717947393,0.2970242557944792
88867,Omaha,Folk,../data/raw/fma_small/088/088867.mp3,0.4108498626,0.6287976126,0.5311233600633183,0.39152830166534486,0.6092964475564823,0.49238658430642607,0.2555568245095125,0.22226041426751625,0.27633609973860596,0.2458466614843652
88868,But It Did,Folk,../data/raw/fma_small/088/088868.mp3,0.276291825,0.4906758925,0.3981833773793816,0.40972443119888646,0.6182703106419158,0.6257653589974849,0.22156474911751575,0.2241366525020856,0.2761106803527228,0.27818791802767584
89447,One Way Ticket (Featuring Tab & D Spliff),Hip-Hop,../data/raw/fma_small/089/089447.mp3,0.6533022203,0.8743858368,0.7718012641364829,0.47041615036334894,0.6651127506090024,0.2607472611987957,0.3087886120826016,0.22843959610243852,0.27754093226659027,0.18523085954836968
89482,Great Lakes,Folk,../data/raw/fma_small/089/089482.mp3,0.5862745277,0.4643941103,0.5288571222509849,0.5615120171960644,0.43979009544962844,0.4785616133326964,0.2564808515826201,0.264994455750177,0.2346246451104366,0.2439000475567663
89841,You Dress Like an Asshole (prod. by Lunice),Hip-Hop,../data/raw/fma_small/089/089841.mp3,0.7100934944,0.5526616127,0.636265521988017,0.59344098423574,0.44129391574174665,0.3769332929984877,0.2814915784694955,0.26969130571531885,0.23162760339935531,0.21718951241583032
89843,To the Last Drop (prod. by Waes One),Hip-Hop,../data/raw/fma_small/089/089843.mp3,0.3382369228,0.8970613125,0.6779097337881481,0.2500005893287412,0.7882415139820523,0.4735645382254861,0.2790412101202902,0.18189877171615426,0.3115909461683518,0.22746907199520364
89846,Fly as Fuck feat. Isaiah Toothtaker (prod. by Young L),Hip-Hop,../data/raw/fma_small/089/089846.mp3,0.5892826144,0.8648356753,0.7399982246281764,0.42750637089153776,0.6769894814935111,0.30574349175878307,0.30135875866135714,0.22048057384211292,0.2829563657477147,0.19520430174881528
89847,Boostin feat. Waes One (prod. by Eric Steuer),Hip-Hop,../data/raw/fma_small/089/089847.mp3,0.8658329499,0.7475426063,0.8088530909152578,0.6377309122060545,0.5370385207628652,0.20215777621245823,0.3174740653426947,0.2675413014407321,0.2419138233514906,0.1730708098650827
89848,Not the 1s (prod. by Mexicans with Guns),Hip-Hop,../data/raw/fma_small/089/089848.mp3,0.8755534348,0.8748142274,0.8751839091446828,0.6254059860808564,0.6248147245590234,0.12481671613116718,0.3300678395372788,0.25711418468897135,0.25696220789828905,0.1558557678754608
89857,Silverstein Status (prod. by Monster Rally),Hip-Hop,../data/raw/fma_small/089/089857.mp3,0.5570978037,0.9109790678,0.7550631843948957,0.3989252368910248,0.7162559659287735,0.31944254714824755,0.30219010388517625,0.21164669573037453,0.29068758050491733,0.19547561987953183
89859,Your Dad Hate Me (prod. by Daedelus),Hip-Hop,../data/raw/fma_small/089/089859.mp3,0.7628496026,0.9309534272,0.8510622185840478,0.5416211523760882,0.6793064825991297,0.17465357168177753,0.3242035888208315,0.2379190792739393,0.2730393551980291,0.16483797670720007
89860,Speedin on You Slowpokes (prod. by dÉbruit),Hip-Hop,../data/raw/fma_small/089/089860.mp3,0.7531856547,0.5380348641,0.6545113235968394,0.6247801282183089,0.4185682955223514,0.3703573327429694,0.28464217414622706,0.2763039883673406,0.22481769605908933,0.21423614142734312
91205,Picture it all,Rock,../data/raw/fma_small/091/091205.mp3,0.7136986122,0.4420790327,0.5936327063973031,0.6405628442273145,0.3724260703879185,0.4434209571102688,0.2695326567956504,0.2824833741623522,0.21604417971616563,0.23193978932583184
91933,Noise Of Welcome,Folk,../data/raw/fma_small/091/091933.mp3,0.0866397322,0.7618713405,0.5421966353044597,0.17918105601730702,0.8410335659980981,0.6674324824545755,0.23939016377688924,0.1665139560473867,0.322767301886174,0.27132857828955015
91934,Hold Fast,Folk,../data/raw/fma_small/091/091934.mp3,0.1748991323,0.407892619,0.31382008787996035,0.4365666370177478,0.6508332468896976,0.718116492121568,0.19882283765606443,0.22478866953118373,0.2785025802622474,0.2978859125505044
91936,Morning Glory Kid,Folk,../data/raw/fma_small/091/091936.mp3,0.4618288163,0.4793031685,0.4706470986308098,0.49214380312018485,0.5095879464328009,0.5295060968955875,0.24259690766472386,0.24786839854121154,0.25223018360353505,0.2573045101905295
91938,Blood Rushes On,Folk,../data/raw/fma_small/091/091938.mp3,0.362731639,0.5509504187,0.46643359966737585,0.4081787405030617,0.5956749649755861,0.5512515262551804,0.2398143015343074,0.22624308556549294,0.2729002231872011,0.2610423897129986
93704,Don't Love You,Folk,../data/raw/fma_small/093/093704.mp3,0.2351068562,0.1979570164,0.2173271890195027,0.5909941545287217,0.5586808130651335,0.7836882253084568,0.17788062004999325,0.25846999583022195,0.2502514657845115,0.31339791833527336
93710,Palm Tree,Folk,../data/raw/fma_small/093/093710.mp3,0.2893568108,0.2881696534,0.2887638421764601,0.543336822927097,0.5422432532992103,0.7112370155922085,0.19591932083946315,0.25271842565408015,0.2524422115166002,0.29892004198985644
93712,Bird Song,Folk,../data/raw/fma_small/093/093712.mp3,0.2671895142,0.2518033756,0.25961045477983613,0.561777725289098,0.5479124693151209,0.7405435155552935,0.1885180918437809,0.25502491614122647,0.2515133311684163,0.30494366084657637
93716,Let Me Go,Folk,../data/raw/fma_small/093/093716.mp3,0.1750448932,0.1202440929,0.15016550288389013,0.634275638312218,0.5894953647454504,0.8527958091808212,0.1614607975583435,0.26200733748796456,0.2505333976227581,0.32599846733093374
95908,pyogenic ulcer,Hip-Hop,../data/raw/fma_small/095/095908.mp3,0.3913645374,0.9695509221,0.7393223896512523,0.27757282601082933,0.8094646739911743,0.43090850112249834,0.29091314115129135,0.1833276840772715,0.31205112074829855,0.21370805402313858
95910,Murder Rap,Hip-Hop,../data/raw/fma_small/095/095910.mp3,0.1211945249,0.9355701395,0.6670755574857267,0.09705493235736704,0.9076316843824332,0.6230771501145689,0.2635445020988561,0.1490380462057729,0.335217095780366,0.252200355915005
95911,blood clot lunch,Hip-Hop,../data/raw/fma_small/095/095911.mp3,0.1767681242,0.9477925121,0.6817468796136933,0.13033148415869292,0.8876996584785912,0.5832822400545105,0.2694650290319327,0.15524790464461746,0.3310903829548282,0.2441966833686217
95912,blood fart,Hip-Hop,../data/raw/fma_small/095/095912.mp3,0.0841666438,0.9909040083,0.7031979726910348,0.05986134392728978,0.9541073026640039,0.6476239160938865,0.266193091746918,0.13989404651781728,0.34210964470458655,0.2518032170306781
95914,Genital Warfare,Hip-Hop,../data/raw/fma_small/095/095914.mp3,0.2533410471,0.7916090205,0.5877186943949859,0.2319574168707414,0.769462290590869,0.5481452327087657,0.2589904758215978,0.1814590503983678,0.3106089993352245,0.24894147444480993
95915,The Penis Lord,Hip-Hop,../data/raw/fma_small/095/095915.mp3,0.2558524804,0.9865007437,0.7206400658607198,0.1811666658735617,0.8737674885939294,0.5262783298063324,0.2799639307932658,0.16323442802032076,0.32629053593949414,0.2305111052469193
97959,Este som - parte2,Electronic,../data/raw/fma_small/097/097959.mp3,0.3021199572,0.1835719897,0.2499751427051765,0.6155611929536116,0.5102622999698032,0.7594706215980137,0.18507851605642509,0.2667644865785468,0.24010283324344747,0.30805416412158065
97960,Eu sou o fado,Electronic,../data/raw/fma_small/097/097960.mp3,0.4980043531,0.3219469322,0.4193197842098205,0.5948799452240514,0.42169269418590877,0.5965549397413205,0.22788380619949208,0.27161782907477194,0.22842519603725162,0.2720731686884843
97961,Why does my heart...,Electronic,../data/raw/fma_small/097/097961.mp3,0.5567363942,0.2137143197,0.4216806985573631,0.6812490674018026,0.3479629539704274,0.6382506542384627,0.22385816678801895,0.2902031039150357,0.20794942950066456,0.2779892997962808
97962,Breacking down,Electronic,../data/raw/fma_small/097/097962.mp3,0.269770221,0.2319799672,0.2515856487565436,0.5756000099550476,0.5417795840194156,0.7493631632661503,0.1864136185585291,0.2577479892538064,0.24917660342842748,0.30666178875923716
98202,La Terre [Intro],Electronic,../data/raw/fma_small/098/098202.mp3,0.1640590236,0.4091955387,0.311734143234719,0.4335696453377291,0.6581178864445824,0.7238256791232845,0.19788320280806182,0.22352258802579747,0.2797959856863659,0.2987982234797748
98203,A Message From Space,Electronic,../data/raw/fma_small/098/098203.mp3,0.3115100964,0.3287106565,0.3202258857867351,0.5232914689041845,0.5394761547352201,0.6799440160983102,0.2039475628269473,0.24986693070038787,0.25394385131965774,0.2922416551530071
98613,Listen To The Old Man,Hip-Hop,../data/raw/fma_small/098/098613.mp3,0.3830144278,0.7212693801,0.5774640986991311,0.3349558257239301,0.6711559859573628,0.4787285007041045,0.26393157585582994,0.20709582610967273,0.2898552830458287,0.23911731498866864
98669,Bir Dimrt,International,../data/raw/fma_small/098/098669.mp3,0.4742974079,0.0125203583,0.3354957455114888,0.7746205761250534,0.37183327897904683,0.7910370592180304,0.19359654038961946,0.3003357860058487,0.20076073748825662,0.30530693611627524
99041,Optimus Primal,Electronic,../data/raw/fma_small/099/099041.mp3,0.8555972683,0.8406135579,0.8481385026184458,0.6154066636979644,0.6031099827758278,0.1520792340323274,0.3253519810871202,0.2577978565545481,0.2546472095209692,0.1622029528373625
99096,1Nation (One Fam),Hip-Hop,../data/raw/fma_small/099/099096.mp3,0.682846215,0.632282407,0.6580501483707529,0.5484045867521258,0.5001837490070723,0.3433676976227815,0.28734507335148934,0.25750477872170513,0.24538230927371424,0.2097678386530912
99260,Happy end,Rock,../data/raw/fma_small/099/099260.mp3,0.5796121272,0.931162556,0.7755687989126954,0.41272800467969345,0.7224228918347487,0.30121799190433673,0.3061635865685694,0.21299714492312824,0.2903170636466781,0.19052220486162422
99703,HEAVEN,Electronic,../data/raw/fma_small/099/099703.mp3,0.1472287455,0.1816315867,0.16532745807739163,0.587963928905789,0.6165260926305809,0.8357468732782264,0.1652556660806456,0.25217675160424374,0.25948331417331383,0.32308426814179686
100478,So On and Yo!,Hip-Hop,../data/raw/fma_small/100/100478.mp3,0.8093393664,0.8713391132,0.8409108336193901,0.5794755533225348,0.6307072725904291,0.162642400678476,0.32384888361948705,0.2493460568400003,0.26245337242042327,0.16435168712008927
103522,Stupid,Instrumental,../data/raw/fma_small/103/103522.mp3,0.3853949678,0.3909832612,0.38819917036500123,0.509622737593286,0.5150763322771443,0.6118172659153019,0.221485220940437,0.25007964118490283,0.25144719985249203,0.27698793802216815
104065,Despreocupar,Pop,../data/raw/fma_small/104/104065.mp3,0.2554557925,0.6085524559,0.4666871294045532,0.3305214378098072,0.6799566782169745,0.5948013351967715,0.23545483276748566,0.20548096677512576,0.2914267392730131,0.2676374611843756
104066,Hoje Aprendi de Verdade,Pop,../data/raw/fma_small/104/104066.mp3,0.2061876578,0.8966029593,0.6505421649880072,0.16310165274234248,0.8467688295085523,0.5660516684254925,0.26666812579035987,0.16378660613581508,0.32448249015229724,0.24506277792152772
104068,Infinu,Pop,../data/raw/fma_small/104/104068.mp3,0.2167632485,0.8748337697,0.6373070023574923,0.17699278390344814,0.8302993235899285,0.5608593380286119,0.26522664915285044,0.16738064361184332,0.321686368975885,0.24570633825942137
104086,The Best VPN So Far,Rock,../data/raw/fma_small/104/104086.mp3,0.17384325,0.9413265721,0.6768741356087182,0.12973828793401543,0.8856158001391174,0.5856524339196837,0.26856115993865004,0.15539073628515637,0.33090136376400503,0.24514674001218856
105713,Ocean,Folk,../data/raw/fma_small/105/105713.mp3,0.3074649403,0.3476368322,0.3281661596019107,0.50995705319945,0.547930732855775,0.6727490288420093,0.20590757749505353,0.24695800669059123,0.25651624307440524,0.29061817273995016
105715,Neighbors,Folk,../data/raw/fma_small/105/105715.mp3,0.2802685632,0.52386026,0.4201071527155066,0.39067858882043943,0.629461243098199,0.6102140579851714,0.22658983740816882,0.22001878642302553,0.27935841244774134,0.2740329637210643
105717,Hammer,Folk,../data/raw/fma_small/105/105717.mp3,0.2364662582,0.4479577559,0.3581776391248294,0.42465687945568065,0.6259592342709199,0.666233597973741,0.211122902364841,0.2256352325084003,0.2759506470555751,0.28729121807118374
107476,Piano Piano,Rock,../data/raw/fma_small/107/107476.mp3,0.2162497125,0.4183871256,0.3330253181247357,0.43876957154306107,0.628216642578085,0.6901224705891567,0.20474619554130924,0.2275830882941134,0.275052631332763,0.2926180848318144
107506,Operation Cast Lead,Rock,../data/raw/fma_small/107/107506.mp3,0.2196104648,0.8846354898,0.6445186987447912,0.1754105562150664,0.8341426066516917,0.5578157387808979,0.2665739522676941,0.16675798288440594,0.32223323236274765,0.24443483248515238
107613,Ugly,Electronic,../data/raw/fma_small/107/107613.mp3,0.539454847,0.6634962476,0.604664701521047,0.44958108686369014,0.5711081808777887,0.4033215921142047,0.27465165660711377,0.2351961805691004,0.2655882217583847,0.22456394106540103
107616,I Know His Blood,Electronic,../data/raw/fma_small/107/107616.mp3,0.4017604237,0.5270196419,0.468594249324513,0.4388176484600453,0.5637553962491213,0.5392592186509229,0.24132904535046396,0.2342490193593893,0.2654223902745783,0.25899954501556843
107617,La Nina Blanca,Electronic,../data/raw/fma_small/107/107617.mp3,0.119050416,0.5307782336,0.3846417390334213,0.34230254718107866,0.7272543237455894,0.7057766061627819,0.2107100088904743,0.2019749401151364,0.2968109509765525,0.2905041000178368
108290,What's This Magical,Rock,../data/raw/fma_small/108/108290.mp3,0.6964770376,0.5348766421,0.6209562328249242,0.5922077346540837,0.43486734239779556,0.39272504807323105,0.2779475703574025,0.27007076085332804,0.2307520159002086,0.22122965288906074
108297,Battles,Rock,../data/raw/fma_small/108/108297.mp3,0.2594527721,0.4668300393,0.3776546216738344,0.4192767272000761,0.6190074645524132,0.6452442962720454,0.21634338515109164,0.2255380761897844,0.275398663770547,0.2827198748885769
108298,Kilimanjaro,Rock,../data/raw/fma_small/108/108298.mp3,0.5987746152,0.5780824831,0.5885194971600217,0.5179504951609611,0.49757470126352377,0.4117014698024346,0.2715278254977824,0.2530268526734747,0.2479233996926924,0.2275219221360504
108457,Dear Pressure,Pop,../data/raw/fma_small/108/108457.mp3,0.6151533225,0.5655338691,0.5908646914827476,0.5325290738926866,0.4837021409307617,0.410406983421338,0.2719903583904106,0.25657756100378104,0.2443505972667803,0.22708148333902806
108459,Don't You See?,Pop,../data/raw/fma_small/108/108459.mp3,0.2196426008,0.4628798332,0.3622848410225357,0.4103297123469418,0.6415666023373754,0.6698715339785114,0.2113478456705494,0.221749907732396,0.2794398587691186,0.28746238782793604
108460,The Singularity,Pop,../data/raw/fma_small/108/108460.mp3,0.8589508073,0.6565828565,0.7644924907450109,0.6541146015076491,0.47486625601900867,0.26251686537346636,0.30775172430365927,0.2755903375254455,0.23036548968720352,0.18629244848369175
108461,Physics Is Our Business,Pop,../data/raw/fma_small/108/108461.mp3,0.7771252485,0.7271034264,0.7525300806409027,0.5824071564373187,0.5377511262372245,0.24914423005440736,0.30724218666813224,0.2591775619124434,0.24785833765772117,0.18572191376170316
108472,The Inspiration,Instrumental,../data/raw/fma_small/108/108472.mp3,0.3315012678,0.6346101088,0.5062721998807337,0.3488573226579565,0.6517747099819672,0.5387022960523535,0.24728408779222893,0.2112670454474821,0.2860138793433613,0.2554349874169276
108957,Travels,Rock,../data/raw/fma_small/108/108957.mp3,0.28175013,0.8204251122,0.613384259858125,0.23625227626776368,0.7710318542328194,0.5235121851893226,0.26520786782126404,0.1818863318669092,0.31049305058283244,0.24241274972899424
108961,Mr. Person,Rock,../data/raw/fma_small/108/108961.mp3,0.379026401,0.8424266629,0.6532012304871458,0.2902502103529324,0.7400307064642125,0.45301079855774024,0.27739974118645505,0.19296494779124232,0.3025628579800021,0.2270724530423005
108962,Unquietness,Rock,../data/raw/fma_small/108/108962.mp3,0.4565958254,0.7342310114,0.6113816017325735,0.3735725519053656,0.6459037370514953,0.42773896962643826,0.2735445753305724,0.21564974483444163,0.28315281238439605,0.2276528674505899
109235,Sha Na,Rock,../data/raw/fma_small/109/109235.mp3,0.5315749813,0.8804745037,0.7272576271204918,0.38526504189314703,0.7052153393857286,0.3418393938751476,0.2968487913730738,0.21086756955124408,0.29037715179584944,0.2019064872798326
109349,Pride,Rock,../data/raw/fma_small/109/109349.mp3,0.3215041338,0.3355285553,0.3285911741603793,0.5219613054969656,0.5352270788516746,0.6715202682243453,0.20610331810318425,0.25007171046353643,0.25341120662277966,0.29041376481049963
110437,Cado Lake,Folk,../data/raw/fma_small/110/110437.mp3,0.2269555067,0.2940805549,0.2626710631110188,0.5243238812946371,0.5848423554222734,0.7402432207024071,0.1889876090230266,0.24550916300057854,0.2608257981630032,0.3046774298133915
110441,Ponchatoula,Folk,../data/raw/fma_small/110/110441.mp3,0.2067924985,0.4301454093,0.33748200735575296,0.42865918395488567,0.6380451447890412,0.6906201542735836,0.20535525255141382,0.22495909714366533,0.27735674233254914,0.2923289079723717
110546,Two Maps And A Live Shot,Rock,../data/raw/fma_small/110/110546.mp3,0.1080474722,0.9104990648,0.6483374134085138,0.09920855217793567,0.9012735042290116,0.6338729088904511,0.2596800134054541,0.14995290740328626,0.3344161736468505,0.255950905544409
110743,Textbook,Hip-Hop,../data/raw/fma_small/110/110743.mp3,0.8753573564,0.5933671181,0.747775045801174,0.6824957150216754,0.4287308744689936,0.30073750119156734,0.30273957319102857,0.2836081723568271,0.22004427369661933,0.19360798075552496
110744,Textbook Response,Hip-Hop,../data/raw/fma_small/110/110744.mp3,0.7771785486,0.7724473826,0.7748165767746562,0.5726197211455406,0.5684735517548698,0.22519945924623502,0.31175385516864285,0.2546823532347992,0.2536285831217554,0.17993520847480257
110756,Mediaocrity,Hip-Hop,../data/raw/fma_small/110/110756.mp3,0.4268429419,0.8216270786,0.6547006771565985,0.32711756001368786,0.7083713960693985,0.4244560709535307,0.2801010780384862,0.2018585922469801,0.2955450414999318,0.22249528821460188
110980,Time Forward,Rock,../data/raw/fma_small/110/110980.mp3,0.153344075,0.6020192367,0.4392843991621238,0.30158174123648157,0.7345928861262053,0.6615190637065783,0.22402623520975404,0.19520699503228992,0.3009883782183051,0.27977839153965095
110982,This Game Has No Name,Rock,../data/raw/fma_small/110/110982.mp3,0.0962748418,0.453355467,0.327719410946623,0.39248508928518744,0.7149301857602611,0.7468398111450685,0.1976128633227824,0.21083494144696743,0.29105744575911396,0.30049474947113625
110983,Morning Glory,Rock,../data/raw/fma_small/110/110983.mp3,0.0393910538,0.5477528956,0.3883200289436915,0.32099774030174966,0.7819216016192605,0.7507652732238148,0.20601386490009294,0.1926010947143484,0.3053763787598164,0.2960086616257423
111747,We Might Be Dead By Tomorrow,Rock,../data/raw/fma_small/111/111747.mp3,0.0897849285,0.1507513164,0.12407113439894675,0.6038562163222644,0.6523869387802315,0.8802598488463741,0.1552326766369429,0.2508136449177503,0.26328601092870046,0.3306676675166063
111911,"Darling, Applaud",Rock,../data/raw/fma_small/111/111911.mp3,0.4100476773,0.6032644051,0.5157843736096421,0.40344654535624774,0.5966454916949351,0.5027140714759145,0.25220825184875734,0.22540917680689582,0.2734493083779568,0.24893326296639015
112314,Chameleon,Rock,../data/raw/fma_small/112/112314.mp3,0.5710273125,0.8708593775,0.7363654822846669,0.41397433012244866,0.6864450531545332,0.31677663029385555,0.30002668002145805,0.21734376095123142,0.28541691614042525,0.1972126428868852
112315,Digital Lightning,Rock,../data/raw/fma_small/112/112315.mp3,0.0842928514,0.9464059619,0.6718591852155504,0.07063145799502771,0.9311830718814121,0.6486107858018577,0.2616971061488914,0.14344619603359887,0.33917345332296,0.25568324449454977
112316,Hassan,Rock,../data/raw/fma_small/112/112316.mp3,0.5684247477,0.865630272,0.7322644541422868,0.4130144777127084,0.683949181665057,0.31961885285492986,0.2992736009163859,0.21748029131671295,0.2851578640141976,0.19808824375270354
112318,Sky Guide,Rock,../data/raw/fma_small/112/112318.mp3,0.2254915095,0.6200270801,0.46651902475350365,0.312430664879362,0.7015329578551247,0.6100175496303037,0.23384003008171547,0.20044680294473793,0.29579042578047504,0.2699227411930717
113334,Tick Blood,Electronic,../data/raw/fma_small/113/113334.mp3,0.1592891616,0.4415464495,0.3319158809617935,0.4106357297345708,0.6714752344164626,0.7136753750373088,0.20197574448114783,0.21851779702590707,0.2836403228915004,0.2958661356014448
113335,Like a Fish,Electronic,../data/raw/fma_small/113/113335.mp3,0.3544574179,0.3523062024,0.353383447089592,0.5220858725122932,0.5200215791454451,0.6466190844515204,0.21250131567641797,0.25155222075586775,0.2510334787771683,0.28491298479054583
113336,Sloth Step,Electronic,../data/raw/fma_small/113/113336.mp3,0.0345367187,0.2502508615,0.1786312943188498,0.5307148743063713,0.7052463545528098,0.8643619375643674,0.16392259119065558,0.23310241152651648,0.2775522966129544,0.32542270066987355
114198,"From The Outside, Looking In",Rock,../data/raw/fma_small/114/114198.mp3,0.4612348374,0.916444142,0.7254679319713313,0.33145071778284063,0.7517106377581471,0.38551879450781684,0.2930197664924226,0.1975956666144662,0.3008111848195042,0.20857338207360698
114200,Relapse,Rock,../data/raw/fma_small/114/114200.mp3,0.3744777572,0.8753047751,0.6731983511382079,0.2790900300533895,0.7607353434507969,0.45101384421678437,0.2803844766534494,0.18905792906894583,0.3060347888384734,0.22452280543913122
114201,Disenchanted,Rock,../data/raw/fma_small/114/114201.mp3,0.3169268182,0.6665511859,0.521887483811919,0.32529272949074056,0.6748627472008927,0.5374835268727184,0.24984147971078616,0.2052506430363673,0.2911393151939251,0.2537685620589214
114242,Disco Time,Electronic,../data/raw/fma_small/114/114242.mp3,0.6815802001,0.8334573149,0.7613155275339765,0.49612903318021695,0.6308891601258788,0.25409411143184113,0.3079812955854497,0.23624102072943354,0.2703216875310434,0.18545599615407338
114879,Shto Mi E Milo,International,../data/raw/fma_small/114/114879.mp3,0.3775177541,0.1310065237,0.2825618197073577,0.6699512357301338,0.449803765942809,0.7558550814516849,0.19009808214022697,0.2800391953533474,0.22470357900486865,0.305159143501557
114880,Erghen Deda,International,../data/raw/fma_small/114/114880.mp3,0.3735216399,0.2284101314,0.3095881163737963,0.6061638973082076,0.4715115713318977,0.7027894638509282,0.19989080214424437,0.2689020021891049,0.2350256561099431,0.29618153955670756
115339,Whiteout,Electronic,../data/raw/fma_small/115/115339.mp3,0.1492128793,0.5595032785,0.4094559817619257,0.32886307561145023,0.7200286950536223,0.677449661008567,0.21766981508441313,0.20081546439134929,0.29694650899721337,0.2845682115270241
115391,Yaataaru,Electronic,../data/raw/fma_small/115/115391.mp3,0.5860906515,0.933352245,0.779310164511613,0.41709961341520946,0.7219651522138152,0.29644803256408575,0.3069915269481467,0.21370778614477962,0.28988234547205294,0.18941834143502076
115392,Z,Electronic,../data/raw/fma_small/115/115392.mp3,0.9628811585,0.8155934842,0.8922815858415429,0.6932336865963012,0.5773086435624352,0.1330104722640247,0.3314192011459895,0.2716015611263169,0.24187259014797838,0.15510664757971518
115761,Roland Garros 2048,Rock,../data/raw/fma_small/115/115761.mp3,0.1082286001,0.9948774401,0.7076349873697366,0.07661485006033363,0.944732065323162,0.630588007457934,0.26842328000392196,0.14281427362336463,0.3402437306069134,0.2485187157658
115762,Poincare Conjecture,Rock,../data/raw/fma_small/115/115762.mp3,0.2559202149,0.9705584527,0.7097460343326619,0.1821564727121717,0.8647654123234464,0.5265555674864146,0.27852704482558127,0.16433805248689784,0.32523062352863685,0.23190427915888406
115764,Hangovered,Rock,../data/raw/fma_small/115/115764.mp3,0.4159561518,0.8567494079,0.6734385896862702,0.3110789709681974,0.7331871400117657,0.4252222646788766,0.28266212044820577,0.19674188573670418,0.3000655089544478,0.22053048486064225
115765,To Balagopalan Ganapathy,Rock,../data/raw/fma_small/115/115765.mp3,0.3146355696,0.9958139424,0.7384581740138526,0.22250063453364233,0.8548010909959541,0.4846348757238519,0.2860298460343251,0.17073943503526257,0.3213205037706877,0.22191021515972462
115766,The Call of the Polar Star,Rock,../data/raw/fma_small/115/115766.mp3,0.1828317995,0.5020092171,0.37778348359990743,0.375114840256796,0.6781508394014428,0.6766678238847194,0.21294522308547342,0.21237770582082943,0.287551599261183,0.2871254718325142
116451,December Mourning,Folk,../data/raw/fma_small/116/116451.mp3,0.2148049003,0.2328644692,0.22401674737471156,0.5633107791480164,0.5791188157920146,0.7762178390145033,0.17961852146986887,0.2521765174947562,0.25619460851471487,0.31201035252066
116452,The Edge of Night,Folk,../data/raw/fma_small/116/116452.mp3,0.2162874424,0.2645461643,0.2416246373880113,0.54206669432173,0.5848888979907961,0.7599663536584287,0.18384929755027274,0.24828032334814626,0.25914315928978554,0.30872721981179546
116454,Tunnels,Folk,../data/raw/fma_small/116/116454.mp3,0.228611826,0.3706394635,0.3079261103662874,0.47347547554790104,0.6051501164548437,0.703965340017043,0.19951774059757751,0.23543915687529166,0.2685741833219775,0.2964689192051533
116455,Montana Skies,Folk,../data/raw/fma_small/116/116455.mp3,0.7394803528,0.2799534339,0.5591087181083899,0.7298281474188338,0.27041117925264674,0.5414506182144472,0.25523919420438446,0.30275398689889005,0.1912351041981899,0.25077171469853554
116456,Canyon Breeze,Folk,../data/raw/fma_small/116/116456.mp3,0.4455535906,0.2601278113,0.36481809186790665,0.6107081372096989,0.4330573282535932,0.6537666542843404,0.21347435500919446,0.2729822442637498,0.22855021483916432,0.2849931858878914
116547,Waiting,Rock,../data/raw/fma_small/116/116547.mp3,0.4913973695,0.4352288284,0.4641634991153204,0.5293570869564118,0.47333960790428053,0.5374212091190466,0.2408134618500443,0.25703601323729613,0.2430333618191789,0.25911716309348065
116549,Charge into 2015,Instrumental,../data/raw/fma_small/116/116549.mp3,0.1051072845,0.1561869427,0.133120062959978,0.601276981483965,0.6423501122148796,0.8697279597451542,0.15748290871039283,0.25150776272692676,0.2620530555888488,0.3289562729738316
117666,Fayah,International,../data/raw/fma_small/117/117666.mp3,0.9033070565,0.8109346461,0.8583643278259023,0.6525754157061183,0.5774792314741831,0.1501586383929117,0.32662157222646365,0.26587155524548556,0.2466368798592795,0.16086999266877128
117667,No Se Queja,International,../data/raw/fma_small/117/117667.mp3,0.9718009752,0.8584981781,0.9169013734313767,0.6944133858879342,0.6073772743528894,0.10202438581214382,0.3359069977550264,0.2689018227273768,0.24648724067484587,0.148703938842751
117668,Pa Viejitos,International,../data/raw/fma_small/117/117668.mp3,0.9508751694,0.95837253,0.9546312099549437,0.6730142769808377,0.6785614029843133,0.04553073269825333,0.34291093801231476,0.25874779544775844,0.26018709035667376,0.13815417618325299
117669,Atento,International,../data/raw/fma_small/117/117669.mp3,0.9639438489,0.9381196653,0.9511194063456833,0.6830142456987005,0.6638405503035838,0.0506419877904198,0.34228928423975846,0.26179220521784585,0.2568204965437894,0.1390980139986063
117670,Chicha Chicha,International,../data/raw/fma_small/117/117670.mp3,0.9631528222,0.9140630104,0.9389287901362209,0.6837574588599875,0.6468650947041954,0.06611686885105537,0.3402193897880503,0.26359645188741976,0.2540489533485691,0.14213520497596097
117883,Cruise Control,Rock,../data/raw/fma_small/117/117883.mp3,0.8507104998,0.9437129823,0.8984159803319189,0.6028584339758074,0.675604006734539,0.11281751466755041,0.3333079230572403,0.2480199558894716,0.26673476708956884,0.1519373539637194
117884,Green Skull,Rock,../data/raw/fma_small/117/117884.mp3,0.7391905742,0.5650206722,0.6578947731208484,0.606469175061464,0.44003972354746873,0.35862833978888614,0.28608389074454466,0.27174374113412586,0.23008068287483177,0.2120916852464977
118629,Black Diamond,Electronic,../data/raw/fma_small/118/118629.mp3,0.2304662432,0.3099580007,0.2731196179814466,0.5144281534153543,0.5866243112302212,0.7308694013476904,0.19151074682824107,0.2437766559609908,0.26202727974431606,0.30268531746645205
118739,Seagull,Folk,../data/raw/fma_small/118/118739.mp3,0.3538147533,0.2357211526,0.3006238026469397,0.5955279322734628,0.48637425653287425,0.7076996289513695,0.19803794453183868,0.26596448398405625,0.23846179415397792,0.297535777330127
118921,Westside Chillers,Electronic,../data/raw/fma_small/118/118921.mp3,0.3048656593,0.5113579756,0.42096914936260693,0.4072555083913254,0.6102043636480133,0.6008255901799431,0.22769963298612547,0.22459835547627788,0.2751351896291499,0.27256682190844683
118922,Modulation of the Spirit,Electronic,../data/raw/fma_small/118/118922.mp3,0.3125928035,0.407510399,0.3631659304595689,0.47368670452796585,0.5650634385151497,0.6417057663342011,0.21451027439804293,0.23957784864779655,0.26250106641797516,0.2834108105361854
118923,Blackout & Blue,Electronic,../data/raw/fma_small/118/118923.mp3,0.3852730593,0.3768123633,0.3810661933038094,0.5180724663394651,0.5098415286920596,0.6189717449763407,0.21964219431667653,0.25189343117667073,0.24982862136852912,0.2786357531381236
120172,Come Back,Folk,../data/raw/fma_small/120/120172.mp3,0.1601552133,0.0402408323,0.11676689798775425,0.6880361009174465,0.594541247657118,0.901797351329933,0.15208042849566636,0.26926034010852906,0.24522689043766355,0.333432340958141
120177,Daniel Bloom,Folk,../data/raw/fma_small/120/120177.mp3,0.5087362565,0.3968862541,0.4562517273233952,0.5579241745843083,0.4465751696921603,0.5500392059531591,0.23833827404250368,0.2638454279065863,0.2360431025865862,0.26177319546432387
120178,Fix This,Folk,../data/raw/fma_small/120/120178.mp3,0.2143033488,0.5307150923,0.4047125118537182,0.3647973751974457,0.6704393100430089,0.6471273260734289,0.22028506860771102,0.21166552940364727,0.2873351407127993,0.28071426127584237
121256,Shake the Dust,Rock,../data/raw/fma_small/121/121256.mp3,0.2699257736,0.7702806127,0.5771447589448621,0.2506301260373998,0.7504467330713905,0.5411928366834902,0.2580414983800497,0.18615986345541688,0.306869443771324,0.24892919439320949
121590,Why You Gotta Lie,Pop,../data/raw/fma_small/121/121590.mp3,0.8717748221,0.9260919941,0.8993435722746899,0.6186492276660502,0.6610930637147847,0.10465201761934903,0.3338914932793277,0.25217460515078666,0.2631082544098643,0.15082564716002128
121591,Everybody Knows,Pop,../data/raw/fma_small/121/121591.mp3,0.8509787489,0.8194003712,0.8353387933653349,0.6151345612961878,0.5889075910540239,0.16556503133528383,0.32302199695605033,0.2591782867891932,0.2524691897867167,0.1653305264680398
121592,Partied Out,Pop,../data/raw/fma_small/121/121592.mp3,0.9379484686,0.7920703238,0.8680791230048451,0.6793313182806022,0.5617943531194141,0.15343588692630228,0.3274888671828352,0.27115924180398343,0.2410897549360033,0.16026213607717818
121593,Don't Go Falling In Love,Pop,../data/raw/fma_small/121/121593.mp3,0.9103493716,0.7764200493,0.8460390272698798,0.6628438627337244,0.5526596276767144,0.17033089785404368,0.32392432524008286,0.26970122167805055,0.24156305222778945,0.16481140085407722
122472,Merry-Go-Round Heart,Rock,../data/raw/fma_small/122/122472.mp3,0.0321467374,0.2194227149,0.156811575688071,0.5524193654912685,0.7017429250585826,0.8792157971566341,0.15951112735805442,0.23691974938290575,0.27507534258037364,0.3284937806786662
122624,We Are;,Instrumental,../data/raw/fma_small/122/122624.mp3,0.2032866252,0.8249775194,0.6007967041772877,0.18968173436124872,0.8109685903598803,0.5767950547207312,0.2581921168513519,0.17115832014296015,0.31858070472854255,0.25206885827714526
122625,Withering Trash Receptacle,Instrumental,../data/raw/fma_small/122/122625.mp3,0.6156419158,0.7758489379,0.7003415391544515,0.4632810524565258,0.6122388060758859,0.31462265933213734,0.29545833109049474,0.2330999493299781,0.27054138533753963,0.20090033424198755
122626,Cosmic Sound Waves Rule,Instrumental,../data/raw/fma_small/122/122626.mp3,0.3222442744,0.6570641992,0.5174817553566115,0.332750909731228,0.6674901442920037,0.537102311973203,0.24919098257104397,0.20715944347950643,0.2895210452933019,0.25412852865614766
122627,Nest,Instrumental,../data/raw/fma_small/122/122627.mp3,0.269336234,0.6204383905,0.478270740978127,0.32909650738919516,0.6777954467800492,0.5822098222941335,0.2385624657672535,0.2055022439662736,0.29124239495934895,0.26469289530712403
122628,Nallikari,Instrumental,../data/raw/fma_small/122/122628.mp3,0.4463261834,0.5726105108,0.5133662722983695,0.4369604315421748,0.563221755735273,0.4945788464274666,0.25259240114606846,0.23401174026003896,0.26550471788709334,0.24789114070679916
122630,The Infinite,Instrumental,../data/raw/fma_small/122/122630.mp3,0.2553611171,0.803406281,0.5961002233168559,0.2278797824257462,0.774580117959663,0.5445806442928406,0.26061018801453517,0.1803330316918971,0.31153311881918255,0.2475236614743853
122631,Miu,Instrumental,../data/raw/fma_small/122/122631.mp3,0.1857325203,0.5834684608,0.4329734482882934,0.32248650533418527,0.7083314807508245,0.6467341229768656,0.2246824249816853,0.2011801987643643,0.2959072300227748,0.2782301462311756
122633,Inside,Instrumental,../data/raw/fma_small/122/122633.mp3,0.1593534783,0.7720315052,0.5574164404050557,0.196676340300106,0.807068528523968,0.6158961799961443,0.24746579936038524,0.17252329795374405,0.31764184554135,0.26236905714452075
122635,Eden Bloom,Instrumental,../data/raw/fma_small/122/122635.mp3,0.1665198098,0.3136893432,0.25112730943992884,0.49937519196145264,0.6297182828428421,0.7634499148906481,0.18480302723814737,0.23687638499252595,0.26985411917578317,0.3084664685935436
122999,Overlooking Eternity,Electronic,../data/raw/fma_small/122/122999.mp3,0.2759446812,0.7289961794,0.5511718863759139,0.27348540899138163,0.72652994923209,0.546671370872102,0.2535036280720557,0.1920376905029915,0.3020933868960509,0.25236529452890194
123000,Incubating In Ice,Electronic,../data/raw/fma_small/123/123000.mp3,0.1172290686,0.5781072404,0.4171034859167008,0.309625705592839,0.7461543066711223,0.6918374151228475,0.21720595280383204,0.19507190113599102,0.30183992146075406,0.2858822245994229
123001,The Rain Dance,Electronic,../data/raw/fma_small/123/123001.mp3,0.1792060698,0.8346522577,0.6036386364112513,0.17241619897339938,0.8277520966862209,0.5920483729125813,0.25710880170154377,0.16704728412156244,0.32169786850680526,0.2541460456700885
123002,You Are Truth,Electronic,../data/raw/fma_small/123/123002.mp3,0.1535740385,0.579432947,0.4238676240114974,0.3165925073105049,0.725320428628032,0.6683238565135559,0.2208955434886923,0.19842571913446566,0.29861130383514445,0.2820674335416974
123427,Don't Wanna Lose,Rock,../data/raw/fma_small/123/123427.mp3,0.6577920458,0.7978537204,0.7311842909533377,0.48659710946216617,0.6138716653641341,0.2810421696773197,0.3021264517469687,0.2365733866224185,0.2686832075598181,0.19261695407079454
123821,...E Você Espera Por Tanto Tempo Que Já Não Lembra Mais o Porquê,Rock,../data/raw/fma_small/123/123821.mp3,0.0370055791,0.3296444484,0.23455796218149003,0.4747346513819412,0.7197304068349017,0.8296791006905823,0.17515651811706678,0.22270692126128233,0.28453390148156454,0.3176026591400862
124180,No Doubt,Instrumental,../data/raw/fma_small/124/124180.mp3,0.8100912157,0.4709520376,0.6625872016096808,0.6841562410275506,0.3590690519063817,0.39746515122328374,0.28351645472613285,0.2896980582887975,0.20929652223526102,0.21748896474980864
124184,Heist,Rock,../data/raw/fma_small/124/124184.mp3,0.1433875398,0.9551085729,0.6829320510112887,0.10624318047990466,0.9071982399114791,0.6065476680348261,0.2674068886673822,0.1502172463731968,0.334634072828628,0.2477417921307929
124185,Wrecking Ball Surprise,Rock,../data/raw/fma_small/124/124185.mp3,0.3190522554,0.9686722588,0.7211519557778794,0.22668895985967313,0.8372621381158116,0.482012063253878,0.28406486815814913,0.17325069076631153,0.31903882486677565,0.22364561620876358
124186,Bloodgod,Rock,../data/raw/fma_small/124/124186.mp3,0.5971839945,0.864541946,0.742987718498914,0.43299977348749447,0.6744232760961185,0.30050758616085127,0.3021485613089999,0.2216126141410642,0.28212616905598437,0.19411265549395168
